-- MySQL dump 10.13  Distrib 8.0.23, for Linux (x86_64)
--
-- Host: localhost    Database: discount_system
-- ------------------------------------------------------
-- Server version	8.0.23-0ubuntu0.20.04.1

/*!40101 SET @OLD_CHARACTER_SET_CLIENT=@@CHARACTER_SET_CLIENT */;
/*!40101 SET @OLD_CHARACTER_SET_RESULTS=@@CHARACTER_SET_RESULTS */;
/*!40101 SET @OLD_COLLATION_CONNECTION=@@COLLATION_CONNECTION */;
/*!50503 SET NAMES utf8mb4 */;
/*!40103 SET @OLD_TIME_ZONE=@@TIME_ZONE */;
/*!40103 SET TIME_ZONE='+00:00' */;
/*!40014 SET @OLD_UNIQUE_CHECKS=@@UNIQUE_CHECKS, UNIQUE_CHECKS=0 */;
/*!40014 SET @OLD_FOREIGN_KEY_CHECKS=@@FOREIGN_KEY_CHECKS, FOREIGN_KEY_CHECKS=0 */;
/*!40101 SET @OLD_SQL_MODE=@@SQL_MODE, SQL_MODE='NO_AUTO_VALUE_ON_ZERO' */;
/*!40111 SET @OLD_SQL_NOTES=@@SQL_NOTES, SQL_NOTES=0 */;

--
-- Table structure for table `action_types`
--

DROP TABLE IF EXISTS `action_types`;
/*!40101 SET @saved_cs_client     = @@character_set_client */;
/*!50503 SET character_set_client = utf8mb4 */;
CREATE TABLE `action_types` (
  `id` int unsigned NOT NULL AUTO_INCREMENT,
  `name` varchar(255) CHARACTER SET utf8mb4 COLLATE utf8mb4_unicode_ci DEFAULT NULL COMMENT 'Название',
  `external_id` varchar(255) NOT NULL,
  `desription` text CHARACTER SET utf8mb4 COLLATE utf8mb4_unicode_ci COMMENT 'Описание',
  `summing` tinyint(1) DEFAULT '1' COMMENT 'Суммируется или нет с другими акциями',
  `client_birthday` tinyint(1) DEFAULT '0' COMMENT 'Действует только в день рождения',
  `shop_birthday` tinyint(1) DEFAULT '0' COMMENT 'Действует только в годовщину открытия магазина',
  `internet` tinyint(1) DEFAULT '0' COMMENT 'Действует только в интернет-магазинах',
  `created_at` datetime DEFAULT CURRENT_TIMESTAMP,
  PRIMARY KEY (`id`),
  KEY `external_id` (`external_id`)
) ENGINE=InnoDB AUTO_INCREMENT=31 DEFAULT CHARSET=utf8mb4 COLLATE=utf8mb4_0900_ai_ci COMMENT='Акции типы';
/*!40101 SET character_set_client = @saved_cs_client */;

--
-- Dumping data for table `action_types`
--

LOCK TABLES `action_types` WRITE;
/*!40000 ALTER TABLE `action_types` DISABLE KEYS */;
INSERT INTO `action_types` VALUES (1,'Camylle','79aa1a54-bb94-11eb-98fb-283926e47295','After a while, finding that nothing more to come, so she went slowly after it: \'I never was so ordered about in all their simple sorrows, and find a pleasure in all directions, \'just like a.',1,0,0,0,'1983-03-31 03:38:34'),(2,'Maggie','79aae9ef-bb94-11eb-98fb-283926e47295','Alice. \'What IS a Caucus-race?\' said Alice; \'I must be shutting up like a snout than a rat-hole: she knelt down and cried. \'Come, there\'s half my plan done now! How puzzling all these changes are!.',1,0,0,0,'2011-12-09 23:31:05'),(3,'Arch','79abbe2a-bb94-11eb-98fb-283926e47295','And it\'ll fetch things when you come to an end! \'I wonder what they\'ll do next! If they had any sense, they\'d take the roof bear?--Mind that loose slate--Oh, it\'s coming down! Heads below!\' (a loud.',1,0,0,0,'1978-02-07 17:50:26'),(4,'Estell','79ac8b9c-bb94-11eb-98fb-283926e47295','Gryphon. \'How the creatures argue. It\'s enough to get out at the mushroom for a minute, nurse! But I\'ve got to do,\' said the Gryphon. \'It\'s all about as she heard her sentence three of the Gryphon,.',1,0,0,0,'2006-07-23 16:50:08'),(5,'Jerrod','79ad542e-bb94-11eb-98fb-283926e47295','I\'d only been the whiting,\' said the Duck. \'Found IT,\' the Mouse with an air of great dismay, and began to cry again, for she felt very curious to see if he were trying to explain the mistake it had.',1,0,0,0,'1991-12-26 15:50:27'),(6,'Rhianna','79ae4104-bb94-11eb-98fb-283926e47295','King added in an agony of terror. \'Oh, there goes his PRECIOUS nose\'; as an explanation. \'Oh, you\'re sure to happen,\' she said this, she was quite out of court! Suppress him! Pinch him! Off with his.',1,0,0,0,'1986-10-06 14:29:27'),(7,'Susanna','79af4d4b-bb94-11eb-98fb-283926e47295','Gryphon replied rather impatiently: \'any shrimp could have told you butter wouldn\'t suit the works!\' he added in an angry tone, \'Why, Mary Ann, what ARE you talking to?\' said one of the way the.',1,0,0,0,'1986-04-05 15:37:20'),(8,'Harvey','79b018e3-bb94-11eb-98fb-283926e47295','Mock Turtle with a bound into the wood. \'If it had come back in their mouths. So they began solemnly dancing round and round Alice, every now and then dipped suddenly down, so suddenly that Alice.',1,0,0,0,'1987-11-01 18:06:43'),(9,'Destiny','79b0e91b-bb94-11eb-98fb-283926e47295','I hadn\'t gone down that rabbit-hole--and yet--and yet--it\'s rather curious, you know, and he called the Queen, tossing her head to hide a smile: some of YOUR business, Two!\' said Seven. \'Yes, it IS.',1,0,0,0,'1990-09-04 12:30:33'),(10,'Stanley','79b1d566-bb94-11eb-98fb-283926e47295','The Queen turned angrily away from him, and very nearly carried it out loud. \'Thinking again?\' the Duchess was sitting on the spot.\' This did not dare to laugh; and, as she could, and soon found.',1,0,0,0,'1994-06-02 12:31:20'),(11,'Shayne','79b2dbfd-bb94-11eb-98fb-283926e47295','Hatter: \'I\'m on the door of which was full of tears, but said nothing. \'This here young lady,\' said the Cat, and vanished again. Alice waited a little, half expecting to see what I see\"!\' \'You might.',1,0,0,0,'1993-07-17 14:02:50'),(12,'Ofelia','79b3d9fc-bb94-11eb-98fb-283926e47295','Alice. \'Come on, then!\' roared the Queen, but she stopped hastily, for the baby, the shriek of the legs of the Gryphon, with a pair of boots every Christmas.\' And she began thinking over other.',1,0,0,0,'2014-12-23 19:08:38'),(13,'Dax','79b4dc6b-bb94-11eb-98fb-283926e47295','Was kindly permitted to pocket the spoon: While the Owl and the party sat silent and looked into its nest. Alice crouched down among the trees under which she found it so yet,\' said Alice; \'it\'s.',1,0,0,0,'1997-11-23 00:35:24'),(14,'Martine','79b5cbf6-bb94-11eb-98fb-283926e47295','Pat, what\'s that in about half no time! Take your choice!\' The Duchess took no notice of them at dinn--\' she checked herself hastily, and said \'What else had you to sit down without being seen, when.',1,0,0,0,'2014-04-10 00:31:50'),(15,'Libbie','79b6eb2a-bb94-11eb-98fb-283926e47295','English, who wanted leaders, and had just begun to repeat it, when a cry of \'The trial\'s beginning!\' was heard in the pool was getting very sleepy; \'and they all crowded round it, panting, and.',1,0,0,0,'2007-04-27 00:46:40'),(16,'Prince','79b7e572-bb94-11eb-98fb-283926e47295','Gryphon. \'Turn a somersault in the middle of one! There ought to be sure; but I shall be a comfort, one way--never to be nothing but out-of-the-way things to happen, that it was only the pepper that.',1,0,0,0,'2021-03-10 18:37:25'),(17,'Fred','79b8d26e-bb94-11eb-98fb-283926e47295','For really this morning I\'ve nothing to what I could show you our cat Dinah: I think I may as well to introduce some other subject of conversation. \'Are you--are you fond--of--of dogs?\' The Mouse.',1,0,0,0,'2003-04-01 18:30:29'),(18,'Magnolia','79b9ca4a-bb94-11eb-98fb-283926e47295','Alice caught the baby was howling so much already, that it is!\' \'Why should it?\' muttered the Hatter. \'You MUST remember,\' remarked the King, \'that only makes the world am I? Ah, THAT\'S the great.',1,0,0,0,'1985-07-16 18:44:21'),(19,'Dolly','79bac444-bb94-11eb-98fb-283926e47295','Alice loudly. \'The idea of the busy farm-yard--while the lowing of the wood to listen. \'Mary Ann! Mary Ann!\' said the Queen. \'I haven\'t the least idea what a Mock Turtle sang this, very slowly and.',1,0,0,0,'2000-01-12 23:27:25'),(20,'Javon','79bbd146-bb94-11eb-98fb-283926e47295','But her sister sat still just as well. The twelve jurors were all ornamented with hearts. Next came the royal children; there were three gardeners who were lying on their backs was the only one who.',1,0,0,0,'1973-12-11 18:28:05'),(21,'Irving','79bcc00e-bb94-11eb-98fb-283926e47295','Alice noticed, had powdered hair that curled all over crumbs.\' \'You\'re wrong about the whiting!\' \'Oh, as to the game. CHAPTER IX. The Mock Turtle went on saying to her ear. \'You\'re thinking about.',1,0,0,0,'2001-03-20 00:43:44'),(22,'Lilliana','79bdb3f5-bb94-11eb-98fb-283926e47295','Like a tea-tray in the wood, \'is to grow to my boy, I beat him when he pleases!\' CHORUS. \'Wow! wow! wow!\' While the Owl and the sound of many footsteps, and Alice rather unwillingly took the regular.',1,0,0,0,'1989-11-23 15:18:20'),(23,'Thalia','79be9a62-bb94-11eb-98fb-283926e47295','ME,\' said Alice indignantly. \'Ah! then yours wasn\'t a really good school,\' said the Duchess, it had made. \'He took me for his housemaid,\' she said this last word two or three of the song, perhaps?\'.',1,0,0,0,'2020-01-12 18:34:54'),(24,'Brandt','79bf8cb5-bb94-11eb-98fb-283926e47295','YOUR opinion,\' said Alice. \'Who\'s making personal remarks now?\' the Hatter were having tea at it: a Dormouse was sitting on the top of her head down to nine inches high. CHAPTER VI. Pig and Pepper.',1,0,0,0,'1978-12-28 03:46:10'),(25,'Jude','79c0ade8-bb94-11eb-98fb-283926e47295','Pigeon, but in a Little Bill It was as steady as ever; Yet you finished the first minute or two, they began moving about again, and she hurried out of the ground.\' So she began looking at the number.',1,0,0,0,'2015-12-26 01:32:17'),(26,'Kenna','79c19d1b-bb94-11eb-98fb-283926e47295','Lory hastily. \'I don\'t see,\' said the Footman. \'That\'s the reason of that?\' \'In my youth,\' said his father, \'I took to the confused clamour of the accident, all except the King, \'that only makes the.',1,0,0,0,'1982-12-21 10:00:58'),(27,'Tierra','79c29ee2-bb94-11eb-98fb-283926e47295','Alice quite hungry to look down and began to cry again. \'You ought to speak, and no one listening, this time, and was looking at the door-- Pray, what is the same words as before, \'It\'s all his.',1,0,0,0,'2013-11-12 07:31:41'),(28,'Terrill','79c37cc5-bb94-11eb-98fb-283926e47295','YOUR opinion,\' said Alice. \'That\'s very curious.\' \'It\'s all her fancy, that: they never executes nobody, you know. Please, Ma\'am, is this New Zealand or Australia?\' (and she tried another question..',1,0,0,0,'1998-01-18 16:36:24'),(29,'Sanford','79c4502f-bb94-11eb-98fb-283926e47295','Queen of Hearts, she made it out to be lost: away went Alice after it, and kept doubling itself up and walking away. \'You insult me by talking such nonsense!\' \'I didn\'t know how to speak again. In a.',1,0,0,0,'1977-10-21 23:34:50'),(30,'Ola','79c52ca0-bb94-11eb-98fb-283926e47295','I don\'t like them!\' When the sands are all pardoned.\' \'Come, THAT\'S a good deal frightened by this very sudden change, but she heard it muttering to itself in a very difficult game indeed. The.',1,0,0,0,'1989-08-05 08:09:44');
/*!40000 ALTER TABLE `action_types` ENABLE KEYS */;
UNLOCK TABLES;
/*!50003 SET @saved_cs_client      = @@character_set_client */ ;
/*!50003 SET @saved_cs_results     = @@character_set_results */ ;
/*!50003 SET @saved_col_connection = @@collation_connection */ ;
/*!50003 SET character_set_client  = utf8mb4 */ ;
/*!50003 SET character_set_results = utf8mb4 */ ;
/*!50003 SET collation_connection  = utf8mb4_0900_ai_ci */ ;
/*!50003 SET @saved_sql_mode       = @@sql_mode */ ;
/*!50003 SET sql_mode              = 'ONLY_FULL_GROUP_BY,STRICT_TRANS_TABLES,NO_ZERO_IN_DATE,NO_ZERO_DATE,ERROR_FOR_DIVISION_BY_ZERO,NO_ENGINE_SUBSTITUTION' */ ;
DELIMITER ;;
/*!50003 CREATE*/ /*!50017 DEFINER=`root`@`localhost`*/ /*!50003 TRIGGER `before_insert_atypes` BEFORE INSERT ON `action_types` FOR EACH ROW BEGIN
  IF new.external_id IS NULL THEN
    SET new.external_id = uuid();
  END IF;
END */;;
DELIMITER ;
/*!50003 SET sql_mode              = @saved_sql_mode */ ;
/*!50003 SET character_set_client  = @saved_cs_client */ ;
/*!50003 SET character_set_results = @saved_cs_results */ ;
/*!50003 SET collation_connection  = @saved_col_connection */ ;

--
-- Table structure for table `actions`
--

DROP TABLE IF EXISTS `actions`;
/*!40101 SET @saved_cs_client     = @@character_set_client */;
/*!50503 SET character_set_client = utf8mb4 */;
CREATE TABLE `actions` (
  `id` bigint unsigned NOT NULL AUTO_INCREMENT,
  `action_type_id` int unsigned NOT NULL,
  `shop_id` int unsigned NOT NULL,
  `product_type_id` bigint unsigned DEFAULT NULL,
  `catalog_id` bigint unsigned DEFAULT NULL,
  `dicount_percent` int unsigned NOT NULL DEFAULT '0',
  `created_at` datetime DEFAULT CURRENT_TIMESTAMP,
  PRIMARY KEY (`id`),
  UNIQUE KEY `id` (`id`),
  KEY `action_type_id` (`action_type_id`),
  KEY `shop_id` (`shop_id`),
  CONSTRAINT `actions_ibfk_1` FOREIGN KEY (`action_type_id`) REFERENCES `action_types` (`id`),
  CONSTRAINT `actions_ibfk_2` FOREIGN KEY (`shop_id`) REFERENCES `shops` (`id`)
) ENGINE=InnoDB AUTO_INCREMENT=221 DEFAULT CHARSET=utf8mb4 COLLATE=utf8mb4_0900_ai_ci COMMENT='Акции текущие';
/*!40101 SET character_set_client = @saved_cs_client */;

--
-- Dumping data for table `actions`
--

LOCK TABLES `actions` WRITE;
/*!40000 ALTER TABLE `actions` DISABLE KEYS */;
INSERT INTO `actions` VALUES (1,1,1,1,1,4,'1980-10-29 23:22:59'),(2,2,2,2,2,1,'1984-03-01 21:26:56'),(3,3,3,3,3,3,'2009-05-01 08:43:11'),(4,4,4,4,4,1,'2000-01-27 05:46:56'),(5,5,5,5,5,11,'2019-12-20 11:31:51'),(6,6,6,6,6,18,'2017-10-02 03:10:09'),(7,7,7,7,7,11,'1972-05-29 06:21:06'),(8,8,8,8,8,13,'2017-11-07 16:04:35'),(9,9,9,9,9,12,'1980-04-12 16:58:55'),(10,10,10,10,10,6,'1978-08-13 10:41:54'),(11,11,11,11,11,6,'2020-07-01 13:21:59'),(12,12,12,12,12,0,'1994-12-02 02:39:29'),(13,13,13,1,13,15,'1971-12-11 07:29:34'),(14,14,14,2,14,18,'2010-06-19 18:27:36'),(15,15,15,3,15,20,'2014-08-02 16:25:35'),(16,16,16,4,16,13,'1982-01-20 09:36:09'),(17,17,17,5,17,2,'1987-06-21 11:51:47'),(18,18,18,6,18,19,'2019-10-14 09:52:12'),(19,19,19,7,19,0,'1970-01-04 03:46:41'),(20,20,20,8,20,8,'2011-10-25 04:54:45'),(21,21,21,9,21,14,'1981-08-21 07:13:02'),(22,22,22,10,22,18,'1990-07-23 14:05:09'),(23,23,23,11,23,5,'1971-07-25 04:01:52'),(24,24,24,12,24,12,'1999-09-26 01:01:56'),(25,25,25,1,25,19,'1986-01-30 18:55:45'),(26,26,26,2,26,14,'1987-07-03 10:15:47'),(27,27,27,3,27,16,'2015-08-06 10:11:34'),(28,28,28,4,28,6,'2017-08-26 21:29:09'),(29,29,29,5,29,8,'1981-08-21 05:01:16'),(30,30,30,6,30,1,'2016-03-15 21:36:51'),(31,1,31,7,31,10,'1999-03-17 04:03:12'),(32,2,32,8,32,20,'1976-02-14 21:16:32'),(33,3,33,9,33,2,'2012-01-02 21:31:03'),(34,4,34,10,34,8,'2014-04-01 17:58:55'),(35,5,35,11,35,6,'2013-05-17 10:51:36'),(36,6,36,12,36,15,'2020-02-27 20:32:10'),(37,7,37,1,37,7,'2017-04-29 07:24:41'),(38,8,38,2,38,1,'1982-07-16 04:52:41'),(39,9,39,3,39,4,'1987-04-22 07:21:05'),(40,10,40,4,40,6,'1981-04-12 08:24:54'),(41,11,41,5,41,8,'1973-07-20 05:18:17'),(42,12,42,6,42,3,'2013-12-18 12:43:42'),(43,13,43,7,43,9,'1995-08-29 18:05:38'),(44,14,44,8,44,0,'2001-04-12 01:08:05'),(45,15,45,9,45,20,'1993-12-23 17:09:38'),(46,16,46,10,46,5,'2008-01-23 16:04:31'),(47,17,47,11,47,0,'2012-10-18 22:03:37'),(48,18,48,12,48,9,'1993-03-15 17:47:02'),(49,19,49,1,49,4,'1986-08-18 01:35:17'),(50,20,50,2,50,14,'1998-09-18 03:01:53'),(51,21,51,3,51,5,'1973-02-01 00:25:19'),(52,22,52,4,52,17,'2018-10-07 09:17:24'),(53,23,53,5,53,18,'1990-11-10 16:40:10'),(54,24,54,6,54,17,'1984-04-17 19:14:25'),(55,25,55,7,55,9,'2000-11-12 04:22:01'),(56,26,56,8,56,15,'1986-02-12 21:28:46'),(57,27,57,9,57,6,'2000-11-10 03:34:42'),(58,28,58,10,58,12,'1991-08-21 05:26:34'),(59,29,59,11,59,8,'1991-11-16 19:45:43'),(60,30,60,12,60,13,'1993-09-24 13:57:35'),(61,1,61,1,61,7,'1984-09-04 10:17:27'),(62,2,62,2,62,3,'2007-04-23 11:04:09'),(63,3,63,3,63,10,'1984-12-25 16:19:57'),(64,4,64,4,64,5,'1985-04-16 09:53:26'),(65,5,65,5,65,2,'1994-05-22 13:27:45'),(66,6,66,6,66,3,'2021-03-21 03:00:29'),(67,7,67,7,67,9,'1974-02-02 02:41:08'),(68,8,68,8,68,1,'1988-09-17 12:31:30'),(69,9,69,9,69,10,'1974-01-31 01:52:26'),(70,10,70,10,70,13,'1982-01-17 12:34:07'),(71,11,71,11,71,19,'1990-10-31 16:57:57'),(72,12,72,12,72,18,'1989-07-19 17:40:31'),(73,13,73,1,73,7,'2005-06-25 15:29:59'),(74,14,74,2,74,5,'1984-02-03 01:47:36'),(75,15,75,3,75,15,'1973-12-01 00:13:10'),(76,16,76,4,76,4,'2010-03-21 03:28:31'),(77,17,77,5,77,17,'1978-08-29 19:41:55'),(78,18,78,6,78,7,'2000-02-17 21:16:45'),(79,19,79,7,79,12,'1987-09-03 22:14:12'),(80,20,80,8,80,3,'1989-02-19 19:19:42'),(81,21,81,9,81,14,'1994-12-31 07:40:14'),(82,22,82,10,82,2,'1975-03-28 18:27:12'),(83,23,83,11,83,10,'2009-06-27 15:17:22'),(84,24,84,12,84,6,'1997-07-31 18:59:05'),(85,25,85,1,85,0,'2017-11-16 01:50:44'),(86,26,86,2,86,18,'1972-01-01 18:05:40'),(87,27,87,3,87,2,'2006-03-05 03:39:25'),(88,28,88,4,88,11,'2013-07-26 07:25:59'),(89,29,89,5,89,0,'1990-12-10 11:16:49'),(90,30,90,6,90,18,'1989-06-14 22:54:33'),(91,1,91,7,91,12,'1991-04-10 20:47:39'),(92,2,92,8,92,13,'2002-01-26 09:52:12'),(93,3,93,9,93,16,'2014-09-26 10:59:11'),(94,4,94,10,94,20,'2010-02-22 23:16:13'),(95,5,95,11,95,20,'1976-03-23 05:59:42'),(96,6,96,12,96,2,'1974-02-28 10:49:29'),(97,7,97,1,97,20,'2017-01-21 10:34:11'),(98,8,98,2,98,12,'2013-01-14 02:55:37'),(99,9,99,3,99,13,'1973-12-15 17:21:20'),(100,10,100,4,100,18,'2010-08-09 17:21:02'),(101,11,101,5,1,5,'1992-04-19 09:09:14'),(102,12,102,6,2,10,'1970-02-28 15:47:05'),(103,13,103,7,3,5,'1987-10-27 09:16:35'),(104,14,104,8,4,2,'2021-01-02 20:06:28'),(105,15,105,9,5,2,'2010-09-10 12:05:24'),(106,16,106,10,6,14,'2003-07-11 06:28:56'),(107,17,107,11,7,2,'1975-11-12 23:25:59'),(108,18,108,12,8,4,'2005-11-28 01:28:07'),(109,19,109,1,9,8,'1992-01-22 08:20:32'),(110,20,110,2,10,8,'1994-01-13 06:46:48'),(111,21,111,3,11,0,'2011-10-24 18:10:41'),(112,22,112,4,12,6,'2016-02-01 06:37:06'),(113,23,113,5,13,8,'1989-09-25 14:19:04'),(114,24,114,6,14,18,'1982-01-12 07:00:04'),(115,25,115,7,15,8,'1987-12-31 16:32:22'),(116,26,116,8,16,15,'2007-04-15 02:59:30'),(117,27,117,9,17,9,'2009-04-19 13:52:56'),(118,28,118,10,18,2,'1973-12-19 15:29:17'),(119,29,119,11,19,10,'1986-10-08 15:22:27'),(120,30,120,12,20,5,'2017-07-08 19:23:21'),(121,1,121,1,21,15,'1975-08-16 10:42:42'),(122,2,122,2,22,14,'2015-09-19 03:57:17'),(123,3,123,3,23,15,'2021-05-05 09:51:08'),(124,4,124,4,24,9,'1985-10-25 15:28:37'),(125,5,125,5,25,12,'1971-03-12 04:34:22'),(126,6,126,6,26,16,'2017-01-06 09:55:44'),(127,7,127,7,27,19,'2013-08-03 10:58:53'),(128,8,128,8,28,12,'1993-07-30 02:00:03'),(129,9,129,9,29,0,'1993-01-25 02:00:15'),(130,10,130,10,30,3,'1995-07-25 04:15:14'),(131,11,131,11,31,4,'1973-07-20 18:36:12'),(132,12,132,12,32,0,'2009-05-22 11:50:27'),(133,13,133,1,33,4,'2008-06-21 17:08:03'),(134,14,134,2,34,8,'1978-11-19 09:14:52'),(135,15,135,3,35,20,'1989-08-22 00:57:51'),(136,16,136,4,36,16,'1978-09-23 05:03:06'),(137,17,137,5,37,2,'2013-05-11 15:33:15'),(138,18,138,6,38,20,'1997-10-20 05:42:51'),(139,19,139,7,39,16,'2005-03-09 17:01:34'),(140,20,140,8,40,3,'2017-04-28 21:12:53'),(141,21,141,9,41,15,'1974-07-27 05:45:27'),(142,22,142,10,42,17,'1993-05-05 17:23:46'),(143,23,143,11,43,7,'1974-12-18 11:32:12'),(144,24,144,12,44,16,'2016-04-05 04:47:38'),(145,25,145,1,45,7,'1981-08-07 00:16:16'),(146,26,146,2,46,19,'1980-01-11 09:19:01'),(147,27,147,3,47,2,'1978-05-19 19:33:08'),(148,28,148,4,48,15,'2015-11-11 21:41:41'),(149,29,149,5,49,12,'1995-07-07 00:09:23'),(150,30,150,6,50,9,'2004-02-21 08:30:49'),(151,1,151,7,51,9,'1985-09-30 04:34:23'),(152,2,152,8,52,5,'1998-02-05 01:37:00'),(153,3,153,9,53,7,'2005-11-11 20:34:17'),(154,4,154,10,54,3,'1997-08-16 03:33:34'),(155,5,155,11,55,13,'1993-04-07 21:28:45'),(156,6,156,12,56,2,'1977-04-03 23:18:15'),(157,7,157,1,57,3,'1997-08-17 15:22:50'),(158,8,158,2,58,14,'1995-08-22 05:15:11'),(159,9,159,3,59,20,'2014-05-13 15:26:19'),(160,10,160,4,60,4,'2009-10-02 00:14:33'),(161,11,161,5,61,11,'1990-06-13 00:16:48'),(162,12,162,6,62,17,'2018-09-24 19:02:21'),(163,13,163,7,63,14,'1980-02-08 14:46:32'),(164,14,164,8,64,3,'1984-05-27 21:20:43'),(165,15,165,9,65,16,'1999-07-10 13:47:13'),(166,16,166,10,66,10,'2005-05-14 17:07:03'),(167,17,167,11,67,16,'2013-07-27 17:04:43'),(168,18,168,12,68,12,'1993-07-16 18:58:16'),(169,19,169,1,69,6,'1988-01-26 07:27:07'),(170,20,170,2,70,19,'1970-11-19 11:25:08'),(171,21,171,3,71,10,'1980-09-16 15:23:57'),(172,22,172,4,72,20,'1998-04-22 10:48:37'),(173,23,173,5,73,0,'2004-10-09 18:58:19'),(174,24,174,6,74,5,'1990-03-12 11:55:54'),(175,25,175,7,75,6,'2017-08-26 00:03:57'),(176,26,176,8,76,15,'1986-12-24 07:10:33'),(177,27,177,9,77,15,'2012-03-10 02:00:27'),(178,28,178,10,78,16,'2014-03-24 09:31:53'),(179,29,179,11,79,16,'2019-02-27 10:43:45'),(180,30,180,12,80,4,'1995-05-29 23:41:57'),(181,1,181,1,81,20,'1974-03-23 02:40:15'),(182,2,182,2,82,14,'1992-09-02 12:42:19'),(183,3,183,3,83,1,'2002-01-05 11:13:04'),(184,4,184,4,84,12,'1998-02-24 09:50:19'),(185,5,185,5,85,4,'2020-12-23 05:00:24'),(186,6,186,6,86,17,'2018-01-10 12:09:52'),(187,7,187,7,87,7,'1980-10-05 06:20:30'),(188,8,188,8,88,8,'1988-05-11 17:38:14'),(189,9,189,9,89,14,'1988-11-12 14:36:43'),(190,10,190,10,90,12,'2016-11-01 19:52:03'),(191,11,191,11,91,14,'1971-06-03 07:09:38'),(192,12,192,12,92,17,'2012-10-16 15:03:43'),(193,13,193,1,93,20,'2020-02-03 14:40:24'),(194,14,194,2,94,4,'1991-06-25 21:56:35'),(195,15,195,3,95,7,'2019-09-13 23:21:24'),(196,16,196,4,96,8,'1984-12-20 05:31:43'),(197,17,197,5,97,5,'1990-09-26 21:36:43'),(198,18,198,6,98,18,'1997-05-24 21:11:20'),(199,19,199,7,99,19,'2007-01-17 11:04:16'),(200,20,200,8,100,17,'2001-10-03 10:47:34'),(201,21,201,9,1,5,'1990-05-01 01:40:38'),(202,22,202,10,2,16,'2009-02-06 14:43:53'),(203,23,203,11,3,6,'1994-04-11 10:28:59'),(204,24,204,12,4,1,'1995-04-11 16:09:50'),(205,25,205,1,5,12,'2002-07-20 19:00:50'),(206,26,206,2,6,19,'1982-01-03 13:41:47'),(207,27,207,3,7,14,'2020-09-18 15:21:32'),(208,28,208,4,8,11,'1984-07-12 11:42:18'),(209,29,209,5,9,13,'2011-08-01 10:01:39'),(210,30,210,6,10,17,'2008-07-31 21:08:59'),(211,1,211,7,11,4,'2003-11-19 13:32:33'),(212,2,212,8,12,13,'1982-09-19 01:14:23'),(213,3,213,9,13,13,'1989-06-01 14:32:23'),(214,4,214,10,14,0,'2005-12-19 21:37:10'),(215,5,215,11,15,12,'2013-05-29 15:38:43'),(216,6,1,12,16,16,'1995-05-24 14:58:17'),(217,7,2,1,17,15,'1973-01-16 05:33:21'),(218,8,3,2,18,19,'1994-02-01 10:13:37'),(219,9,4,3,19,3,'1983-03-10 07:28:05'),(220,10,5,4,20,20,'1975-01-10 03:48:04');
/*!40000 ALTER TABLE `actions` ENABLE KEYS */;
UNLOCK TABLES;

--
-- Table structure for table `address`
--

DROP TABLE IF EXISTS `address`;
/*!40101 SET @saved_cs_client     = @@character_set_client */;
/*!50503 SET character_set_client = utf8mb4 */;
CREATE TABLE `address` (
  `id` bigint unsigned NOT NULL AUTO_INCREMENT,
  `address_st` varchar(255) DEFAULT NULL,
  `city_id` int unsigned NOT NULL,
  `country` varchar(255) DEFAULT NULL,
  `post_code` int DEFAULT NULL,
  `client_id` bigint unsigned NOT NULL,
  PRIMARY KEY (`id`),
  UNIQUE KEY `id` (`id`),
  KEY `client_id` (`client_id`),
  KEY `city_id` (`city_id`),
  CONSTRAINT `address_ibfk_1` FOREIGN KEY (`client_id`) REFERENCES `clients` (`id`),
  CONSTRAINT `address_ibfk_2` FOREIGN KEY (`city_id`) REFERENCES `cities` (`id`)
) ENGINE=InnoDB AUTO_INCREMENT=431 DEFAULT CHARSET=utf8mb4 COLLATE=utf8mb4_0900_ai_ci;
/*!40101 SET character_set_client = @saved_cs_client */;

--
-- Dumping data for table `address`
--

LOCK TABLES `address` WRITE;
/*!40000 ALTER TABLE `address` DISABLE KEYS */;
INSERT INTO `address` VALUES (1,'024 Bogisich Wall',1,'Tuvalu',72989,1),(2,'29146 Hector Drives',2,'Antarctica (the territory South of 60 deg S)',32325,2),(3,'4823 Flatley Passage',3,'Saint Barthelemy',5941,3),(4,'529 Waelchi Roads',4,'Sierra Leone',99878,4),(5,'64072 Lang Springs',5,'Nepal',79793,5),(6,'51781 Erdman Roads',6,'Nepal',78329,6),(7,'0501 Skye Stravenue Apt. 939',7,'Algeria',9256,7),(8,'25364 Skiles Pass Suite 488',8,'Cayman Islands',12243,8),(9,'45185 Boehm Fork',9,'Kenya',98943,9),(10,'326 Zack Unions Suite 285',10,'Senegal',60046,10),(11,'1390 Sienna Expressway',11,'Netherlands',33714,11),(12,'673 Prudence Trail Suite 298',12,'Germany',16718,12),(13,'5191 Abshire Mission',13,'Saint Kitts and Nevis',78261,13),(14,'63795 Lakin Common Suite 151',14,'Madagascar',70133,14),(15,'566 Bernhard Street Suite 289',15,'United States of America',23894,15),(16,'8182 Cooper Forest Suite 642',16,'Gambia',23293,16),(17,'6956 Welch Ford',17,'Chile',92109,17),(18,'0943 Mohr Creek',18,'Pakistan',32761,18),(19,'009 Barton Villages',19,'Ethiopia',93655,19),(20,'8149 Ryleigh Lights Suite 387',20,'Macedonia',2260,20),(21,'870 Lakin Knolls Apt. 316',21,'Cote d\'Ivoire',82259,21),(22,'13667 Swift Rapids Apt. 093',22,'Ethiopia',63511,22),(23,'415 Prosacco Harbor Apt. 576',23,'Seychelles',33206,23),(24,'4097 Carroll Causeway',24,'Malta',65722,24),(25,'3138 Gislason Course Apt. 507',25,'Macao',98951,25),(26,'8995 Koelpin Islands Suite 552',26,'Nicaragua',50810,26),(27,'694 Schuppe Crest',27,'Lesotho',20238,27),(28,'506 Halvorson Pine Suite 224',28,'Philippines',66439,28),(29,'3165 Hope Cape Suite 397',29,'Italy',93535,29),(30,'114 Conroy Rapids Apt. 166',30,'Saint Vincent and the Grenadines',96655,30),(31,'51078 Alexa Plains Apt. 041',31,'San Marino',70896,31),(32,'233 Kemmer Point Suite 203',32,'Guyana',93314,32),(33,'5015 Wisoky Centers',33,'Holy See (Vatican City State)',97272,33),(34,'3131 Wuckert Common Suite 216',34,'Nicaragua',58277,34),(35,'528 Ruecker Pine Suite 214',35,'Suriname',32066,35),(36,'15792 Fabiola Islands Apt. 887',36,'Chad',15154,36),(37,'778 Murphy Stravenue',37,'Antarctica (the territory South of 60 deg S)',365,37),(38,'2649 Stokes Cape',38,'Myanmar',4012,38),(39,'2847 Carroll Park Suite 602',39,'Northern Mariana Islands',34419,39),(40,'439 Alysa Orchard',40,'United Arab Emirates',15943,40),(41,'643 Lavonne Court Apt. 396',41,'Canada',56089,41),(42,'5125 Johnston Ford Apt. 527',42,'United States Virgin Islands',40372,42),(43,'2252 Osinski Union Apt. 239',43,'Montserrat',20742,43),(44,'83325 Marisol Dale Apt. 445',44,'Hungary',35302,44),(45,'947 Pacocha Ways',45,'Saint Helena',3805,45),(46,'571 Chet Gateway Apt. 421',46,'Puerto Rico',3955,46),(47,'0291 Jovanny Canyon Apt. 326',47,'Iraq',75296,47),(48,'94165 Buckridge Square Suite 437',48,'Norfolk Island',78189,48),(49,'45292 Kevin Fork',49,'Sudan',38039,49),(50,'746 Schoen Village Suite 021',50,'Philippines',67012,50),(51,'79609 Labadie Isle Apt. 828',51,'Cameroon',6447,51),(52,'79914 Ford Landing Apt. 772',52,'Marshall Islands',47913,52),(53,'8734 Hand Wall',53,'Marshall Islands',34002,53),(54,'16074 Allan Extension Apt. 478',54,'Greece',83596,54),(55,'3200 Stracke Passage',55,'United States of America',54801,55),(56,'12270 Polly Brooks',56,'United States of America',79421,56),(57,'6309 Kirlin Crest Apt. 608',57,'Solomon Islands',53879,57),(58,'438 Alia Roads',58,'Iraq',21818,58),(59,'7271 Alisha Mountain Suite 050',59,'Tunisia',34919,59),(60,'902 Vandervort Curve Suite 867',60,'Morocco',24741,60),(61,'5738 Goldner Summit Apt. 083',61,'Norway',80138,61),(62,'5967 Brigitte Summit Suite 255',62,'Svalbard & Jan Mayen Islands',18145,62),(63,'354 Leannon Inlet Apt. 331',63,'Saudi Arabia',13701,63),(64,'39122 Conn Harbors Apt. 175',64,'Nauru',37974,64),(65,'13409 Burley Neck Suite 097',65,'Tokelau',39874,65),(66,'060 Leffler Heights',66,'Sweden',81949,66),(67,'23795 Little Stravenue Apt. 534',67,'Botswana',75805,67),(68,'4524 Annamae Wells',68,'Greece',96251,68),(69,'742 Bulah Springs Suite 464',69,'India',9161,69),(70,'991 Eryn Parkway Suite 544',70,'United States of America',31011,70),(71,'01940 Wisoky Points Suite 721',71,'Comoros',3002,71),(72,'2928 Cummerata Glens',72,'Morocco',69369,72),(73,'244 Hermann Roads Apt. 467',73,'Austria',21242,73),(74,'544 Beier Canyon Suite 647',74,'Comoros',35539,74),(75,'33003 Deondre Route Apt. 338',75,'Zambia',12660,75),(76,'491 Ludie Junction',76,'China',33944,76),(77,'4779 Balistreri Port Apt. 316',77,'Argentina',74093,77),(78,'692 Barton Mall',78,'Saint Barthelemy',62792,78),(79,'48447 Rutherford Fort',79,'Holy See (Vatican City State)',86437,79),(80,'23985 Greenholt Overpass Suite 857',80,'Svalbard & Jan Mayen Islands',64037,80),(81,'33723 Alyce Street Apt. 042',81,'Martinique',3131,81),(82,'7274 Daugherty Lodge',82,'Bahamas',87510,82),(83,'7467 Bernier Centers Suite 219',83,'Iraq',89004,83),(84,'148 Schaden Ford Suite 707',84,'Zambia',80125,84),(85,'30327 Weimann Rapids Apt. 500',85,'Gibraltar',86346,85),(86,'53595 Graciela Springs',86,'Mexico',78742,86),(87,'89010 Kerluke Village Apt. 554',87,'Swaziland',52900,87),(88,'1813 Lauren Squares Suite 225',88,'Monaco',45978,88),(89,'2149 Franecki Curve Suite 888',89,'Gabon',78458,89),(90,'2362 Kiehn Port Apt. 520',90,'Djibouti',27028,90),(91,'1606 Tillman Ramp',91,'Lesotho',70400,91),(92,'531 Ledner Station Apt. 111',92,'Mexico',43999,92),(93,'560 Domenica Island Suite 825',93,'Reunion',96022,93),(94,'0586 Penelope Oval',94,'Peru',72462,94),(95,'00104 Treutel Flat',95,'Djibouti',1789,95),(96,'9221 Mertz Falls',96,'New Zealand',14394,96),(97,'27602 Micheal Mountains Suite 970',97,'Micronesia',31240,97),(98,'121 Ondricka Locks Suite 719',98,'Botswana',3719,98),(99,'79711 Spencer Estates',99,'France',47847,99),(100,'8242 Dickens Tunnel',100,'Korea',10167,100),(101,'31951 Ward Forks Apt. 925',101,'Jordan',87313,101),(102,'74743 Lowe Ville Suite 579',102,'French Polynesia',4181,102),(103,'6623 Emerald Crossing Apt. 617',103,'Albania',6294,103),(104,'7777 Juston Rue',104,'Jamaica',51786,104),(105,'838 Alyce Square Suite 967',105,'Saint Lucia',67084,105),(106,'308 Fay Mission',106,'Reunion',23240,106),(107,'41089 Bernhard Stream Suite 081',107,'Equatorial Guinea',74474,107),(108,'997 Henriette Drive',108,'Egypt',8356,108),(109,'958 Asha Center',109,'Guernsey',15686,109),(110,'719 Laverna Shoal',110,'Cyprus',98534,110),(111,'96534 Dawson Ridges',111,'Switzerland',50941,111),(112,'1823 Loraine Wall Apt. 616',112,'Trinidad and Tobago',88485,112),(113,'120 Dickinson Ports',113,'Monaco',55748,113),(114,'4645 Garnet Fall',114,'Antigua and Barbuda',2782,114),(115,'8262 Halvorson Fort Apt. 712',115,'Tanzania',45850,115),(116,'85173 Kuvalis Views',116,'Nauru',60396,116),(117,'1116 Davis Center Suite 899',117,'Northern Mariana Islands',55576,117),(118,'81347 Adams Overpass',118,'Fiji',18446,118),(119,'5794 Wisoky Crossing',119,'Turks and Caicos Islands',55379,119),(120,'6742 Langworth Park Apt. 665',120,'Guatemala',67757,120),(121,'321 Dicki Mount',121,'Palestinian Territory',13247,121),(122,'9923 Stella Glen',122,'Kuwait',79968,122),(123,'22544 Shanel Ridges',123,'Central African Republic',4937,123),(124,'3110 Brekke Oval Apt. 665',124,'Ukraine',53316,124),(125,'92359 Farrell Ridge',125,'Guatemala',75283,125),(126,'3113 Andres Corner',126,'Montenegro',19246,126),(127,'086 Maggio Plains Apt. 496',127,'Kazakhstan',65718,127),(128,'06620 Janiya Fork Apt. 805',128,'Egypt',96934,128),(129,'26085 Georgette Knoll',129,'Panama',543,129),(130,'758 Steuber Extensions',130,'Saint Kitts and Nevis',12645,130),(131,'479 Kyla Islands Apt. 613',1,'Iraq',49244,131),(132,'29618 Jaida Island Apt. 336',2,'Antigua and Barbuda',52476,132),(133,'53230 Lolita Turnpike Apt. 200',3,'Algeria',71009,133),(134,'0972 Cicero Pass',4,'Luxembourg',49637,134),(135,'022 Pasquale Lock Suite 823',5,'Kyrgyz Republic',77640,135),(136,'2372 Hand Fall',6,'Madagascar',21910,136),(137,'636 Ericka Drive',7,'Monaco',30896,137),(138,'30269 Tabitha Circles',8,'United Kingdom',6449,138),(139,'8145 Zachary Roads',9,'French Guiana',30398,139),(140,'8041 Joe Hollow',10,'Sierra Leone',65784,140),(141,'205 Rau Freeway',11,'Barbados',77179,141),(142,'14704 Upton Shore Suite 841',12,'Tajikistan',86894,142),(143,'1568 Hulda Trail Suite 037',13,'Costa Rica',34493,143),(144,'8374 Mante Lane Apt. 951',14,'Chad',47171,144),(145,'3725 Retha Cliff',15,'Guernsey',77683,145),(146,'310 Presley Ridge',16,'Uruguay',80959,146),(147,'3187 Kilback Mountains',17,'Iran',71684,147),(148,'4697 Martin Wells',18,'Maldives',52456,148),(149,'01276 Domenica Points',19,'Taiwan',99423,149),(150,'62910 McClure Corner Apt. 421',20,'Latvia',86683,150),(151,'5335 Karina Cape',21,'Dominican Republic',60220,151),(152,'967 Stacy Cove Apt. 528',22,'Sri Lanka',15882,152),(153,'1819 Ransom Ford Suite 087',23,'Iran',81752,153),(154,'07748 Pouros Fort',24,'Korea',40337,154),(155,'862 Merle Villages',25,'Guyana',46452,155),(156,'232 Bode Springs',26,'Bahrain',39769,156),(157,'469 Hickle Manor Suite 163',27,'Iceland',8118,157),(158,'60093 Adrianna Stravenue Suite 700',28,'Congo',16104,158),(159,'29736 Celestine Heights Apt. 711',29,'Gabon',97593,159),(160,'045 Fritsch Extension',30,'Cambodia',53904,160),(161,'73796 Feest Flat',31,'El Salvador',64187,161),(162,'562 Jo Fords',32,'Falkland Islands (Malvinas)',63516,162),(163,'339 Joshua Gateway Apt. 097',33,'Svalbard & Jan Mayen Islands',3674,163),(164,'432 Kuhlman Landing',34,'Thailand',41860,164),(165,'9571 Willms Fields',35,'Russian Federation',26250,165),(166,'9853 Leuschke Prairie Apt. 844',36,'Estonia',58397,166),(167,'284 Brigitte Dale',37,'Mozambique',84476,167),(168,'28385 Brendan Harbor Apt. 179',38,'Montserrat',82898,168),(169,'6963 Vicente Lodge Apt. 008',39,'Mongolia',23717,169),(170,'71073 Mina Drives Suite 927',40,'Canada',36694,170),(171,'56352 Robin Port Suite 752',41,'Jordan',65977,171),(172,'4265 Nathen Lane',42,'Angola',91321,172),(173,'8455 Leif Vista Suite 731',43,'Malaysia',15794,173),(174,'820 Paucek Meadows',44,'Romania',92833,174),(175,'981 Mayer Ways Suite 574',45,'United States Virgin Islands',10853,175),(176,'63111 Bednar Lodge Apt. 616',46,'Lithuania',1090,176),(177,'9279 General Via Apt. 025',47,'Mali',50741,177),(178,'7009 Pfeffer Well Suite 744',48,'Trinidad and Tobago',68359,178),(179,'518 Jakubowski Shoal',49,'Togo',88934,179),(180,'31468 Nitzsche Fort',50,'China',95861,180),(181,'1181 Jast Cape',51,'Heard Island and McDonald Islands',6854,181),(182,'58420 Durgan Estate',52,'Japan',58136,182),(183,'91052 Susan Springs',53,'Singapore',41833,183),(184,'0283 VonRueden Stravenue Suite 308',54,'Colombia',30730,184),(185,'8903 Genoveva Ramp Apt. 640',55,'Tajikistan',80325,185),(186,'1106 Floyd River',56,'United States Virgin Islands',52129,186),(187,'23506 Bahringer Plain',57,'Togo',18853,187),(188,'5125 Powlowski Extensions Suite 949',58,'Liberia',69743,188),(189,'143 Reta Trafficway',59,'Myanmar',8551,189),(190,'111 Simonis Plaza',60,'British Indian Ocean Territory (Chagos Archipelago)',20015,190),(191,'367 Gottlieb Divide Suite 291',61,'Benin',26957,191),(192,'3822 Dicki Camp Suite 173',62,'Ethiopia',54527,192),(193,'59305 Mafalda Groves Apt. 609',63,'Liberia',90779,193),(194,'940 Davon Fall',64,'Japan',96781,194),(195,'165 Schroeder Forks',65,'Maldives',53612,195),(196,'9228 Hickle Mall',66,'France',53244,196),(197,'09543 Crist Lights Apt. 185',67,'Northern Mariana Islands',69545,197),(198,'15337 Fae Station Suite 356',68,'Rwanda',36524,198),(199,'30940 Letitia Highway Suite 408',69,'Syrian Arab Republic',70974,199),(200,'285 Junior Springs Apt. 135',70,'Burkina Faso',21280,200),(201,'48756 Maynard Keys Apt. 180',71,'Aruba',71028,201),(202,'13486 Lupe Dale Suite 809',72,'Morocco',76624,202),(203,'3448 Maida Shoal Apt. 267',73,'Zimbabwe',74151,203),(204,'0967 Gennaro Skyway',74,'Saint Vincent and the Grenadines',51231,204),(205,'0154 Craig Ford',75,'Greenland',84604,205),(206,'682 Lawrence Burgs Suite 487',76,'Cyprus',36656,206),(207,'24680 Vandervort Viaduct',77,'Bahrain',48058,207),(208,'4943 Jakubowski Lodge',78,'Pitcairn Islands',67299,208),(209,'07015 Koepp Forks',79,'Nicaragua',27321,209),(210,'5782 Willms Plains Apt. 860',80,'Guernsey',41019,210),(211,'470 Wolf Union',81,'Rwanda',53171,211),(212,'6608 Schiller Pine Apt. 976',82,'Puerto Rico',69834,212),(213,'42129 Graham Light',83,'Antigua and Barbuda',73785,213),(214,'483 Erich Valley',84,'Reunion',38416,214),(215,'28284 Bradley Pines Apt. 707',85,'Kuwait',22906,215),(216,'092 Brooklyn Key Suite 240',86,'Kiribati',340,216),(217,'52712 McKenzie Mission',87,'Iceland',24636,217),(218,'836 Jimmy Vista',88,'Rwanda',64382,218),(219,'390 Ernser Turnpike Apt. 860',89,'Armenia',96908,219),(220,'93481 Hirthe Ports',90,'Bahrain',29981,220),(221,'6409 Otis Fork',91,'Norfolk Island',56452,221),(222,'35451 Horacio Roads Suite 581',92,'Guinea-Bissau',6163,222),(223,'374 Mohr Tunnel',93,'Pakistan',64370,223),(224,'21217 Dietrich Fall',94,'Brunei Darussalam',95859,224),(225,'6882 Sauer Heights Apt. 105',95,'Chile',41243,225),(226,'1138 Kiehn Track Apt. 381',96,'Liechtenstein',28164,226),(227,'693 Montana Glens Apt. 898',97,'Guam',57491,227),(228,'7226 Kertzmann Circle',98,'Holy See (Vatican City State)',23792,228),(229,'491 Kuhic Turnpike Suite 816',99,'Slovenia',65035,229),(230,'6914 Alba Glen',100,'Korea',72972,230),(231,'89000 Walter Tunnel Apt. 215',101,'Vietnam',24236,231),(232,'507 Kirlin Shores',102,'Togo',7582,232),(233,'951 Renner Square Apt. 195',103,'French Guiana',68943,233),(234,'322 McClure Shoal Suite 334',104,'Afghanistan',63542,234),(235,'368 Huels Stravenue Suite 515',105,'Lao People\'s Democratic Republic',34138,235),(236,'356 O\'Conner Estate Suite 464',106,'San Marino',32035,236),(237,'05767 Hane Circle',107,'Bolivia',35644,237),(238,'79873 Francisca Plaza',108,'Brunei Darussalam',15014,238),(239,'478 Cassie Cliffs Apt. 550',109,'Tuvalu',52542,239),(240,'913 Funk Divide',110,'Myanmar',30492,240),(241,'192 Parisian Coves Apt. 456',111,'Bhutan',51908,241),(242,'958 Watsica Orchard Suite 563',112,'Bahamas',93908,242),(243,'050 Schneider Trafficway',113,'Georgia',39583,243),(244,'496 Bertram Meadow',114,'Zimbabwe',54141,244),(245,'017 Kellen Viaduct Suite 489',115,'Azerbaijan',90469,245),(246,'086 Turner Inlet Suite 069',116,'Libyan Arab Jamahiriya',98704,246),(247,'8867 Dillan Mountains',117,'Nepal',52474,247),(248,'231 Melvina Plain Apt. 552',118,'Slovenia',74051,248),(249,'592 Zoie Villages',119,'Vietnam',31538,249),(250,'932 Metz Points Suite 010',120,'Saint Kitts and Nevis',30749,250),(251,'2591 Mayra Ports Apt. 084',121,'Timor-Leste',3609,251),(252,'773 Hartmann Meadows Apt. 994',122,'Holy See (Vatican City State)',655,252),(253,'917 Schulist Walk Suite 611',123,'Macao',94552,253),(254,'28684 Camylle Mountain',124,'Spain',46118,254),(255,'9746 Magdalen Parkways',125,'Montenegro',61498,255),(256,'8430 Conrad Island',126,'Tajikistan',4258,256),(257,'3689 Coby Square Apt. 148',127,'Mauritius',98916,257),(258,'831 Orlando Lodge',128,'Reunion',82850,258),(259,'48353 Khalil Valley Apt. 783',129,'Lithuania',60910,259),(260,'008 Lenna Station Apt. 377',130,'British Indian Ocean Territory (Chagos Archipelago)',66663,260),(261,'21331 Becker Islands Suite 344',1,'Lebanon',2254,261),(262,'85088 Ellis Locks',2,'Indonesia',8376,262),(263,'447 Audie Ridge',3,'Barbados',70274,263),(264,'172 Haley Port',4,'Solomon Islands',30610,264),(265,'944 Wiza Parkway Suite 174',5,'Grenada',79009,265),(266,'447 Selina Hill',6,'Belize',39087,266),(267,'21356 Kemmer Knoll Apt. 356',7,'South Georgia and the South Sandwich Islands',49777,267),(268,'40673 Taryn Mall Suite 745',8,'Timor-Leste',63559,268),(269,'47272 Hackett Lodge',9,'Turkey',19125,269),(270,'02260 Lowe Streets',10,'Nicaragua',8776,270),(271,'90074 Clarabelle Place',11,'Hong Kong',37046,271),(272,'47120 Vandervort Way',12,'Palestinian Territory',27608,272),(273,'118 Bernadette Mountains',13,'Bhutan',48128,273),(274,'497 Lillie Fields',14,'Guinea-Bissau',71,274),(275,'7679 Deckow Station Suite 680',15,'Venezuela',12089,275),(276,'479 Wyatt Estate',16,'Saint Helena',86548,276),(277,'94589 Juliet Unions',17,'Mauritania',18493,277),(278,'0002 Bogisich Pike',18,'Cocos (Keeling) Islands',20634,278),(279,'03311 Addison Stravenue Suite 345',19,'Oman',38812,279),(280,'985 Kuhn Centers',20,'Estonia',82853,280),(281,'29751 Kozey Shore',21,'Mali',66666,281),(282,'9538 Devan Locks Suite 888',22,'Bosnia and Herzegovina',74436,282),(283,'2112 Bashirian Lakes',23,'Afghanistan',45150,283),(284,'7346 Auer Stream Apt. 298',24,'Christmas Island',83486,284),(285,'453 Marlin Inlet',25,'Burundi',88789,285),(286,'2981 Delia Streets',26,'Netherlands',40810,286),(287,'5584 Turcotte Pine',27,'Chad',83716,287),(288,'5626 Fadel Forks Suite 544',28,'Iceland',99862,288),(289,'0489 Bradtke Burgs',29,'Guyana',30620,289),(290,'30512 Considine Ranch Suite 549',30,'Peru',90223,290),(291,'45860 Jared Mission Apt. 275',31,'Turks and Caicos Islands',86051,291),(292,'5623 Corwin Mission Apt. 852',32,'South Africa',29470,292),(293,'94596 Altenwerth Fall Suite 778',33,'Falkland Islands (Malvinas)',86105,293),(294,'207 Daphnee Harbor',34,'Botswana',19613,294),(295,'576 Lind Causeway Suite 648',35,'Wallis and Futuna',25900,295),(296,'4282 Bertha Way Apt. 069',36,'Nauru',78817,296),(297,'344 Kunze Prairie',37,'Macao',30240,297),(298,'39831 Zora Circles',38,'Russian Federation',68739,298),(299,'297 Orland Corner',39,'Kenya',13297,299),(300,'7820 Scottie Course',40,'San Marino',76977,300),(301,'056 Hobart Radial',41,'Bermuda',86335,301),(302,'2969 Alexys Fields Apt. 452',42,'Dominican Republic',49498,302),(303,'5851 Metz Vista',43,'Pitcairn Islands',5710,303),(304,'0859 Deshawn Walk',44,'Grenada',17947,304),(305,'865 Keebler Crest Apt. 012',45,'Cambodia',79151,305),(306,'6792 Pinkie Locks Apt. 275',46,'Bahrain',91522,306),(307,'37567 Jones Drives Suite 661',47,'Norway',7872,307),(308,'217 Brian Villages',48,'Russian Federation',89002,308),(309,'9077 Mosciski Path Apt. 590',49,'Bulgaria',34385,309),(310,'0096 Doyle Passage Suite 430',50,'Martinique',94876,310),(311,'821 Malachi Row',51,'Burundi',327,311),(312,'7535 Nico View Apt. 666',52,'Pitcairn Islands',79565,312),(313,'5392 Audie Fall Apt. 378',53,'Taiwan',13015,313),(314,'62922 Melyssa Mountain',54,'Germany',98139,314),(315,'78780 Runte Via',55,'Greece',13776,315),(316,'51371 Schroeder Lights',56,'India',83315,316),(317,'0394 Halvorson Falls Apt. 357',57,'Svalbard & Jan Mayen Islands',56010,317),(318,'5662 Leonel Street Apt. 725',58,'Estonia',13054,318),(319,'17637 McKenzie Court',59,'Egypt',59192,319),(320,'367 Maggio Drive Apt. 066',60,'Saint Pierre and Miquelon',49214,320),(321,'7284 Kuhlman Avenue Suite 002',61,'Faroe Islands',73191,321),(322,'4267 Daija Views Apt. 933',62,'Uganda',4340,322),(323,'1721 Priscilla Viaduct',63,'Netherlands Antilles',33376,323),(324,'48747 Abbie Streets Suite 197',64,'Japan',94092,324),(325,'0491 Kyleigh Inlet',65,'Timor-Leste',70335,325),(326,'8637 Anderson Hollow Apt. 131',66,'Yemen',53284,326),(327,'932 Eliseo Junctions',67,'Tuvalu',52864,327),(328,'03888 Shanon Track',68,'France',57120,328),(329,'913 Connie Glen Suite 521',69,'Austria',5087,329),(330,'0750 Nicolas Mews Suite 712',70,'Ireland',12923,330),(331,'7314 Hackett Lock Suite 953',71,'Taiwan',63887,331),(332,'074 Augusta Track',72,'Morocco',14013,332),(333,'616 Maggio Mission',73,'Costa Rica',77626,333),(334,'78226 Hahn Loaf',74,'Bahamas',30771,334),(335,'562 Mya Circle Suite 120',75,'Faroe Islands',88450,335),(336,'882 Schneider Bypass',76,'Azerbaijan',32212,336),(337,'9786 Tierra Rapids Suite 528',77,'Fiji',83017,337),(338,'4644 Cristopher Turnpike',78,'Vietnam',87666,338),(339,'300 Fritsch Shore',79,'Cape Verde',49876,339),(340,'656 Jast Islands Apt. 977',80,'Uganda',61015,340),(341,'80445 Sierra Ports Suite 494',81,'Ecuador',69632,341),(342,'670 Fisher Overpass',82,'Mozambique',15401,342),(343,'7045 Nya Crescent',83,'Serbia',53365,343),(344,'2199 Kohler Rue',84,'Uruguay',62161,344),(345,'06756 Hassie Motorway',85,'Netherlands Antilles',93564,345),(346,'29697 Ruecker Rapid Apt. 698',86,'Iceland',52339,346),(347,'573 Erdman Key Apt. 997',87,'Slovenia',92792,347),(348,'3436 Brady Forks Apt. 087',88,'South Africa',87676,348),(349,'42353 Leuschke Cliff',89,'French Southern Territories',89880,349),(350,'780 Marie Fork Suite 338',90,'Zimbabwe',19337,350),(351,'925 Hope Avenue Suite 014',91,'Somalia',78755,351),(352,'6959 Mertz Course',92,'Gibraltar',16059,352),(353,'369 Braulio Manors',93,'Mayotte',7332,353),(354,'90337 Stark Flats Apt. 520',94,'Algeria',6685,354),(355,'250 Hettinger Rapid Apt. 429',95,'French Guiana',12291,355),(356,'077 Savion Ranch Suite 994',96,'Central African Republic',25386,356),(357,'57116 Angelo Isle',97,'Nepal',37246,357),(358,'18996 Pat Groves Suite 574',98,'Serbia',75999,358),(359,'206 Estefania Trail',99,'El Salvador',29336,359),(360,'87635 O\'Keefe Vista',100,'Spain',23980,360),(361,'497 Kali Canyon Suite 700',101,'Turks and Caicos Islands',85500,361),(362,'1018 Imelda Land',102,'Sao Tome and Principe',87982,362),(363,'67202 Donna Mountain Apt. 257',103,'Venezuela',77148,363),(364,'30239 Moore Ville',104,'Ethiopia',1702,364),(365,'8223 Tyson Forges Suite 508',105,'American Samoa',77771,365),(366,'29616 Angelina Path',106,'Netherlands Antilles',44125,366),(367,'719 Nola Field Apt. 453',107,'Saint Pierre and Miquelon',59244,367),(368,'6242 Dibbert Mountain Apt. 220',108,'Liberia',34750,368),(369,'493 Larissa Wall',109,'United Kingdom',31546,369),(370,'19099 Damaris Centers Apt. 467',110,'Guyana',35209,370),(371,'83385 Bradtke Tunnel',111,'Kazakhstan',43127,371),(372,'288 Zboncak Ways Suite 617',112,'Reunion',32862,372),(373,'45122 Hilll Dale Apt. 048',113,'Equatorial Guinea',9333,373),(374,'319 Watsica Drive Suite 981',114,'Sri Lanka',60613,374),(375,'3839 Viola Pines',115,'Brunei Darussalam',15081,375),(376,'3094 Adams Avenue Apt. 166',116,'Kenya',93127,376),(377,'98586 Crooks Plain',117,'Bosnia and Herzegovina',48014,377),(378,'366 Agnes Street Suite 506',118,'Cayman Islands',35212,378),(379,'2326 Austyn Hill',119,'Guatemala',92926,379),(380,'79148 Dejon Grove',120,'Malawi',53007,380),(381,'6383 Ledner Falls',121,'Angola',65550,381),(382,'4203 Wuckert Viaduct Suite 968',122,'Tokelau',27532,382),(383,'38291 Glover Ports Apt. 161',123,'Faroe Islands',71487,383),(384,'0030 Noemie Passage Suite 164',124,'Fiji',85733,384),(385,'70331 Hosea Port',125,'Bermuda',37157,385),(386,'18238 Denesik Valleys',126,'Congo',34038,386),(387,'93810 Hoppe Courts Suite 985',127,'Denmark',47319,387),(388,'3874 Jerde Ridges Apt. 979',128,'Guernsey',72669,388),(389,'84444 Luz Pine Apt. 599',129,'Western Sahara',64254,389),(390,'252 Mireya Station Suite 100',130,'Pitcairn Islands',71734,390),(391,'295 Feil Lane Apt. 331',1,'Myanmar',67224,391),(392,'61095 Hintz Shoal Suite 507',2,'Eritrea',83358,392),(393,'94780 Swaniawski Throughway Suite 699',3,'Ireland',52138,393),(394,'052 Josue Crossroad',4,'Suriname',7374,394),(395,'61694 Rafaela Orchard Suite 337',5,'Sierra Leone',19681,395),(396,'11400 Felix Loaf',6,'Nepal',94230,396),(397,'3079 Kuhlman Ports Apt. 415',7,'Mauritania',30998,397),(398,'519 Abbott View',8,'Kenya',44780,398),(399,'3843 Lueilwitz Manor Apt. 097',9,'Timor-Leste',77864,399),(400,'530 Wyatt Parkway Suite 187',10,'Croatia',15940,400),(401,'1936 Richard Spur',11,'Suriname',61571,401),(402,'534 O\'Hara Villages Suite 037',12,'Germany',62106,402),(403,'1224 Pfannerstill Harbor',13,'United States of America',657,403),(404,'905 Salma Estates',14,'Guinea',2740,404),(405,'830 Shawna Meadows Suite 687',15,'Syrian Arab Republic',67102,405),(406,'290 Earline Ford Apt. 474',16,'Cote d\'Ivoire',5608,406),(407,'2118 Rogahn Junctions',17,'Vanuatu',65330,407),(408,'5673 Sanford Parkway Apt. 636',18,'Palestinian Territory',18361,408),(409,'01198 Oberbrunner Harbor Suite 016',19,'Guadeloupe',41441,409),(410,'11033 Howe Skyway Suite 588',20,'Afghanistan',91604,410),(411,'791 Pfannerstill Groves Apt. 559',21,'Malta',8716,411),(412,'08445 Cole Glens',22,'Costa Rica',42889,412),(413,'614 O\'Keefe Walk',23,'Uruguay',43168,413),(414,'3776 Zulauf Gateway',24,'Madagascar',79266,414),(415,'54292 Melvin Crossroad Apt. 924',25,'Panama',77207,415),(416,'939 Orn Grove Apt. 416',26,'Pitcairn Islands',59719,416),(417,'93785 Dibbert Pines Suite 291',27,'Czech Republic',60327,417),(418,'4097 Jerome Heights',28,'Saint Vincent and the Grenadines',28245,418),(419,'473 Desmond Burg',29,'Bolivia',92232,419),(420,'6010 Farrell Trail',30,'Belgium',81214,420),(421,'6622 Ansley Drive Apt. 635',31,'Martinique',85279,421),(422,'60997 Davis Tunnel',32,'Cayman Islands',80470,422),(423,'36915 Wiza Trafficway',33,'Togo',96899,423),(424,'444 Eliseo Ramp Suite 089',34,'Colombia',55034,424),(425,'82312 Maryse Mountains',35,'Kyrgyz Republic',32949,425),(426,'3332 Barton Divide',36,'Puerto Rico',66070,426),(427,'71101 Deonte Walk Apt. 874',37,'Finland',95152,427),(428,'132 Nikolaus Pass Apt. 372',38,'Macedonia',88188,428),(429,'4352 Langosh Flat',39,'Algeria',87041,429),(430,'717 Auer Ford Apt. 841',40,'Ukraine',39837,430);
/*!40000 ALTER TABLE `address` ENABLE KEYS */;
UNLOCK TABLES;

--
-- Table structure for table `bonus_balance`
--

DROP TABLE IF EXISTS `bonus_balance`;
/*!40101 SET @saved_cs_client     = @@character_set_client */;
/*!50503 SET character_set_client = utf8mb4 */;
CREATE TABLE `bonus_balance` (
  `id` bigint unsigned NOT NULL AUTO_INCREMENT,
  `client_id` bigint unsigned NOT NULL,
  `quantity` int unsigned NOT NULL DEFAULT '0',
  `created_at` datetime DEFAULT CURRENT_TIMESTAMP,
  PRIMARY KEY (`id`),
  UNIQUE KEY `id` (`id`),
  KEY `client_id` (`client_id`),
  CONSTRAINT `bonus_balance_ibfk_1` FOREIGN KEY (`client_id`) REFERENCES `clients` (`id`)
) ENGINE=InnoDB AUTO_INCREMENT=531 DEFAULT CHARSET=utf8mb4 COLLATE=utf8mb4_0900_ai_ci COMMENT='текущий баланс бонусов';
/*!40101 SET character_set_client = @saved_cs_client */;

--
-- Dumping data for table `bonus_balance`
--

LOCK TABLES `bonus_balance` WRITE;
/*!40000 ALTER TABLE `bonus_balance` DISABLE KEYS */;
INSERT INTO `bonus_balance` VALUES (1,1,1106,'1970-01-01 00:00:00'),(2,2,4040,'1970-01-01 00:00:00'),(3,3,3716,'1970-01-01 00:00:00'),(4,4,223,'1970-01-01 00:00:00'),(5,5,4660,'1970-01-01 00:00:00'),(6,6,821,'1970-01-01 00:00:00'),(7,7,2180,'1970-01-01 00:00:00'),(8,8,3484,'1970-01-01 00:00:00'),(9,9,1486,'1970-01-01 00:00:00'),(10,10,3509,'1970-01-01 00:00:00'),(11,11,2454,'1970-01-01 00:00:00'),(12,12,4709,'1970-01-01 00:00:00'),(13,13,2496,'1970-01-01 00:00:00'),(14,14,2306,'1970-01-01 00:00:00'),(15,15,663,'1970-01-01 00:00:00'),(16,16,1200,'1970-01-01 00:00:00'),(17,17,2404,'1970-01-01 00:00:00'),(18,18,4145,'1970-01-01 00:00:00'),(19,19,3616,'1970-01-01 00:00:00'),(20,20,1479,'1970-01-01 00:00:00'),(21,21,1524,'1970-01-01 00:00:00'),(22,22,3961,'1970-01-01 00:00:00'),(23,23,4191,'1970-01-01 00:00:00'),(24,24,1453,'1970-01-01 00:00:00'),(25,25,3092,'1970-01-01 00:00:00'),(26,26,992,'1970-01-01 00:00:00'),(27,27,288,'1970-01-01 00:00:00'),(28,28,3453,'1970-01-01 00:00:00'),(29,29,383,'1970-01-01 00:00:00'),(30,30,3446,'1970-01-01 00:00:00'),(31,31,4460,'1970-01-01 00:00:00'),(32,32,1733,'1970-01-01 00:00:00'),(33,33,2800,'1970-01-01 00:00:00'),(34,34,328,'1970-01-01 00:00:00'),(35,35,4460,'1970-01-01 00:00:00'),(36,36,464,'1970-01-01 00:00:00'),(37,37,2769,'1970-01-01 00:00:00'),(38,38,1620,'1970-01-01 00:00:00'),(39,39,1992,'1970-01-01 00:00:00'),(40,40,1886,'1970-01-01 00:00:00'),(41,41,1755,'1970-01-01 00:00:00'),(42,42,3742,'1970-01-01 00:00:00'),(43,43,4566,'1970-01-01 00:00:00'),(44,44,3902,'1970-01-01 00:00:00'),(45,45,3602,'1970-01-01 00:00:00'),(46,46,4277,'1970-01-01 00:00:00'),(47,47,2427,'1970-01-01 00:00:00'),(48,48,1165,'1970-01-01 00:00:00'),(49,49,3398,'1970-01-01 00:00:00'),(50,50,2304,'1970-01-01 00:00:00'),(51,51,2628,'1970-01-01 00:00:00'),(52,52,4366,'1970-01-01 00:00:00'),(53,53,4400,'1970-01-01 00:00:00'),(54,54,4358,'1970-01-01 00:00:00'),(55,55,2437,'1970-01-01 00:00:00'),(56,56,2226,'1970-01-01 00:00:00'),(57,57,1829,'1970-01-01 00:00:00'),(58,58,919,'1970-01-01 00:00:00'),(59,59,788,'1970-01-01 00:00:00'),(60,60,859,'1970-01-01 00:00:00'),(61,61,3711,'1970-01-01 00:00:00'),(62,62,3841,'1970-01-01 00:00:00'),(63,63,1984,'1970-01-01 00:00:00'),(64,64,2809,'1970-01-01 00:00:00'),(65,65,4680,'1970-01-01 00:00:00'),(66,66,3414,'1970-01-01 00:00:00'),(67,67,2575,'1970-01-01 00:00:00'),(68,68,4358,'1970-01-01 00:00:00'),(69,69,2300,'1970-01-01 00:00:00'),(70,70,1447,'1970-01-01 00:00:00'),(71,71,770,'1970-01-01 00:00:00'),(72,72,1274,'1970-01-01 00:00:00'),(73,73,4660,'1970-01-01 00:00:00'),(74,74,1955,'1970-01-01 00:00:00'),(75,75,4770,'1970-01-01 00:00:00'),(76,76,4946,'1970-01-01 00:00:00'),(77,77,4849,'1970-01-01 00:00:00'),(78,78,195,'1970-01-01 00:00:00'),(79,79,2727,'1970-01-01 00:00:00'),(80,80,833,'1970-01-01 00:00:00'),(81,81,1469,'1970-01-01 00:00:00'),(82,82,4385,'1970-01-01 00:00:00'),(83,83,3523,'1970-01-01 00:00:00'),(84,84,385,'1970-01-01 00:00:00'),(85,85,2326,'1970-01-01 00:00:00'),(86,86,4143,'1970-01-01 00:00:00'),(87,87,3441,'1970-01-01 00:00:00'),(88,88,798,'1970-01-01 00:00:00'),(89,89,1234,'1970-01-01 00:00:00'),(90,90,1730,'1970-01-01 00:00:00'),(91,91,909,'1970-01-01 00:00:00'),(92,92,220,'1970-01-01 00:00:00'),(93,93,3845,'1970-01-01 00:00:00'),(94,94,691,'1970-01-01 00:00:00'),(95,95,366,'1970-01-01 00:00:00'),(96,96,77,'1970-01-01 00:00:00'),(97,97,4401,'1970-01-01 00:00:00'),(98,98,4344,'1970-01-01 00:00:00'),(99,99,2790,'1970-01-01 00:00:00'),(100,100,4334,'1970-01-01 00:00:00'),(101,101,3617,'1970-01-01 00:00:00'),(102,102,1419,'1970-01-01 00:00:00'),(103,103,1314,'1970-01-01 00:00:00'),(104,104,2942,'1970-01-01 00:00:00'),(105,105,4687,'1970-01-01 00:00:00'),(106,106,2125,'1970-01-01 00:00:00'),(107,107,2169,'1970-01-01 00:00:00'),(108,108,2482,'1970-01-01 00:00:00'),(109,109,3912,'1970-01-01 00:00:00'),(110,110,2326,'1970-01-01 00:00:00'),(111,111,541,'1970-01-01 00:00:00'),(112,112,338,'1970-01-01 00:00:00'),(113,113,3479,'1970-01-01 00:00:00'),(114,114,557,'1970-01-01 00:00:00'),(115,115,2710,'1970-01-01 00:00:00'),(116,116,4742,'1970-01-01 00:00:00'),(117,117,2065,'1970-01-01 00:00:00'),(118,118,635,'1970-01-01 00:00:00'),(119,119,4143,'1970-01-01 00:00:00'),(120,120,454,'1970-01-01 00:00:00'),(121,121,329,'1970-01-01 00:00:00'),(122,122,8,'1970-01-01 00:00:00'),(123,123,1677,'1970-01-01 00:00:00'),(124,124,1039,'1970-01-01 00:00:00'),(125,125,1725,'1970-01-01 00:00:00'),(126,126,1454,'1970-01-01 00:00:00'),(127,127,3561,'1970-01-01 00:00:00'),(128,128,3736,'1970-01-01 00:00:00'),(129,129,3967,'1970-01-01 00:00:00'),(130,130,2615,'1970-01-01 00:00:00'),(131,131,1349,'1970-01-01 00:00:00'),(132,132,3207,'1970-01-01 00:00:00'),(133,133,1443,'1970-01-01 00:00:00'),(134,134,2206,'1970-01-01 00:00:00'),(135,135,151,'1970-01-01 00:00:00'),(136,136,554,'1970-01-01 00:00:00'),(137,137,4169,'1970-01-01 00:00:00'),(138,138,2323,'1970-01-01 00:00:00'),(139,139,765,'1970-01-01 00:00:00'),(140,140,1297,'1970-01-01 00:00:00'),(141,141,4047,'1970-01-01 00:00:00'),(142,142,1558,'1970-01-01 00:00:00'),(143,143,1705,'1970-01-01 00:00:00'),(144,144,4472,'1970-01-01 00:00:00'),(145,145,2460,'1970-01-01 00:00:00'),(146,146,4515,'1970-01-01 00:00:00'),(147,147,518,'1970-01-01 00:00:00'),(148,148,1519,'1970-01-01 00:00:00'),(149,149,4767,'1970-01-01 00:00:00'),(150,150,3885,'1970-01-01 00:00:00'),(151,151,2043,'1970-01-01 00:00:00'),(152,152,1759,'1970-01-01 00:00:00'),(153,153,2447,'1970-01-01 00:00:00'),(154,154,2560,'1970-01-01 00:00:00'),(155,155,152,'1970-01-01 00:00:00'),(156,156,3101,'1970-01-01 00:00:00'),(157,157,855,'1970-01-01 00:00:00'),(158,158,3836,'1970-01-01 00:00:00'),(159,159,1171,'1970-01-01 00:00:00'),(160,160,1328,'1970-01-01 00:00:00'),(161,161,4875,'1970-01-01 00:00:00'),(162,162,4602,'1970-01-01 00:00:00'),(163,163,2651,'1970-01-01 00:00:00'),(164,164,1342,'1970-01-01 00:00:00'),(165,165,2751,'1970-01-01 00:00:00'),(166,166,1126,'1970-01-01 00:00:00'),(167,167,3076,'1970-01-01 00:00:00'),(168,168,1244,'1970-01-01 00:00:00'),(169,169,1820,'1970-01-01 00:00:00'),(170,170,363,'1970-01-01 00:00:00'),(171,171,4408,'1970-01-01 00:00:00'),(172,172,649,'1970-01-01 00:00:00'),(173,173,740,'1970-01-01 00:00:00'),(174,174,4529,'1970-01-01 00:00:00'),(175,175,1066,'1970-01-01 00:00:00'),(176,176,3930,'1970-01-01 00:00:00'),(177,177,3591,'1970-01-01 00:00:00'),(178,178,767,'1970-01-01 00:00:00'),(179,179,1911,'1970-01-01 00:00:00'),(180,180,909,'1970-01-01 00:00:00'),(181,181,1679,'1970-01-01 00:00:00'),(182,182,747,'1970-01-01 00:00:00'),(183,183,1667,'1970-01-01 00:00:00'),(184,184,2193,'1970-01-01 00:00:00'),(185,185,3038,'1970-01-01 00:00:00'),(186,186,284,'1970-01-01 00:00:00'),(187,187,1385,'1970-01-01 00:00:00'),(188,188,4357,'1970-01-01 00:00:00'),(189,189,1545,'1970-01-01 00:00:00'),(190,190,1439,'1970-01-01 00:00:00'),(191,191,4552,'1970-01-01 00:00:00'),(192,192,3101,'1970-01-01 00:00:00'),(193,193,4458,'1970-01-01 00:00:00'),(194,194,2614,'1970-01-01 00:00:00'),(195,195,1941,'1970-01-01 00:00:00'),(196,196,4104,'1970-01-01 00:00:00'),(197,197,991,'1970-01-01 00:00:00'),(198,198,4305,'1970-01-01 00:00:00'),(199,199,4114,'1970-01-01 00:00:00'),(200,200,2730,'1970-01-01 00:00:00'),(201,201,4369,'1970-01-01 00:00:00'),(202,202,1550,'1970-01-01 00:00:00'),(203,203,1645,'1970-01-01 00:00:00'),(204,204,1608,'1970-01-01 00:00:00'),(205,205,365,'1970-01-01 00:00:00'),(206,206,1669,'1970-01-01 00:00:00'),(207,207,4497,'1970-01-01 00:00:00'),(208,208,1106,'1970-01-01 00:00:00'),(209,209,2610,'1970-01-01 00:00:00'),(210,210,3979,'1970-01-01 00:00:00'),(211,211,2839,'1970-01-01 00:00:00'),(212,212,837,'1970-01-01 00:00:00'),(213,213,3760,'1970-01-01 00:00:00'),(214,214,4906,'1970-01-01 00:00:00'),(215,215,449,'1970-01-01 00:00:00'),(216,216,2029,'1970-01-01 00:00:00'),(217,217,1882,'1970-01-01 00:00:00'),(218,218,3922,'1970-01-01 00:00:00'),(219,219,4101,'1970-01-01 00:00:00'),(220,220,4350,'1970-01-01 00:00:00'),(221,221,1266,'1970-01-01 00:00:00'),(222,222,4252,'1970-01-01 00:00:00'),(223,223,596,'1970-01-01 00:00:00'),(224,224,4151,'1970-01-01 00:00:00'),(225,225,3463,'1970-01-01 00:00:00'),(226,226,2137,'1970-01-01 00:00:00'),(227,227,1203,'1970-01-01 00:00:00'),(228,228,419,'1970-01-01 00:00:00'),(229,229,4209,'1970-01-01 00:00:00'),(230,230,2707,'1970-01-01 00:00:00'),(231,231,2188,'1970-01-01 00:00:00'),(232,232,2826,'1970-01-01 00:00:00'),(233,233,2885,'1970-01-01 00:00:00'),(234,234,4817,'1970-01-01 00:00:00'),(235,235,3172,'1970-01-01 00:00:00'),(236,236,4338,'1970-01-01 00:00:00'),(237,237,2332,'1970-01-01 00:00:00'),(238,238,3813,'1970-01-01 00:00:00'),(239,239,1856,'1970-01-01 00:00:00'),(240,240,4249,'1970-01-01 00:00:00'),(241,241,2773,'1970-01-01 00:00:00'),(242,242,526,'1970-01-01 00:00:00'),(243,243,844,'1970-01-01 00:00:00'),(244,244,2348,'1970-01-01 00:00:00'),(245,245,1681,'1970-01-01 00:00:00'),(246,246,1689,'1970-01-01 00:00:00'),(247,247,206,'1970-01-01 00:00:00'),(248,248,4972,'1970-01-01 00:00:00'),(249,249,159,'1970-01-01 00:00:00'),(250,250,2747,'1970-01-01 00:00:00'),(251,251,3346,'1970-01-01 00:00:00'),(252,252,3469,'1970-01-01 00:00:00'),(253,253,2392,'1970-01-01 00:00:00'),(254,254,375,'1970-01-01 00:00:00'),(255,255,1027,'1970-01-01 00:00:00'),(256,256,4517,'1970-01-01 00:00:00'),(257,257,239,'1970-01-01 00:00:00'),(258,258,1034,'1970-01-01 00:00:00'),(259,259,1238,'1970-01-01 00:00:00'),(260,260,4901,'1970-01-01 00:00:00'),(261,261,3059,'1970-01-01 00:00:00'),(262,262,2890,'1970-01-01 00:00:00'),(263,263,4889,'1970-01-01 00:00:00'),(264,264,863,'1970-01-01 00:00:00'),(265,265,3573,'1970-01-01 00:00:00'),(266,266,3196,'1970-01-01 00:00:00'),(267,267,4601,'1970-01-01 00:00:00'),(268,268,3021,'1970-01-01 00:00:00'),(269,269,2212,'1970-01-01 00:00:00'),(270,270,2721,'1970-01-01 00:00:00'),(271,271,566,'1970-01-01 00:00:00'),(272,272,1735,'1970-01-01 00:00:00'),(273,273,3219,'1970-01-01 00:00:00'),(274,274,3375,'1970-01-01 00:00:00'),(275,275,1242,'1970-01-01 00:00:00'),(276,276,4627,'1970-01-01 00:00:00'),(277,277,3483,'1970-01-01 00:00:00'),(278,278,4572,'1970-01-01 00:00:00'),(279,279,4161,'1970-01-01 00:00:00'),(280,280,79,'1970-01-01 00:00:00'),(281,281,4857,'1970-01-01 00:00:00'),(282,282,810,'1970-01-01 00:00:00'),(283,283,3207,'1970-01-01 00:00:00'),(284,284,527,'1970-01-01 00:00:00'),(285,285,1712,'1970-01-01 00:00:00'),(286,286,1238,'1970-01-01 00:00:00'),(287,287,3179,'1970-01-01 00:00:00'),(288,288,2378,'1970-01-01 00:00:00'),(289,289,3849,'1970-01-01 00:00:00'),(290,290,93,'1970-01-01 00:00:00'),(291,291,2511,'1970-01-01 00:00:00'),(292,292,3560,'1970-01-01 00:00:00'),(293,293,4931,'1970-01-01 00:00:00'),(294,294,2846,'1970-01-01 00:00:00'),(295,295,210,'1970-01-01 00:00:00'),(296,296,1262,'1970-01-01 00:00:00'),(297,297,2788,'1970-01-01 00:00:00'),(298,298,479,'1970-01-01 00:00:00'),(299,299,1790,'1970-01-01 00:00:00'),(300,300,1981,'1970-01-01 00:00:00'),(301,301,712,'1970-01-01 00:00:00'),(302,302,3310,'1970-01-01 00:00:00'),(303,303,263,'1970-01-01 00:00:00'),(304,304,188,'1970-01-01 00:00:00'),(305,305,805,'1970-01-01 00:00:00'),(306,306,176,'1970-01-01 00:00:00'),(307,307,1692,'1970-01-01 00:00:00'),(308,308,1491,'1970-01-01 00:00:00'),(309,309,1957,'1970-01-01 00:00:00'),(310,310,1522,'1970-01-01 00:00:00'),(311,311,4609,'1970-01-01 00:00:00'),(312,312,778,'1970-01-01 00:00:00'),(313,313,1914,'1970-01-01 00:00:00'),(314,314,2898,'1970-01-01 00:00:00'),(315,315,1893,'1970-01-01 00:00:00'),(316,316,4736,'1970-01-01 00:00:00'),(317,317,1277,'1970-01-01 00:00:00'),(318,318,4560,'1970-01-01 00:00:00'),(319,319,1338,'1970-01-01 00:00:00'),(320,320,4289,'1970-01-01 00:00:00'),(321,321,609,'1970-01-01 00:00:00'),(322,322,1309,'1970-01-01 00:00:00'),(323,323,3471,'1970-01-01 00:00:00'),(324,324,527,'1970-01-01 00:00:00'),(325,325,1239,'1970-01-01 00:00:00'),(326,326,2863,'1970-01-01 00:00:00'),(327,327,4811,'1970-01-01 00:00:00'),(328,328,3779,'1970-01-01 00:00:00'),(329,329,2394,'1970-01-01 00:00:00'),(330,330,1699,'1970-01-01 00:00:00'),(331,331,3047,'1970-01-01 00:00:00'),(332,332,3235,'1970-01-01 00:00:00'),(333,333,3869,'1970-01-01 00:00:00'),(334,334,1487,'1970-01-01 00:00:00'),(335,335,1622,'1970-01-01 00:00:00'),(336,336,4630,'1970-01-01 00:00:00'),(337,337,2507,'1970-01-01 00:00:00'),(338,338,1093,'1970-01-01 00:00:00'),(339,339,4926,'1970-01-01 00:00:00'),(340,340,2987,'1970-01-01 00:00:00'),(341,341,4154,'1970-01-01 00:00:00'),(342,342,4606,'1970-01-01 00:00:00'),(343,343,823,'1970-01-01 00:00:00'),(344,344,3395,'1970-01-01 00:00:00'),(345,345,3087,'1970-01-01 00:00:00'),(346,346,3165,'1970-01-01 00:00:00'),(347,347,2708,'1970-01-01 00:00:00'),(348,348,1513,'1970-01-01 00:00:00'),(349,349,1291,'1970-01-01 00:00:00'),(350,350,1355,'1970-01-01 00:00:00'),(351,351,3159,'1970-01-01 00:00:00'),(352,352,2915,'1970-01-01 00:00:00'),(353,353,2636,'1970-01-01 00:00:00'),(354,354,122,'1970-01-01 00:00:00'),(355,355,4463,'1970-01-01 00:00:00'),(356,356,4507,'1970-01-01 00:00:00'),(357,357,117,'1970-01-01 00:00:00'),(358,358,1056,'1970-01-01 00:00:00'),(359,359,546,'1970-01-01 00:00:00'),(360,360,4352,'1970-01-01 00:00:00'),(361,361,699,'1970-01-01 00:00:00'),(362,362,4454,'1970-01-01 00:00:00'),(363,363,4360,'1970-01-01 00:00:00'),(364,364,442,'1970-01-01 00:00:00'),(365,365,1903,'1970-01-01 00:00:00'),(366,366,4730,'1970-01-01 00:00:00'),(367,367,3580,'1970-01-01 00:00:00'),(368,368,4339,'1970-01-01 00:00:00'),(369,369,2690,'1970-01-01 00:00:00'),(370,370,755,'1970-01-01 00:00:00'),(371,371,3993,'1970-01-01 00:00:00'),(372,372,471,'1970-01-01 00:00:00'),(373,373,2012,'1970-01-01 00:00:00'),(374,374,3851,'1970-01-01 00:00:00'),(375,375,4063,'1970-01-01 00:00:00'),(376,376,4115,'1970-01-01 00:00:00'),(377,377,4381,'1970-01-01 00:00:00'),(378,378,573,'1970-01-01 00:00:00'),(379,379,584,'1970-01-01 00:00:00'),(380,380,1579,'1970-01-01 00:00:00'),(381,381,4152,'1970-01-01 00:00:00'),(382,382,1844,'1970-01-01 00:00:00'),(383,383,673,'1970-01-01 00:00:00'),(384,384,2378,'1970-01-01 00:00:00'),(385,385,4035,'1970-01-01 00:00:00'),(386,386,3389,'1970-01-01 00:00:00'),(387,387,615,'1970-01-01 00:00:00'),(388,388,3362,'1970-01-01 00:00:00'),(389,389,277,'1970-01-01 00:00:00'),(390,390,4737,'1970-01-01 00:00:00'),(391,391,3571,'1970-01-01 00:00:00'),(392,392,4539,'1970-01-01 00:00:00'),(393,393,1724,'1970-01-01 00:00:00'),(394,394,2007,'1970-01-01 00:00:00'),(395,395,84,'1970-01-01 00:00:00'),(396,396,1952,'1970-01-01 00:00:00'),(397,397,3130,'1970-01-01 00:00:00'),(398,398,3448,'1970-01-01 00:00:00'),(399,399,689,'1970-01-01 00:00:00'),(400,400,3365,'1970-01-01 00:00:00'),(401,401,1525,'1970-01-01 00:00:00'),(402,402,4961,'1970-01-01 00:00:00'),(403,403,117,'1970-01-01 00:00:00'),(404,404,1994,'1970-01-01 00:00:00'),(405,405,3210,'1970-01-01 00:00:00'),(406,406,4472,'1970-01-01 00:00:00'),(407,407,1671,'1970-01-01 00:00:00'),(408,408,3265,'1970-01-01 00:00:00'),(409,409,1403,'1970-01-01 00:00:00'),(410,410,413,'1970-01-01 00:00:00'),(411,411,3931,'1970-01-01 00:00:00'),(412,412,1951,'1970-01-01 00:00:00'),(413,413,227,'1970-01-01 00:00:00'),(414,414,257,'1970-01-01 00:00:00'),(415,415,4494,'1970-01-01 00:00:00'),(416,416,4446,'1970-01-01 00:00:00'),(417,417,3115,'1970-01-01 00:00:00'),(418,418,3035,'1970-01-01 00:00:00'),(419,419,2953,'1970-01-01 00:00:00'),(420,420,1725,'1970-01-01 00:00:00'),(421,421,2688,'1970-01-01 00:00:00'),(422,422,907,'1970-01-01 00:00:00'),(423,423,3941,'1970-01-01 00:00:00'),(424,424,722,'1970-01-01 00:00:00'),(425,425,4608,'1970-01-01 00:00:00'),(426,426,3782,'1970-01-01 00:00:00'),(427,427,2647,'1970-01-01 00:00:00'),(428,428,2058,'1970-01-01 00:00:00'),(429,429,20,'1970-01-01 00:00:00'),(430,430,4718,'1970-01-01 00:00:00'),(431,431,4582,'1970-01-01 00:00:00'),(432,432,3806,'1970-01-01 00:00:00'),(433,433,4462,'1970-01-01 00:00:00'),(434,434,2657,'1970-01-01 00:00:00'),(435,435,1367,'1970-01-01 00:00:00'),(436,436,3984,'1970-01-01 00:00:00'),(437,437,3941,'1970-01-01 00:00:00'),(438,438,4676,'1970-01-01 00:00:00'),(439,439,2278,'1970-01-01 00:00:00'),(440,440,2897,'1970-01-01 00:00:00'),(441,441,2684,'1970-01-01 00:00:00'),(442,442,2289,'1970-01-01 00:00:00'),(443,443,3126,'1970-01-01 00:00:00'),(444,444,4794,'1970-01-01 00:00:00'),(445,445,2550,'1970-01-01 00:00:00'),(446,446,2518,'1970-01-01 00:00:00'),(447,447,659,'1970-01-01 00:00:00'),(448,448,3296,'1970-01-01 00:00:00'),(449,449,4106,'1970-01-01 00:00:00'),(450,450,714,'1970-01-01 00:00:00'),(451,451,1622,'1970-01-01 00:00:00'),(452,452,4300,'1970-01-01 00:00:00'),(453,453,2558,'1970-01-01 00:00:00'),(454,454,2903,'1970-01-01 00:00:00'),(455,455,1121,'1970-01-01 00:00:00'),(456,456,3745,'1970-01-01 00:00:00'),(457,457,1437,'1970-01-01 00:00:00'),(458,458,3200,'1970-01-01 00:00:00'),(459,459,4824,'1970-01-01 00:00:00'),(460,460,2716,'1970-01-01 00:00:00'),(461,461,4902,'1970-01-01 00:00:00'),(462,462,2087,'1970-01-01 00:00:00'),(463,463,647,'1970-01-01 00:00:00'),(464,464,2308,'1970-01-01 00:00:00'),(465,465,4483,'1970-01-01 00:00:00'),(466,466,162,'1970-01-01 00:00:00'),(467,467,1545,'1970-01-01 00:00:00'),(468,468,1834,'1970-01-01 00:00:00'),(469,469,2688,'1970-01-01 00:00:00'),(470,470,2624,'1970-01-01 00:00:00'),(471,471,4979,'1970-01-01 00:00:00'),(472,472,2379,'1970-01-01 00:00:00'),(473,473,1390,'1970-01-01 00:00:00'),(474,474,1908,'1970-01-01 00:00:00'),(475,475,1453,'1970-01-01 00:00:00'),(476,476,1869,'1970-01-01 00:00:00'),(477,477,3018,'1970-01-01 00:00:00'),(478,478,4260,'1970-01-01 00:00:00'),(479,479,4313,'1970-01-01 00:00:00'),(480,480,2417,'1970-01-01 00:00:00'),(481,481,1392,'1970-01-01 00:00:00'),(482,482,1930,'1970-01-01 00:00:00'),(483,483,2,'1970-01-01 00:00:00'),(484,484,2328,'1970-01-01 00:00:00'),(485,485,1667,'1970-01-01 00:00:00'),(486,486,4223,'1970-01-01 00:00:00'),(487,487,4767,'1970-01-01 00:00:00'),(488,488,539,'1970-01-01 00:00:00'),(489,489,4068,'1970-01-01 00:00:00'),(490,490,205,'1970-01-01 00:00:00'),(491,491,2806,'1970-01-01 00:00:00'),(492,492,2068,'1970-01-01 00:00:00'),(493,493,1636,'1970-01-01 00:00:00'),(494,494,157,'1970-01-01 00:00:00'),(495,495,1457,'1970-01-01 00:00:00'),(496,496,2272,'1970-01-01 00:00:00'),(497,497,4567,'1970-01-01 00:00:00'),(498,498,2489,'1970-01-01 00:00:00'),(499,499,918,'1970-01-01 00:00:00'),(500,500,4041,'1970-01-01 00:00:00'),(501,501,4419,'1970-01-01 00:00:00'),(502,502,61,'1970-01-01 00:00:00'),(503,503,518,'1970-01-01 00:00:00'),(504,504,2820,'1970-01-01 00:00:00'),(505,505,2757,'1970-01-01 00:00:00'),(506,506,672,'1970-01-01 00:00:00'),(507,507,2616,'1970-01-01 00:00:00'),(508,508,3069,'1970-01-01 00:00:00'),(509,509,3892,'1970-01-01 00:00:00'),(510,510,778,'1970-01-01 00:00:00'),(511,511,966,'1970-01-01 00:00:00'),(512,512,4931,'1970-01-01 00:00:00'),(513,513,2401,'1970-01-01 00:00:00'),(514,514,2074,'1970-01-01 00:00:00'),(515,515,2071,'1970-01-01 00:00:00'),(516,516,1826,'1970-01-01 00:00:00'),(517,517,4045,'1970-01-01 00:00:00'),(518,518,2899,'1970-01-01 00:00:00'),(519,519,3970,'1970-01-01 00:00:00'),(520,520,1349,'1970-01-01 00:00:00'),(521,521,1477,'1970-01-01 00:00:00'),(522,522,2951,'1970-01-01 00:00:00'),(523,523,2124,'1970-01-01 00:00:00'),(524,524,3050,'1970-01-01 00:00:00'),(525,525,2480,'1970-01-01 00:00:00'),(526,526,2711,'1970-01-01 00:00:00'),(527,527,3937,'1970-01-01 00:00:00'),(528,528,1794,'1970-01-01 00:00:00'),(529,529,2549,'1970-01-01 00:00:00'),(530,530,1663,'1970-01-01 00:00:00');
/*!40000 ALTER TABLE `bonus_balance` ENABLE KEYS */;
UNLOCK TABLES;

--
-- Table structure for table `bonus_docs`
--

DROP TABLE IF EXISTS `bonus_docs`;
/*!40101 SET @saved_cs_client     = @@character_set_client */;
/*!50503 SET character_set_client = utf8mb4 */;
CREATE TABLE `bonus_docs` (
  `id` bigint unsigned NOT NULL AUTO_INCREMENT,
  `client_id` bigint unsigned NOT NULL,
  `external_id` varchar(255) NOT NULL,
  `created_at` datetime DEFAULT CURRENT_TIMESTAMP,
  `operation_description` varchar(255) NOT NULL,
  `operation_type` enum('birthday','shop_birthday','decreasing','increasing') NOT NULL,
  `bonus` int NOT NULL DEFAULT '0' COMMENT 'сумма бонусов',
  `discount` int unsigned DEFAULT '0' COMMENT 'процент постоянной скидки',
  PRIMARY KEY (`id`),
  UNIQUE KEY `id` (`id`),
  KEY `client_id` (`client_id`),
  CONSTRAINT `bonus_docs_ibfk_1` FOREIGN KEY (`client_id`) REFERENCES `clients` (`id`)
) ENGINE=InnoDB AUTO_INCREMENT=101 DEFAULT CHARSET=utf8mb4 COLLATE=utf8mb4_0900_ai_ci COMMENT='иные операции по бонусам';
/*!40101 SET character_set_client = @saved_cs_client */;

--
-- Dumping data for table `bonus_docs`
--

LOCK TABLES `bonus_docs` WRITE;
/*!40000 ALTER TABLE `bonus_docs` DISABLE KEYS */;
INSERT INTO `bonus_docs` VALUES (1,1,'559c26d9-bb97-11eb-98fb-283926e47295','2019-09-23 16:52:46','Dicta quod cupiditate fugit quia est ut.','increasing',-224,30),(2,2,'559d500c-bb97-11eb-98fb-283926e47295','1997-01-09 00:26:31','Officia a est earum ab dolor illum.','shop_birthday',13,22),(3,3,'559e4344-bb97-11eb-98fb-283926e47295','1984-09-19 15:07:03','Sunt assumenda ut totam modi voluptatem.','birthday',274,5),(4,4,'559ef629-bb97-11eb-98fb-283926e47295','1994-06-14 18:00:25','Eaque quia voluptatem dolorem laboriosam et animi ratione.','birthday',220,7),(5,5,'559fbc66-bb97-11eb-98fb-283926e47295','2018-02-27 11:07:52','Culpa pariatur qui excepturi.','birthday',276,39),(6,6,'55a0a5ed-bb97-11eb-98fb-283926e47295','1992-05-20 06:32:46','Praesentium magnam consequatur vel est autem omnis et.','increasing',19,31),(7,7,'55a1893c-bb97-11eb-98fb-283926e47295','1988-05-31 08:34:55','Qui accusantium ea ut reprehenderit suscipit.','birthday',-223,38),(8,8,'55a2690a-bb97-11eb-98fb-283926e47295','2011-05-13 20:00:12','Repellendus odit consequuntur velit ut aut expedita exercitationem ea.','decreasing',-203,20),(9,9,'55a4325d-bb97-11eb-98fb-283926e47295','2000-04-06 13:59:45','Voluptatem inventore quia cupiditate repellendus officia rerum quasi.','increasing',297,20),(10,10,'55a520b2-bb97-11eb-98fb-283926e47295','2004-11-11 07:34:51','Qui quibusdam sint beatae quas facere ab.','birthday',149,11),(11,11,'55a642cf-bb97-11eb-98fb-283926e47295','1999-11-23 09:53:50','Aut voluptas porro iusto.','birthday',63,31),(12,12,'55a70f20-bb97-11eb-98fb-283926e47295','2014-12-09 13:29:29','Alias qui quo quis expedita sapiente fuga.','birthday',415,33),(13,13,'55a7d9bb-bb97-11eb-98fb-283926e47295','1976-12-13 16:24:00','Et sint velit asperiores sed.','increasing',148,23),(14,14,'55a8a29c-bb97-11eb-98fb-283926e47295','1988-07-10 22:35:10','Nulla perspiciatis optio quo quas alias.','shop_birthday',-286,3),(15,15,'55aa9dc7-bb97-11eb-98fb-283926e47295','2007-04-03 19:32:58','Architecto eius doloremque sunt.','increasing',123,34),(16,16,'55abed6c-bb97-11eb-98fb-283926e47295','1971-08-21 04:35:49','Temporibus quis quis explicabo.','decreasing',367,23),(17,17,'55ad184a-bb97-11eb-98fb-283926e47295','1988-03-09 20:04:04','Nobis veritatis totam qui repellat commodi numquam optio minima.','increasing',41,16),(18,18,'55adf374-bb97-11eb-98fb-283926e47295','1991-02-15 22:13:57','Aliquam laboriosam enim laboriosam enim dolorem maxime illo.','increasing',188,9),(19,19,'55aedf9f-bb97-11eb-98fb-283926e47295','2019-11-08 12:29:35','Asperiores repellendus illo voluptatem dolore.','decreasing',-75,0),(20,20,'55afebde-bb97-11eb-98fb-283926e47295','2019-03-16 00:47:57','Maxime iusto deserunt suscipit labore illo ut.','decreasing',363,40),(21,21,'55b0b770-bb97-11eb-98fb-283926e47295','2012-01-26 13:54:42','Esse exercitationem ex ut minus non consectetur mollitia.','birthday',-190,40),(22,22,'55b1a1f7-bb97-11eb-98fb-283926e47295','2015-05-08 10:43:45','Voluptatem earum voluptatem omnis quibusdam et.','shop_birthday',330,28),(23,23,'55b29631-bb97-11eb-98fb-283926e47295','1988-07-22 05:36:41','Voluptatum fuga totam dolor laboriosam ea non ab.','increasing',-233,21),(24,24,'55b38bfd-bb97-11eb-98fb-283926e47295','2019-09-19 13:01:20','Quo autem aut veniam.','increasing',270,42),(25,25,'55b4763f-bb97-11eb-98fb-283926e47295','1994-06-23 12:34:48','Impedit accusantium quo incidunt qui.','decreasing',1,14),(26,26,'55b57846-bb97-11eb-98fb-283926e47295','1974-10-20 02:18:38','Sunt exercitationem provident sunt quisquam.','increasing',-61,20),(27,27,'55b65603-bb97-11eb-98fb-283926e47295','2004-04-12 01:42:45','Totam totam rerum temporibus voluptatibus esse.','shop_birthday',125,33),(28,28,'55b7348b-bb97-11eb-98fb-283926e47295','2018-11-17 12:32:38','Non fuga voluptates nostrum eum.','increasing',-194,9),(29,29,'55b816b7-bb97-11eb-98fb-283926e47295','2004-03-11 00:30:21','Saepe et placeat perspiciatis perferendis aut magni.','birthday',98,19),(30,30,'55b8f734-bb97-11eb-98fb-283926e47295','2002-11-29 01:11:41','Corrupti velit maxime enim.','birthday',-187,10),(31,31,'55b9dae9-bb97-11eb-98fb-283926e47295','1973-11-02 08:55:49','Corrupti repudiandae et tempore alias omnis corrupti sint.','birthday',274,32),(32,32,'55baf36b-bb97-11eb-98fb-283926e47295','1986-07-06 21:16:59','Sequi voluptatum qui est consequatur sunt eum.','birthday',-114,44),(33,33,'55bb9e1d-bb97-11eb-98fb-283926e47295','1998-05-23 01:11:59','Ut provident sit voluptatem perspiciatis molestiae.','decreasing',-38,17),(34,34,'55bc7e69-bb97-11eb-98fb-283926e47295','1982-11-18 01:53:28','Molestias qui consequuntur ipsam tenetur aspernatur voluptas hic.','increasing',223,36),(35,35,'55bda0a7-bb97-11eb-98fb-283926e47295','2015-01-29 16:19:12','Veniam dolores et at est placeat nobis cupiditate.','decreasing',-222,41),(36,36,'55be8399-bb97-11eb-98fb-283926e47295','1974-12-04 11:44:59','Placeat mollitia repellat corporis alias.','shop_birthday',-240,3),(37,37,'55bfe94d-bb97-11eb-98fb-283926e47295','2015-11-11 09:44:31','Voluptatum voluptate perspiciatis alias molestiae amet ex sit.','increasing',208,33),(38,38,'55c0c7ce-bb97-11eb-98fb-283926e47295','1990-05-10 18:25:52','Exercitationem in reprehenderit nihil debitis accusantium laboriosam dignissimos commodi.','increasing',108,44),(39,39,'55c1a378-bb97-11eb-98fb-283926e47295','2003-07-30 15:21:10','Laboriosam commodi est unde odit quos minima.','decreasing',137,1),(40,40,'55c2550f-bb97-11eb-98fb-283926e47295','2007-09-29 15:48:27','Aut minima nulla perspiciatis natus.','increasing',216,40),(41,41,'55c3181f-bb97-11eb-98fb-283926e47295','2017-12-29 21:13:52','Earum et autem voluptas incidunt.','decreasing',380,15),(42,42,'55c3f3e8-bb97-11eb-98fb-283926e47295','1980-10-12 14:34:58','Expedita consequatur minus quia.','decreasing',-64,1),(43,43,'55c4fb6c-bb97-11eb-98fb-283926e47295','2000-06-04 17:11:03','Aut iste dolorem perspiciatis iste itaque eos.','birthday',151,6),(44,44,'55c5e28a-bb97-11eb-98fb-283926e47295','2003-05-21 04:01:19','Adipisci officiis sit voluptate corrupti consequatur ipsum.','increasing',306,39),(45,45,'55c6d6b4-bb97-11eb-98fb-283926e47295','1993-04-28 17:14:31','Rerum repudiandae cum itaque labore sit.','shop_birthday',-133,34),(46,46,'55c7b4a6-bb97-11eb-98fb-283926e47295','2019-07-25 17:03:08','Dolor repellat aut esse earum praesentium et incidunt molestiae.','increasing',-299,44),(47,47,'55c89c08-bb97-11eb-98fb-283926e47295','1998-12-14 19:13:50','Sapiente et et animi iure esse animi autem.','shop_birthday',-147,36),(48,48,'55c99e13-bb97-11eb-98fb-283926e47295','1975-05-12 02:02:41','Non laboriosam adipisci nihil nihil itaque quos.','decreasing',-105,8),(49,49,'55ca8176-bb97-11eb-98fb-283926e47295','2017-05-12 01:48:29','Eos omnis dolorem sit.','increasing',-200,20),(50,50,'55cb6092-bb97-11eb-98fb-283926e47295','1979-06-27 19:12:34','Quisquam rerum non rem nihil.','increasing',236,38),(51,51,'55cc3e41-bb97-11eb-98fb-283926e47295','1970-07-16 10:30:56','Ipsam minus at nesciunt et id eligendi.','birthday',101,11),(52,52,'55cd4ef9-bb97-11eb-98fb-283926e47295','2020-03-14 16:43:41','Asperiores unde neque magnam eum vitae.','shop_birthday',29,31),(53,53,'55ce1546-bb97-11eb-98fb-283926e47295','1989-04-15 08:48:25','Ut ipsam nihil quia exercitationem.','birthday',294,39),(54,54,'55cf01dc-bb97-11eb-98fb-283926e47295','2019-09-03 09:02:26','Cum aut ea recusandae provident inventore blanditiis.','shop_birthday',395,40),(55,55,'55d000e3-bb97-11eb-98fb-283926e47295','2001-09-12 10:23:04','Temporibus ut eum repellat enim ducimus enim earum delectus.','birthday',-193,1),(56,56,'55d0d501-bb97-11eb-98fb-283926e47295','2010-08-21 01:03:14','Itaque quam nobis expedita assumenda occaecati.','birthday',320,31),(57,57,'55d19226-bb97-11eb-98fb-283926e47295','1974-08-16 15:27:54','Illo voluptatibus iste quo.','birthday',443,4),(58,58,'55d241f6-bb97-11eb-98fb-283926e47295','1985-07-03 13:35:44','Velit ducimus quia iure ratione.','increasing',-264,33),(59,59,'55d33a0a-bb97-11eb-98fb-283926e47295','1994-06-28 10:53:18','Ut aspernatur occaecati soluta consectetur est sit perspiciatis.','birthday',454,5),(60,60,'55d416fd-bb97-11eb-98fb-283926e47295','2004-01-27 02:34:06','Aut accusantium exercitationem incidunt repellendus unde consequatur ut.','increasing',277,5),(61,61,'55d539ff-bb97-11eb-98fb-283926e47295','2002-03-12 20:09:26','Enim quibusdam porro dolor et ut qui similique.','shop_birthday',425,35),(62,62,'55d5f4f7-bb97-11eb-98fb-283926e47295','1971-01-22 15:58:26','Omnis illo hic magnam consequatur repudiandae magni.','increasing',-62,3),(63,63,'55d74d5c-bb97-11eb-98fb-283926e47295','1980-01-31 10:50:02','Temporibus ut repellat dolor qui.','shop_birthday',337,33),(64,64,'55d85a5a-bb97-11eb-98fb-283926e47295','2013-11-29 13:19:28','Ipsa nemo magni ad atque.','decreasing',-182,0),(65,65,'55d95d40-bb97-11eb-98fb-283926e47295','1975-01-13 08:29:27','Minima maxime molestiae veniam ab pariatur.','birthday',-201,14),(66,66,'55da3c9f-bb97-11eb-98fb-283926e47295','2016-09-14 02:33:45','Id libero voluptatem doloremque.','birthday',405,23),(67,67,'55db0dba-bb97-11eb-98fb-283926e47295','1982-10-26 05:49:32','Rerum in voluptatum laudantium possimus aut ullam.','decreasing',124,21),(68,68,'55dbe793-bb97-11eb-98fb-283926e47295','1975-11-14 20:20:25','Consequatur eos laboriosam quasi.','birthday',82,26),(69,69,'55dcf7ec-bb97-11eb-98fb-283926e47295','2009-02-13 23:32:18','Et vero esse quisquam laboriosam consequatur ipsa natus.','shop_birthday',244,29),(70,70,'55ddcc0c-bb97-11eb-98fb-283926e47295','1996-06-25 20:38:18','Earum est omnis enim enim et excepturi quo ad.','decreasing',-96,6),(71,71,'55de87a8-bb97-11eb-98fb-283926e47295','1972-08-13 03:57:10','Quo consequuntur rem at eum necessitatibus molestias.','shop_birthday',-108,0),(72,72,'55df7ce8-bb97-11eb-98fb-283926e47295','1974-01-26 18:40:26','Totam recusandae et quidem.','shop_birthday',-19,19),(73,73,'55e04e5d-bb97-11eb-98fb-283926e47295','1990-01-07 00:41:01','Repellat explicabo et est.','birthday',469,9),(74,74,'55e122fd-bb97-11eb-98fb-283926e47295','1978-10-20 06:34:07','Et esse et quo quam.','increasing',408,11),(75,75,'55e21cfc-bb97-11eb-98fb-283926e47295','1998-07-27 08:56:46','Quia porro consectetur omnis eius.','increasing',415,26),(76,76,'55e2fb39-bb97-11eb-98fb-283926e47295','1971-05-13 16:39:00','Vel molestiae ut temporibus fuga.','shop_birthday',-47,29),(77,77,'55e3e4fa-bb97-11eb-98fb-283926e47295','2019-04-15 21:46:19','Inventore quos non consequatur quos magni.','shop_birthday',190,1),(78,78,'55e4c51d-bb97-11eb-98fb-283926e47295','1974-12-04 17:51:20','Dolorum quo sequi nam quidem voluptas.','shop_birthday',410,31),(79,79,'55e5a75f-bb97-11eb-98fb-283926e47295','1977-07-09 02:18:28','Voluptatem accusantium beatae delectus.','shop_birthday',-87,41),(80,80,'55e6a5fe-bb97-11eb-98fb-283926e47295','2019-12-21 04:20:06','Qui similique nulla sunt autem.','shop_birthday',159,18),(81,81,'55e77c98-bb97-11eb-98fb-283926e47295','1993-12-28 20:32:20','Quia aut enim doloremque sit quod veniam voluptates.','shop_birthday',-253,33),(82,82,'55e830b7-bb97-11eb-98fb-283926e47295','2009-05-23 00:57:14','In necessitatibus laborum ut impedit.','birthday',-52,21),(83,83,'55e8f3f8-bb97-11eb-98fb-283926e47295','1984-06-01 21:51:39','Sit illum quos magni eveniet similique quidem.','increasing',-202,35),(84,84,'55e9dfb6-bb97-11eb-98fb-283926e47295','1984-05-25 17:33:18','Cumque totam ad omnis sit quia veritatis nam dignissimos.','shop_birthday',388,16),(85,85,'55eaf15c-bb97-11eb-98fb-283926e47295','1990-01-27 21:28:27','Consequatur et mollitia quam magni tempora.','shop_birthday',308,5),(86,86,'55ebd1ef-bb97-11eb-98fb-283926e47295','2004-09-30 19:00:51','Doloremque accusamus optio atque repudiandae totam.','decreasing',-169,18),(87,87,'55ecd0a3-bb97-11eb-98fb-283926e47295','1995-02-18 17:35:01','Repellendus aut nostrum culpa nam.','birthday',182,3),(88,88,'55eda15c-bb97-11eb-98fb-283926e47295','2016-12-08 23:07:51','Distinctio totam accusamus consequatur officiis vitae ratione quis.','decreasing',-108,17),(89,89,'55ee634b-bb97-11eb-98fb-283926e47295','1998-03-13 04:27:23','A iusto officiis error sint minus.','birthday',185,3),(90,90,'55ef4b9f-bb97-11eb-98fb-283926e47295','1981-01-07 23:42:10','Nihil placeat aperiam sit.','increasing',319,0),(91,91,'55f01883-bb97-11eb-98fb-283926e47295','1997-10-24 10:18:15','Laboriosam aut reprehenderit voluptates autem voluptate quo.','increasing',243,18),(92,92,'55f10fa8-bb97-11eb-98fb-283926e47295','2000-12-14 17:40:43','Est optio sunt harum molestiae qui id.','decreasing',-74,34),(93,93,'55f1f230-bb97-11eb-98fb-283926e47295','2009-09-23 23:50:36','Eius magnam cumque recusandae.','shop_birthday',-121,2),(94,94,'55f2d9a9-bb97-11eb-98fb-283926e47295','1997-04-03 19:40:28','Officia ut vel ipsam voluptas.','shop_birthday',166,35),(95,95,'55f3c981-bb97-11eb-98fb-283926e47295','1975-10-13 21:38:47','Officia omnis quo aliquam laborum nostrum a officiis quia.','increasing',270,28),(96,96,'55f49488-bb97-11eb-98fb-283926e47295','1994-07-08 17:10:51','Sit enim repellat quo a autem voluptas laborum.','decreasing',-53,45),(97,97,'55f56981-bb97-11eb-98fb-283926e47295','1979-10-24 06:28:31','Provident voluptatem at saepe labore.','birthday',-269,0),(98,98,'55f64772-bb97-11eb-98fb-283926e47295','1995-07-22 21:35:30','Non earum qui sapiente facere assumenda minima id.','birthday',65,30),(99,99,'55f751bf-bb97-11eb-98fb-283926e47295','2000-05-18 06:18:18','Excepturi rerum debitis reiciendis voluptate.','increasing',-249,21),(100,100,'55f80dbb-bb97-11eb-98fb-283926e47295','1980-04-01 02:26:06','Maiores assumenda saepe explicabo officiis quia repellendus.','increasing',440,18);
/*!40000 ALTER TABLE `bonus_docs` ENABLE KEYS */;
UNLOCK TABLES;
/*!50003 SET @saved_cs_client      = @@character_set_client */ ;
/*!50003 SET @saved_cs_results     = @@character_set_results */ ;
/*!50003 SET @saved_col_connection = @@collation_connection */ ;
/*!50003 SET character_set_client  = utf8mb4 */ ;
/*!50003 SET character_set_results = utf8mb4 */ ;
/*!50003 SET collation_connection  = utf8mb4_0900_ai_ci */ ;
/*!50003 SET @saved_sql_mode       = @@sql_mode */ ;
/*!50003 SET sql_mode              = 'ONLY_FULL_GROUP_BY,STRICT_TRANS_TABLES,NO_ZERO_IN_DATE,NO_ZERO_DATE,ERROR_FOR_DIVISION_BY_ZERO,NO_ENGINE_SUBSTITUTION' */ ;
DELIMITER ;;
/*!50003 CREATE*/ /*!50017 DEFINER=`root`@`localhost`*/ /*!50003 TRIGGER `before_insert_bonusdocs` BEFORE INSERT ON `bonus_docs` FOR EACH ROW BEGIN
  IF new.external_id IS NULL THEN
    SET new.external_id = uuid();
  END IF;
END */;;
DELIMITER ;
/*!50003 SET sql_mode              = @saved_sql_mode */ ;
/*!50003 SET character_set_client  = @saved_cs_client */ ;
/*!50003 SET character_set_results = @saved_cs_results */ ;
/*!50003 SET collation_connection  = @saved_col_connection */ ;

--
-- Table structure for table `bonuses`
--

DROP TABLE IF EXISTS `bonuses`;
/*!40101 SET @saved_cs_client     = @@character_set_client */;
/*!50503 SET character_set_client = utf8mb4 */;
CREATE TABLE `bonuses` (
  `id` bigint unsigned NOT NULL AUTO_INCREMENT,
  `client_id` bigint unsigned NOT NULL,
  `sales_id` bigint unsigned DEFAULT NULL,
  `doc_id` bigint unsigned DEFAULT NULL,
  `quantity` int NOT NULL DEFAULT '0',
  `created_at` datetime DEFAULT CURRENT_TIMESTAMP,
  PRIMARY KEY (`id`),
  UNIQUE KEY `id` (`id`),
  KEY `client_id` (`client_id`),
  CONSTRAINT `bonuses_ibfk_1` FOREIGN KEY (`client_id`) REFERENCES `clients` (`id`)
) ENGINE=InnoDB AUTO_INCREMENT=401 DEFAULT CHARSET=utf8mb4 COLLATE=utf8mb4_0900_ai_ci COMMENT='начисления и списания бонусов';
/*!40101 SET character_set_client = @saved_cs_client */;

--
-- Dumping data for table `bonuses`
--

LOCK TABLES `bonuses` WRITE;
/*!40000 ALTER TABLE `bonuses` DISABLE KEYS */;
INSERT INTO `bonuses` VALUES (1,1,1,1,0,'2004-10-28 14:42:51'),(2,2,2,2,0,'1972-03-26 08:26:02'),(3,3,3,3,0,'1975-11-12 12:55:53'),(4,4,4,4,0,'1971-07-27 18:35:11'),(5,5,5,5,0,'2008-04-22 03:58:15'),(6,6,6,6,0,'1970-11-05 23:57:08'),(7,7,7,7,0,'1975-09-21 14:18:28'),(8,8,8,8,0,'1990-04-05 11:55:01'),(9,9,9,9,0,'2000-02-15 06:35:56'),(10,10,10,10,0,'1985-09-26 16:43:51'),(11,11,11,11,0,'2008-12-01 07:48:21'),(12,12,12,12,0,'2009-12-21 05:05:57'),(13,13,13,13,0,'2010-05-14 21:46:04'),(14,14,14,14,0,'1973-11-28 10:29:01'),(15,15,15,15,0,'2018-11-18 17:38:34'),(16,16,16,16,0,'1978-06-04 12:15:40'),(17,17,17,17,0,'1975-11-27 22:37:34'),(18,18,18,18,0,'1981-08-16 15:20:57'),(19,19,19,19,0,'1980-05-09 01:36:01'),(20,20,20,20,0,'2011-01-15 19:01:09'),(21,21,21,21,0,'2017-07-24 09:54:48'),(22,22,22,22,0,'1987-05-05 15:01:39'),(23,23,23,23,0,'2016-01-30 06:10:14'),(24,24,24,24,0,'1996-04-12 05:37:01'),(25,25,25,25,0,'2019-12-19 08:55:34'),(26,26,26,26,0,'1978-09-02 23:16:31'),(27,27,27,27,0,'1999-06-23 09:39:02'),(28,28,28,28,0,'1996-06-03 17:25:28'),(29,29,29,29,0,'2005-11-13 05:51:15'),(30,30,30,30,0,'1993-03-24 09:05:33'),(31,31,31,31,0,'1985-10-22 20:58:03'),(32,32,32,32,0,'1974-02-14 12:29:13'),(33,33,33,33,0,'1988-10-01 07:20:00'),(34,34,34,34,0,'1985-05-25 06:29:01'),(35,35,35,35,0,'2010-03-08 08:51:20'),(36,36,36,36,0,'2001-08-26 02:02:08'),(37,37,37,37,0,'1975-05-11 11:02:23'),(38,38,38,38,0,'1983-11-21 14:41:58'),(39,39,39,39,0,'2008-05-16 12:43:35'),(40,40,40,40,0,'1972-03-01 14:58:27'),(41,41,41,41,0,'2017-05-08 20:56:46'),(42,42,42,42,0,'1972-10-16 15:02:32'),(43,43,43,43,0,'2012-07-03 23:46:28'),(44,44,44,44,0,'2015-04-05 11:39:07'),(45,45,45,45,0,'1988-02-24 09:38:38'),(46,46,46,46,0,'1980-06-09 10:07:26'),(47,47,47,47,0,'2020-02-11 17:45:38'),(48,48,48,48,0,'2014-04-23 13:50:46'),(49,49,49,49,0,'1984-05-20 09:04:41'),(50,50,50,50,0,'1997-02-14 15:21:22'),(51,51,51,51,0,'2020-06-29 03:48:32'),(52,52,52,52,0,'2013-01-23 22:27:58'),(53,53,53,53,0,'1972-06-14 10:38:47'),(54,54,54,54,0,'1970-08-12 23:50:09'),(55,55,55,55,0,'2014-02-23 20:51:48'),(56,56,56,56,0,'1992-07-19 21:44:20'),(57,57,57,57,0,'2018-08-26 14:43:18'),(58,58,58,58,0,'1987-07-11 01:59:05'),(59,59,59,59,0,'2003-02-05 08:14:59'),(60,60,60,60,0,'1979-10-27 18:52:47'),(61,61,61,61,0,'1974-08-31 09:24:16'),(62,62,62,62,0,'1975-09-01 19:22:22'),(63,63,63,63,0,'2008-08-02 01:26:48'),(64,64,64,64,0,'1980-01-20 07:20:54'),(65,65,65,65,0,'1971-01-03 16:06:48'),(66,66,66,66,0,'1975-10-30 13:36:21'),(67,67,67,67,0,'2018-12-10 10:36:43'),(68,68,68,68,0,'1994-07-03 02:26:15'),(69,69,69,69,0,'1980-02-11 14:48:25'),(70,70,70,70,0,'1981-06-14 13:12:10'),(71,71,71,71,0,'1988-10-06 16:33:56'),(72,72,72,72,0,'1977-09-20 14:56:19'),(73,73,73,73,0,'2015-07-24 18:52:11'),(74,74,74,74,0,'2005-11-07 17:54:10'),(75,75,75,75,0,'2004-05-15 19:58:26'),(76,76,76,76,0,'1974-06-05 04:07:34'),(77,77,77,77,0,'1987-11-15 10:47:22'),(78,78,78,78,0,'2019-10-26 11:40:26'),(79,79,79,79,0,'2010-06-21 12:41:30'),(80,80,80,80,0,'2004-03-26 06:13:40'),(81,81,81,81,0,'2011-05-30 09:44:10'),(82,82,82,82,0,'1974-04-26 09:03:04'),(83,83,83,83,0,'1994-06-23 21:24:48'),(84,84,84,84,0,'2001-01-04 12:06:53'),(85,85,85,85,0,'1972-08-24 18:26:55'),(86,86,86,86,0,'1983-06-26 02:14:21'),(87,87,87,87,0,'1993-12-24 11:33:18'),(88,88,88,88,0,'1990-09-23 03:09:21'),(89,89,89,89,0,'1986-03-17 05:24:07'),(90,90,90,90,0,'1997-06-11 02:54:32'),(91,91,91,91,0,'2007-05-20 16:16:18'),(92,92,92,92,0,'2013-11-02 01:44:35'),(93,93,93,93,0,'1984-06-29 09:29:35'),(94,94,94,94,0,'1984-02-26 06:20:01'),(95,95,95,95,0,'2002-12-13 18:43:17'),(96,96,96,96,0,'1990-05-12 12:33:42'),(97,97,97,97,0,'1980-08-14 11:05:06'),(98,98,98,98,0,'1984-11-16 07:39:21'),(99,99,99,99,0,'1987-06-28 12:20:56'),(100,100,100,100,0,'1983-08-25 00:03:53'),(101,101,101,1,0,'2002-07-01 14:51:43'),(102,102,102,2,0,'1973-10-10 07:25:56'),(103,103,103,3,0,'1981-05-16 02:38:56'),(104,104,104,4,0,'1985-05-31 21:29:33'),(105,105,105,5,0,'2020-06-21 14:07:46'),(106,106,106,6,0,'1992-09-29 20:37:48'),(107,107,107,7,0,'1973-01-30 02:09:22'),(108,108,108,8,0,'2010-07-24 11:46:43'),(109,109,109,9,0,'1992-01-16 23:25:36'),(110,110,110,10,0,'1971-07-10 17:22:32'),(111,111,111,11,0,'1987-11-19 17:51:34'),(112,112,112,12,0,'2009-02-24 06:16:52'),(113,113,113,13,0,'1985-01-28 10:40:40'),(114,114,114,14,0,'2006-12-28 22:59:25'),(115,115,115,15,0,'1980-11-30 10:25:57'),(116,116,116,16,0,'1972-09-30 14:07:24'),(117,117,117,17,0,'1996-10-25 03:49:27'),(118,118,118,18,0,'2016-09-28 08:40:17'),(119,119,119,19,0,'1993-07-07 06:00:37'),(120,120,120,20,0,'2006-05-10 08:21:08'),(121,121,121,21,0,'1995-06-20 09:58:05'),(122,122,122,22,0,'2011-07-24 19:55:44'),(123,123,123,23,0,'2000-08-10 16:43:47'),(124,124,124,24,0,'1990-09-05 12:22:04'),(125,125,125,25,0,'1993-04-26 09:49:40'),(126,126,126,26,0,'2015-03-07 18:23:46'),(127,127,127,27,0,'1999-06-18 00:12:24'),(128,128,128,28,0,'2019-09-03 05:24:04'),(129,129,129,29,0,'1997-10-12 07:32:48'),(130,130,130,30,0,'2016-06-16 17:53:39'),(131,131,131,31,0,'2015-05-20 13:24:16'),(132,132,132,32,0,'1986-03-31 10:22:16'),(133,133,133,33,0,'1983-10-31 16:43:39'),(134,134,134,34,0,'1984-07-28 13:27:57'),(135,135,135,35,0,'1990-02-04 19:32:57'),(136,136,136,36,0,'1996-05-29 21:20:14'),(137,137,137,37,0,'1975-06-08 01:38:56'),(138,138,138,38,0,'1987-12-21 20:08:17'),(139,139,139,39,0,'2003-09-16 20:28:10'),(140,140,140,40,0,'2002-12-07 23:25:43'),(141,141,141,41,0,'1974-10-14 05:18:44'),(142,142,142,42,0,'2002-12-24 03:12:13'),(143,143,143,43,0,'2013-01-24 04:33:59'),(144,144,144,44,0,'2007-04-02 11:37:40'),(145,145,145,45,0,'1973-08-06 10:41:46'),(146,146,146,46,0,'2018-10-26 09:13:46'),(147,147,147,47,0,'1979-03-30 23:31:13'),(148,148,148,48,0,'1989-06-28 19:01:31'),(149,149,149,49,0,'2009-08-21 07:27:07'),(150,150,150,50,0,'1999-11-06 02:33:54'),(151,151,151,51,0,'1995-04-15 17:52:09'),(152,152,152,52,0,'2013-11-26 23:18:49'),(153,153,153,53,0,'2015-09-24 22:58:42'),(154,154,154,54,0,'2017-06-22 07:19:59'),(155,155,155,55,0,'2017-11-08 21:28:31'),(156,156,156,56,0,'2001-06-11 06:11:27'),(157,157,157,57,0,'1988-01-01 19:50:44'),(158,158,158,58,0,'1974-07-15 05:22:21'),(159,159,159,59,0,'1975-11-22 21:11:08'),(160,160,160,60,0,'1984-10-07 10:06:44'),(161,161,161,61,0,'2019-11-03 15:04:03'),(162,162,162,62,0,'1996-04-08 21:50:32'),(163,163,163,63,0,'1982-02-27 06:57:03'),(164,164,164,64,0,'1985-06-21 03:32:03'),(165,165,165,65,0,'1995-06-23 18:26:09'),(166,166,166,66,0,'1975-12-02 09:47:24'),(167,167,167,67,0,'1989-09-27 16:16:32'),(168,168,168,68,0,'2008-07-22 01:20:21'),(169,169,169,69,0,'2011-10-14 11:28:26'),(170,170,170,70,0,'1985-11-27 16:00:10'),(171,171,171,71,0,'2005-02-24 23:18:06'),(172,172,172,72,0,'2007-11-24 04:56:07'),(173,173,173,73,0,'2016-06-03 21:56:40'),(174,174,174,74,0,'1998-12-04 01:55:05'),(175,175,175,75,0,'2000-06-15 08:51:01'),(176,176,176,76,0,'1984-10-13 19:09:59'),(177,177,177,77,0,'1999-03-01 15:46:38'),(178,178,178,78,0,'1998-12-27 01:27:28'),(179,179,179,79,0,'1984-01-04 06:04:54'),(180,180,180,80,0,'2018-11-17 03:58:23'),(181,181,181,81,0,'1991-12-22 16:27:48'),(182,182,182,82,0,'1998-12-28 06:41:26'),(183,183,183,83,0,'1999-05-30 17:39:03'),(184,184,184,84,0,'2009-09-26 12:16:05'),(185,185,185,85,0,'1987-05-25 23:37:40'),(186,186,186,86,0,'1988-05-22 21:39:00'),(187,187,187,87,0,'1972-01-25 21:40:54'),(188,188,188,88,0,'2015-12-26 04:14:08'),(189,189,189,89,0,'2007-10-18 02:05:01'),(190,190,190,90,0,'2001-07-27 09:19:15'),(191,191,191,91,0,'1970-06-02 00:00:56'),(192,192,192,92,0,'2000-04-18 06:33:56'),(193,193,193,93,0,'1979-02-10 12:12:23'),(194,194,194,94,0,'2017-12-25 02:02:46'),(195,195,195,95,0,'2000-03-03 00:04:55'),(196,196,196,96,0,'1971-03-26 17:05:40'),(197,197,197,97,0,'1998-07-15 15:27:11'),(198,198,198,98,0,'2011-12-24 21:21:26'),(199,199,199,99,0,'1999-10-20 12:58:59'),(200,200,200,100,0,'1983-02-09 12:25:44'),(201,201,201,1,0,'1976-03-18 08:14:35'),(202,202,202,2,0,'1985-08-07 03:07:06'),(203,203,203,3,0,'2008-03-27 23:01:34'),(204,204,204,4,0,'1999-10-13 09:53:16'),(205,205,205,5,0,'1992-11-08 02:31:04'),(206,206,206,6,0,'2002-02-14 00:42:32'),(207,207,207,7,0,'2016-04-23 14:34:18'),(208,208,208,8,0,'1993-03-24 01:21:17'),(209,209,209,9,0,'2009-11-20 05:03:17'),(210,210,210,10,0,'1977-06-19 09:04:06'),(211,211,211,11,0,'2015-11-08 01:51:17'),(212,212,212,12,0,'1983-08-19 16:34:42'),(213,213,213,13,0,'2015-03-16 19:57:58'),(214,214,214,14,0,'2011-10-20 00:51:13'),(215,215,215,15,0,'2014-11-29 15:15:21'),(216,216,216,16,0,'1990-02-19 16:04:01'),(217,217,217,17,0,'2011-06-24 15:06:13'),(218,218,218,18,0,'1999-02-21 06:02:32'),(219,219,219,19,0,'2011-07-31 07:21:35'),(220,220,220,20,0,'1979-12-21 03:43:43'),(221,221,221,21,0,'1981-04-10 17:31:03'),(222,222,222,22,0,'1982-11-07 00:52:38'),(223,223,223,23,0,'2008-09-30 17:50:08'),(224,224,224,24,0,'1983-09-14 01:09:10'),(225,225,225,25,0,'1979-04-16 09:47:27'),(226,226,226,26,0,'2001-04-22 04:09:36'),(227,227,227,27,0,'1994-10-25 15:39:14'),(228,228,228,28,0,'2010-11-13 19:30:29'),(229,229,229,29,0,'2004-05-12 11:37:43'),(230,230,230,30,0,'2007-03-24 12:26:58'),(231,231,231,31,0,'2012-07-03 22:17:17'),(232,232,232,32,0,'1980-11-23 14:11:58'),(233,233,233,33,0,'1979-06-18 13:00:20'),(234,234,234,34,0,'1985-04-10 01:18:02'),(235,235,235,35,0,'1990-07-30 20:11:24'),(236,236,236,36,0,'1978-06-08 00:16:14'),(237,237,237,37,0,'1995-12-17 06:05:53'),(238,238,238,38,0,'2014-08-05 15:53:27'),(239,239,239,39,0,'2006-04-23 04:31:41'),(240,240,240,40,0,'2011-09-03 03:58:57'),(241,241,241,41,0,'1996-03-04 07:34:01'),(242,242,242,42,0,'2019-01-12 13:31:36'),(243,243,243,43,0,'1980-07-26 03:25:45'),(244,244,244,44,0,'2004-02-11 08:49:16'),(245,245,245,45,0,'2012-07-05 08:53:33'),(246,246,246,46,0,'1989-01-03 04:49:48'),(247,247,247,47,0,'2014-08-23 08:43:14'),(248,248,248,48,0,'2009-12-28 10:33:00'),(249,249,249,49,0,'2001-04-05 14:37:49'),(250,250,250,50,0,'1992-01-23 01:53:09'),(251,251,251,51,0,'1977-12-12 02:50:22'),(252,252,252,52,0,'1986-02-16 15:36:56'),(253,253,253,53,0,'2007-08-10 12:30:19'),(254,254,254,54,0,'1997-02-28 10:58:25'),(255,255,255,55,0,'2009-12-21 23:11:25'),(256,256,256,56,0,'1973-11-20 04:51:44'),(257,257,257,57,0,'1970-07-06 08:47:54'),(258,258,258,58,0,'1984-01-21 08:51:49'),(259,259,259,59,0,'1996-08-16 09:50:21'),(260,260,260,60,0,'2008-08-10 08:10:15'),(261,261,261,61,0,'1977-02-13 11:29:49'),(262,262,262,62,0,'2000-02-01 22:57:26'),(263,263,263,63,0,'2020-03-18 19:28:33'),(264,264,264,64,0,'1985-05-31 21:10:46'),(265,265,265,65,0,'1974-08-17 06:44:18'),(266,266,266,66,0,'1987-12-24 20:42:11'),(267,267,267,67,0,'1975-09-19 18:01:27'),(268,268,268,68,0,'1976-01-20 21:30:29'),(269,269,269,69,0,'1980-04-26 07:35:38'),(270,270,270,70,0,'1992-02-13 14:32:40'),(271,271,271,71,0,'1976-02-23 23:50:30'),(272,272,272,72,0,'2020-10-09 09:05:34'),(273,273,273,73,0,'2014-05-09 07:39:39'),(274,274,274,74,0,'1996-06-19 21:23:37'),(275,275,275,75,0,'1991-08-04 17:09:40'),(276,276,276,76,0,'1977-10-10 08:34:58'),(277,277,277,77,0,'1997-02-13 09:15:05'),(278,278,278,78,0,'2006-10-21 12:36:47'),(279,279,279,79,0,'1987-01-20 22:26:54'),(280,280,280,80,0,'1976-04-14 19:05:47'),(281,281,281,81,0,'1990-03-28 17:15:46'),(282,282,282,82,0,'2000-08-17 15:01:01'),(283,283,283,83,0,'1987-01-01 23:52:55'),(284,284,284,84,0,'1989-12-15 16:55:06'),(285,285,285,85,0,'1974-02-03 17:45:13'),(286,286,286,86,0,'1980-01-23 20:56:51'),(287,287,287,87,0,'2007-01-07 09:11:51'),(288,288,288,88,0,'2017-07-14 00:36:27'),(289,289,289,89,0,'2003-03-15 11:30:48'),(290,290,290,90,0,'1991-05-01 15:32:54'),(291,291,291,91,0,'2010-04-07 19:52:45'),(292,292,292,92,0,'1985-12-04 00:20:31'),(293,293,293,93,0,'1970-12-25 06:51:02'),(294,294,294,94,0,'1983-06-13 15:12:12'),(295,295,295,95,0,'1999-05-04 19:10:20'),(296,296,296,96,0,'1984-06-29 06:24:47'),(297,297,297,97,0,'1976-07-10 09:29:20'),(298,298,298,98,0,'1981-09-23 16:02:11'),(299,299,299,99,0,'1970-04-24 03:38:53'),(300,300,300,100,0,'2007-03-07 02:37:11'),(301,301,301,1,0,'2003-09-03 08:32:20'),(302,302,302,2,0,'1989-08-24 23:20:11'),(303,303,303,3,0,'2018-03-14 06:21:42'),(304,304,304,4,0,'1998-04-03 01:23:20'),(305,305,305,5,0,'2010-04-05 14:50:02'),(306,306,306,6,0,'1998-01-06 16:49:47'),(307,307,307,7,0,'1992-08-19 23:18:37'),(308,308,308,8,0,'2017-09-19 07:27:20'),(309,309,309,9,0,'1982-09-30 13:27:37'),(310,310,310,10,0,'2005-05-24 08:05:40'),(311,311,311,11,0,'2003-05-17 07:00:57'),(312,312,312,12,0,'2016-02-27 23:49:41'),(313,313,313,13,0,'2009-09-28 03:24:17'),(314,314,314,14,0,'2013-11-16 10:36:55'),(315,315,315,15,0,'1994-03-21 14:26:47'),(316,316,316,16,0,'1988-04-10 07:05:28'),(317,317,317,17,0,'1985-10-25 00:27:08'),(318,318,318,18,0,'1972-12-30 09:35:29'),(319,319,319,19,0,'2012-03-21 03:45:52'),(320,320,320,20,0,'1970-01-12 23:20:39'),(321,321,321,21,0,'1990-05-21 13:12:11'),(322,322,322,22,0,'1997-11-16 20:27:51'),(323,323,323,23,0,'1992-09-01 03:26:16'),(324,324,324,24,0,'2000-09-15 07:43:53'),(325,325,325,25,0,'1988-09-19 01:23:50'),(326,326,326,26,0,'1993-02-04 17:18:46'),(327,327,327,27,0,'2016-01-04 20:07:42'),(328,328,328,28,0,'1994-11-28 16:26:54'),(329,329,329,29,0,'2020-10-16 14:48:59'),(330,330,330,30,0,'1985-07-23 05:46:46'),(331,331,331,31,0,'1989-07-20 17:47:00'),(332,332,332,32,0,'2009-07-26 23:51:22'),(333,333,333,33,0,'1988-10-12 06:29:06'),(334,334,334,34,0,'2001-01-14 17:33:45'),(335,335,335,35,0,'2007-08-11 00:28:13'),(336,336,336,36,0,'2000-04-14 01:46:09'),(337,337,337,37,0,'1997-10-03 18:31:51'),(338,338,338,38,0,'1992-04-27 09:08:51'),(339,339,339,39,0,'1979-04-19 10:46:24'),(340,340,340,40,0,'2012-01-01 21:14:34'),(341,341,341,41,0,'1981-10-26 23:11:00'),(342,342,342,42,0,'2017-07-05 09:34:33'),(343,343,343,43,0,'2016-08-21 21:25:49'),(344,344,344,44,0,'2017-10-16 10:18:50'),(345,345,345,45,0,'2009-07-16 11:27:31'),(346,346,346,46,0,'2013-10-01 23:19:57'),(347,347,347,47,0,'2011-08-03 14:00:57'),(348,348,348,48,0,'1987-06-16 04:41:30'),(349,349,349,49,0,'1990-04-06 00:01:23'),(350,350,350,50,0,'1996-07-15 09:45:52'),(351,351,351,51,0,'2018-05-22 04:07:20'),(352,352,352,52,0,'2009-06-25 22:22:45'),(353,353,353,53,0,'2003-10-28 18:18:21'),(354,354,354,54,0,'1970-01-01 06:39:54'),(355,355,355,55,0,'1993-08-26 07:00:13'),(356,356,356,56,0,'2006-06-01 13:22:25'),(357,357,357,57,0,'2002-04-12 01:24:05'),(358,358,358,58,0,'2006-11-02 16:12:20'),(359,359,359,59,0,'2021-02-05 12:47:18'),(360,360,360,60,0,'1979-07-12 11:19:22'),(361,361,361,61,0,'1989-12-15 09:25:38'),(362,362,362,62,0,'1991-10-22 17:05:24'),(363,363,363,63,0,'1998-10-03 20:41:57'),(364,364,364,64,0,'1993-03-16 07:58:26'),(365,365,365,65,0,'2018-02-14 15:48:56'),(366,366,366,66,0,'1997-05-17 05:40:00'),(367,367,367,67,0,'2013-04-06 09:43:30'),(368,368,368,68,0,'2008-09-09 02:49:27'),(369,369,369,69,0,'2016-07-02 12:48:05'),(370,370,370,70,0,'1992-07-03 10:13:05'),(371,371,371,71,0,'2006-07-12 16:00:06'),(372,372,372,72,0,'1976-12-06 07:26:00'),(373,373,373,73,0,'1990-11-18 08:15:24'),(374,374,374,74,0,'2018-07-24 02:41:05'),(375,375,375,75,0,'1981-03-11 08:27:20'),(376,376,376,76,0,'2002-04-17 05:44:48'),(377,377,377,77,0,'1978-11-19 05:21:00'),(378,378,378,78,0,'2014-10-09 01:28:31'),(379,379,379,79,0,'2011-10-25 04:07:28'),(380,380,380,80,0,'1979-01-22 08:46:01'),(381,381,381,81,0,'2004-10-27 05:47:51'),(382,382,382,82,0,'1992-07-17 07:03:44'),(383,383,383,83,0,'1981-05-18 19:56:32'),(384,384,384,84,0,'1973-09-21 06:20:41'),(385,385,385,85,0,'2008-06-28 17:53:08'),(386,386,386,86,0,'2015-08-01 02:23:09'),(387,387,387,87,0,'1989-05-04 11:38:27'),(388,388,388,88,0,'2011-04-25 13:11:34'),(389,389,389,89,0,'2001-04-08 01:34:36'),(390,390,390,90,0,'1970-12-01 15:07:08'),(391,391,391,91,0,'1984-12-28 16:58:10'),(392,392,392,92,0,'2009-09-07 08:18:34'),(393,393,393,93,0,'2001-09-23 16:04:02'),(394,394,394,94,0,'1995-03-01 14:40:07'),(395,395,395,95,0,'1971-11-26 00:05:51'),(396,396,396,96,0,'1971-04-20 10:22:59'),(397,397,397,97,0,'2007-06-25 20:59:46'),(398,398,398,98,0,'2006-02-18 11:02:01'),(399,399,399,99,0,'1992-12-10 07:28:57'),(400,400,400,100,0,'2002-07-16 10:34:31');
/*!40000 ALTER TABLE `bonuses` ENABLE KEYS */;
UNLOCK TABLES;
/*!50003 SET @saved_cs_client      = @@character_set_client */ ;
/*!50003 SET @saved_cs_results     = @@character_set_results */ ;
/*!50003 SET @saved_col_connection = @@collation_connection */ ;
/*!50003 SET character_set_client  = utf8mb4 */ ;
/*!50003 SET character_set_results = utf8mb4 */ ;
/*!50003 SET collation_connection  = utf8mb4_0900_ai_ci */ ;
/*!50003 SET @saved_sql_mode       = @@sql_mode */ ;
/*!50003 SET sql_mode              = 'ONLY_FULL_GROUP_BY,STRICT_TRANS_TABLES,NO_ZERO_IN_DATE,NO_ZERO_DATE,ERROR_FOR_DIVISION_BY_ZERO,NO_ENGINE_SUBSTITUTION' */ ;
DELIMITER ;;
/*!50003 CREATE*/ /*!50017 DEFINER=`root`@`localhost`*/ /*!50003 TRIGGER `after_insert_bonuses` AFTER INSERT ON `bonuses` FOR EACH ROW BEGIN
  SET @balance = 
  (SELECT
  SUM(bonuses.quantity) 
  FROM bonuses 
  WHERE bonuses.client_id = new.client_id 
  GROUP BY client_id);
  UPDATE bonus_balance 
  SET 
    quantity = @balance
  WHERE
    client_id = new.client_id ;
END */;;
DELIMITER ;
/*!50003 SET sql_mode              = @saved_sql_mode */ ;
/*!50003 SET character_set_client  = @saved_cs_client */ ;
/*!50003 SET character_set_results = @saved_cs_results */ ;
/*!50003 SET collation_connection  = @saved_col_connection */ ;

--
-- Table structure for table `catalogs`
--

DROP TABLE IF EXISTS `catalogs`;
/*!40101 SET @saved_cs_client     = @@character_set_client */;
/*!50503 SET character_set_client = utf8mb4 */;
CREATE TABLE `catalogs` (
  `id` bigint unsigned NOT NULL AUTO_INCREMENT,
  `external_id` varchar(255) NOT NULL,
  `name` varchar(255) CHARACTER SET utf8mb4 COLLATE utf8mb4_unicode_ci DEFAULT NULL COMMENT 'Название раздела',
  PRIMARY KEY (`id`),
  UNIQUE KEY `id` (`id`)
) ENGINE=InnoDB AUTO_INCREMENT=101 DEFAULT CHARSET=utf8mb4 COLLATE=utf8mb4_0900_ai_ci COMMENT='Разделы каталога продукции';
/*!40101 SET character_set_client = @saved_cs_client */;

--
-- Dumping data for table `catalogs`
--

LOCK TABLES `catalogs` WRITE;
/*!40000 ALTER TABLE `catalogs` DISABLE KEYS */;
INSERT INTO `catalogs` VALUES (1,'c05adc06-bb95-11eb-98fb-283926e47295','ut'),(2,'c05b953d-bb95-11eb-98fb-283926e47295','qui'),(3,'c05c610c-bb95-11eb-98fb-283926e47295','itaque'),(4,'c05d3ff1-bb95-11eb-98fb-283926e47295','iste'),(5,'c05e2e71-bb95-11eb-98fb-283926e47295','quam'),(6,'c05ed7b4-bb95-11eb-98fb-283926e47295','voluptatem'),(7,'c05f8c6c-bb95-11eb-98fb-283926e47295','quasi'),(8,'c06044f5-bb95-11eb-98fb-283926e47295','quo'),(9,'c060ff6d-bb95-11eb-98fb-283926e47295','autem'),(10,'c061a7be-bb95-11eb-98fb-283926e47295','nihil'),(11,'c06260ef-bb95-11eb-98fb-283926e47295','minus'),(12,'c06314b1-bb95-11eb-98fb-283926e47295','distinctio'),(13,'c063b6d0-bb95-11eb-98fb-283926e47295','magnam'),(14,'c0649d96-bb95-11eb-98fb-283926e47295','eveniet'),(15,'c0658fbf-bb95-11eb-98fb-283926e47295','iste'),(16,'c066457c-bb95-11eb-98fb-283926e47295','sed'),(17,'c066e5e2-bb95-11eb-98fb-283926e47295','qui'),(18,'c067a283-bb95-11eb-98fb-283926e47295','esse'),(19,'c0686a8a-bb95-11eb-98fb-283926e47295','porro'),(20,'c069298c-bb95-11eb-98fb-283926e47295','enim'),(21,'c069f29d-bb95-11eb-98fb-283926e47295','est'),(22,'c06aae21-bb95-11eb-98fb-283926e47295','totam'),(23,'c06b42b0-bb95-11eb-98fb-283926e47295','perferendis'),(24,'c06bbd1e-bb95-11eb-98fb-283926e47295','deleniti'),(25,'c06c6532-bb95-11eb-98fb-283926e47295','odio'),(26,'c06d05cc-bb95-11eb-98fb-283926e47295','quia'),(27,'c06e277b-bb95-11eb-98fb-283926e47295','ut'),(28,'c06ee178-bb95-11eb-98fb-283926e47295','eaque'),(29,'c06fa20f-bb95-11eb-98fb-283926e47295','tempora'),(30,'c0705484-bb95-11eb-98fb-283926e47295','quaerat'),(31,'c070fe55-bb95-11eb-98fb-283926e47295','explicabo'),(32,'c071b88e-bb95-11eb-98fb-283926e47295','ullam'),(33,'c07278ae-bb95-11eb-98fb-283926e47295','eos'),(34,'c0731d75-bb95-11eb-98fb-283926e47295','sapiente'),(35,'c073c745-bb95-11eb-98fb-283926e47295','voluptas'),(36,'c074994a-bb95-11eb-98fb-283926e47295','rerum'),(37,'c07542e8-bb95-11eb-98fb-283926e47295','cumque'),(38,'c075f30d-bb95-11eb-98fb-283926e47295','eligendi'),(39,'c076a04e-bb95-11eb-98fb-283926e47295','dignissimos'),(40,'c0775135-bb95-11eb-98fb-283926e47295','quasi'),(41,'c07808f5-bb95-11eb-98fb-283926e47295','maxime'),(42,'c078aad3-bb95-11eb-98fb-283926e47295','odio'),(43,'c0796666-bb95-11eb-98fb-283926e47295','iste'),(44,'c07a142e-bb95-11eb-98fb-283926e47295','perferendis'),(45,'c07abf09-bb95-11eb-98fb-283926e47295','et'),(46,'c07b66aa-bb95-11eb-98fb-283926e47295','doloremque'),(47,'c07c0f95-bb95-11eb-98fb-283926e47295','alias'),(48,'c07cbbd0-bb95-11eb-98fb-283926e47295','enim'),(49,'c07d7200-bb95-11eb-98fb-283926e47295','consequatur'),(50,'c07e366a-bb95-11eb-98fb-283926e47295','illum'),(51,'c07edf41-bb95-11eb-98fb-283926e47295','dicta'),(52,'c07f7dbb-bb95-11eb-98fb-283926e47295','et'),(53,'c08020a7-bb95-11eb-98fb-283926e47295','voluptas'),(54,'c080cb7a-bb95-11eb-98fb-283926e47295','mollitia'),(55,'c08185cc-bb95-11eb-98fb-283926e47295','in'),(56,'c0823558-bb95-11eb-98fb-283926e47295','hic'),(57,'c0832527-bb95-11eb-98fb-283926e47295','ut'),(58,'c083e386-bb95-11eb-98fb-283926e47295','beatae'),(59,'c08482c0-bb95-11eb-98fb-283926e47295','illum'),(60,'c0852148-bb95-11eb-98fb-283926e47295','doloribus'),(61,'c085cbc3-bb95-11eb-98fb-283926e47295','aut'),(62,'c086ffcd-bb95-11eb-98fb-283926e47295','dicta'),(63,'c087ce20-bb95-11eb-98fb-283926e47295','quae'),(64,'c088a165-bb95-11eb-98fb-283926e47295','odit'),(65,'c08950d7-bb95-11eb-98fb-283926e47295','consequatur'),(66,'c089f4dc-bb95-11eb-98fb-283926e47295','dolore'),(67,'c08a93c4-bb95-11eb-98fb-283926e47295','aut'),(68,'c08b3bf9-bb95-11eb-98fb-283926e47295','sit'),(69,'c08beebf-bb95-11eb-98fb-283926e47295','sapiente'),(70,'c08cb20f-bb95-11eb-98fb-283926e47295','qui'),(71,'c08d6a93-bb95-11eb-98fb-283926e47295','tempore'),(72,'c08e1eac-bb95-11eb-98fb-283926e47295','sit'),(73,'c08ec43c-bb95-11eb-98fb-283926e47295','tenetur'),(74,'c08f657f-bb95-11eb-98fb-283926e47295','dolores'),(75,'c0901408-bb95-11eb-98fb-283926e47295','maiores'),(76,'c090cc38-bb95-11eb-98fb-283926e47295','eveniet'),(77,'c091875c-bb95-11eb-98fb-283926e47295','ut'),(78,'c09233ba-bb95-11eb-98fb-283926e47295','sed'),(79,'c0931552-bb95-11eb-98fb-283926e47295','culpa'),(80,'c093c84c-bb95-11eb-98fb-283926e47295','quia'),(81,'c0947151-bb95-11eb-98fb-283926e47295','consectetur'),(82,'c095177d-bb95-11eb-98fb-283926e47295','cum'),(83,'c095d08b-bb95-11eb-98fb-283926e47295','accusantium'),(84,'c09692b4-bb95-11eb-98fb-283926e47295','sit'),(85,'c0974b4f-bb95-11eb-98fb-283926e47295','id'),(86,'c097fe20-bb95-11eb-98fb-283926e47295','omnis'),(87,'c098a61d-bb95-11eb-98fb-283926e47295','omnis'),(88,'c09949d8-bb95-11eb-98fb-283926e47295','et'),(89,'c099f14e-bb95-11eb-98fb-283926e47295','repellendus'),(90,'c09a92c8-bb95-11eb-98fb-283926e47295','et'),(91,'c09b421f-bb95-11eb-98fb-283926e47295','velit'),(92,'c09be362-bb95-11eb-98fb-283926e47295','dolores'),(93,'c09c8157-bb95-11eb-98fb-283926e47295','eos'),(94,'c09d266b-bb95-11eb-98fb-283926e47295','odit'),(95,'c09dd15e-bb95-11eb-98fb-283926e47295','unde'),(96,'c09e70c9-bb95-11eb-98fb-283926e47295','et'),(97,'c09f19c0-bb95-11eb-98fb-283926e47295','neque'),(98,'c09fbecf-bb95-11eb-98fb-283926e47295','accusamus'),(99,'c0a07b60-bb95-11eb-98fb-283926e47295','debitis'),(100,'c1a5cc6e-bb95-11eb-98fb-283926e47295','voluptas');
/*!40000 ALTER TABLE `catalogs` ENABLE KEYS */;
UNLOCK TABLES;
/*!50003 SET @saved_cs_client      = @@character_set_client */ ;
/*!50003 SET @saved_cs_results     = @@character_set_results */ ;
/*!50003 SET @saved_col_connection = @@collation_connection */ ;
/*!50003 SET character_set_client  = utf8mb4 */ ;
/*!50003 SET character_set_results = utf8mb4 */ ;
/*!50003 SET collation_connection  = utf8mb4_0900_ai_ci */ ;
/*!50003 SET @saved_sql_mode       = @@sql_mode */ ;
/*!50003 SET sql_mode              = 'ONLY_FULL_GROUP_BY,STRICT_TRANS_TABLES,NO_ZERO_IN_DATE,NO_ZERO_DATE,ERROR_FOR_DIVISION_BY_ZERO,NO_ENGINE_SUBSTITUTION' */ ;
DELIMITER ;;
/*!50003 CREATE*/ /*!50017 DEFINER=`root`@`localhost`*/ /*!50003 TRIGGER `before_insert_cats` BEFORE INSERT ON `catalogs` FOR EACH ROW BEGIN
  IF new.external_id IS NULL THEN
    SET new.external_id = uuid();
  END IF;
END */;;
DELIMITER ;
/*!50003 SET sql_mode              = @saved_sql_mode */ ;
/*!50003 SET character_set_client  = @saved_cs_client */ ;
/*!50003 SET character_set_results = @saved_cs_results */ ;
/*!50003 SET collation_connection  = @saved_col_connection */ ;

--
-- Table structure for table `cities`
--

DROP TABLE IF EXISTS `cities`;
/*!40101 SET @saved_cs_client     = @@character_set_client */;
/*!50503 SET character_set_client = utf8mb4 */;
CREATE TABLE `cities` (
  `id` int unsigned NOT NULL AUTO_INCREMENT,
  `external_id` varchar(255) NOT NULL,
  `name` varchar(255) CHARACTER SET utf8mb4 COLLATE utf8mb4_unicode_ci DEFAULT NULL COMMENT 'Название',
  `created_at` datetime DEFAULT CURRENT_TIMESTAMP,
  `updated_at` datetime DEFAULT CURRENT_TIMESTAMP ON UPDATE CURRENT_TIMESTAMP,
  PRIMARY KEY (`id`)
) ENGINE=InnoDB AUTO_INCREMENT=131 DEFAULT CHARSET=utf8mb4 COLLATE=utf8mb4_0900_ai_ci COMMENT='Города';
/*!40101 SET character_set_client = @saved_cs_client */;

--
-- Dumping data for table `cities`
--

LOCK TABLES `cities` WRITE;
/*!40000 ALTER TABLE `cities` DISABLE KEYS */;
INSERT INTO `cities` VALUES (1,'b89b9314-bb94-11eb-98fb-283926e47295','Lake Emile','2014-07-10 07:04:31','1970-03-15 08:20:16'),(2,'b89c9f67-bb94-11eb-98fb-283926e47295','Cleveport','1978-01-04 21:40:44','1976-02-12 05:31:45'),(3,'b89d7712-bb94-11eb-98fb-283926e47295','New Cory','1981-10-19 20:02:01','1982-01-19 00:31:39'),(4,'b89e6312-bb94-11eb-98fb-283926e47295','Beattytown','1988-07-16 03:32:22','2017-09-27 09:14:36'),(5,'b89f4e8e-bb94-11eb-98fb-283926e47295','West Myriam','2016-05-16 00:03:49','2015-10-26 17:49:17'),(6,'b8a01124-bb94-11eb-98fb-283926e47295','Lake Alizaside','2018-01-23 02:51:43','2012-01-24 14:41:59'),(7,'b8a0eefb-bb94-11eb-98fb-283926e47295','Lake Marlee','2010-05-01 22:13:00','1987-10-20 15:38:42'),(8,'b8a1c27d-bb94-11eb-98fb-283926e47295','South Glenniemouth','1978-08-30 00:43:57','1990-06-02 13:05:09'),(9,'b8a2924f-bb94-11eb-98fb-283926e47295','Gottliebstad','1975-10-20 23:46:59','2020-03-26 11:32:00'),(10,'b8a34e3f-bb94-11eb-98fb-283926e47295','Zenaport','1988-09-22 17:48:08','1995-01-22 02:32:41'),(11,'b8a41954-bb94-11eb-98fb-283926e47295','Cronafort','1996-11-12 14:40:58','2003-05-30 11:47:11'),(12,'b8a4ee3b-bb94-11eb-98fb-283926e47295','Lake Claudie','1994-02-08 08:54:46','2004-05-18 12:04:57'),(13,'b8a5cf0e-bb94-11eb-98fb-283926e47295','West Agnes','2014-02-01 14:35:06','1997-05-24 19:10:19'),(14,'b8a6a79d-bb94-11eb-98fb-283926e47295','Oliverborough','2016-07-14 16:01:09','1986-04-08 14:43:34'),(15,'b8a779b3-bb94-11eb-98fb-283926e47295','New Jaceport','1975-09-17 22:48:10','2014-09-18 22:02:06'),(16,'b8a83681-bb94-11eb-98fb-283926e47295','Turnerville','1981-08-17 02:52:03','1996-11-02 20:43:28'),(17,'b8a8e7ff-bb94-11eb-98fb-283926e47295','Delaneyside','2007-09-19 10:25:43','2017-08-24 12:16:01'),(18,'b8a99ff6-bb94-11eb-98fb-283926e47295','West Elliott','2001-12-21 05:05:42','2003-12-14 11:22:19'),(19,'b8aa6533-bb94-11eb-98fb-283926e47295','Ernestfurt','2012-10-30 13:38:12','2018-06-21 17:51:27'),(20,'b8ab2561-bb94-11eb-98fb-283926e47295','Creminmouth','1991-03-20 18:33:59','1984-03-03 08:21:59'),(21,'b8ac0298-bb94-11eb-98fb-283926e47295','Lake Wilber','1970-07-10 08:20:55','1996-03-09 17:55:20'),(22,'b8acd77e-bb94-11eb-98fb-283926e47295','Marvintown','1998-02-05 15:32:33','1993-06-29 21:09:31'),(23,'b8adbbea-bb94-11eb-98fb-283926e47295','Port Guidoville','2014-04-11 15:55:18','1995-03-23 10:53:09'),(24,'b8aeb827-bb94-11eb-98fb-283926e47295','New Ludwig','1975-12-05 18:53:54','1989-06-21 07:40:39'),(25,'b8af6913-bb94-11eb-98fb-283926e47295','Sauerview','1976-06-04 10:27:53','2020-08-10 12:06:46'),(26,'b8b0324c-bb94-11eb-98fb-283926e47295','Kovacekburgh','1990-08-28 02:43:47','2019-02-03 03:19:34'),(27,'b8b10075-bb94-11eb-98fb-283926e47295','Johnsontown','1988-07-02 16:44:18','1973-03-01 15:56:25'),(28,'b8b1ae3a-bb94-11eb-98fb-283926e47295','Port Cydneyshire','2003-04-22 01:04:00','1972-10-12 19:22:32'),(29,'b8b255ab-bb94-11eb-98fb-283926e47295','Hellerside','2001-05-20 09:26:18','1994-03-03 21:25:37'),(30,'b8b31410-bb94-11eb-98fb-283926e47295','Seamusville','1979-12-06 11:22:44','2005-08-13 17:24:10'),(31,'b8b3d925-bb94-11eb-98fb-283926e47295','South Robbie','1990-02-01 00:02:39','1999-07-05 10:50:23'),(32,'b8b4aaf7-bb94-11eb-98fb-283926e47295','Jedidiahborough','1998-10-23 16:24:04','2004-04-18 20:16:16'),(33,'b8b57d20-bb94-11eb-98fb-283926e47295','North Asaland','1994-09-28 19:52:35','1986-10-30 21:47:56'),(34,'b8b65908-bb94-11eb-98fb-283926e47295','Gerlachburgh','1975-05-02 18:48:13','2006-07-11 12:42:58'),(35,'b8b72b3f-bb94-11eb-98fb-283926e47295','East Ivorymouth','1996-04-01 06:14:58','1986-05-19 13:50:36'),(36,'b8b81915-bb94-11eb-98fb-283926e47295','East Vernietown','1977-05-16 11:16:43','1987-04-24 18:57:10'),(37,'b8b8df06-bb94-11eb-98fb-283926e47295','Cummeratachester','2013-05-05 06:42:49','1971-10-06 14:16:34'),(38,'b8b9b430-bb94-11eb-98fb-283926e47295','Americahaven','1973-12-23 14:38:32','1983-05-22 03:25:35'),(39,'b8ba6b71-bb94-11eb-98fb-283926e47295','East Estevanstad','1993-12-15 04:41:16','1997-11-11 02:18:49'),(40,'b8bb2bd7-bb94-11eb-98fb-283926e47295','Helenemouth','1979-05-26 15:48:17','2015-02-04 01:17:47'),(41,'b8bbdf66-bb94-11eb-98fb-283926e47295','Hirtheberg','1973-09-27 07:37:30','2010-04-07 23:25:37'),(42,'b8bc9805-bb94-11eb-98fb-283926e47295','New Ednaville','1995-02-06 11:18:05','1991-05-26 09:49:22'),(43,'b8bd4b68-bb94-11eb-98fb-283926e47295','West Tianaland','2014-03-06 19:20:51','2005-03-17 03:58:11'),(44,'b8be0f23-bb94-11eb-98fb-283926e47295','Port Keara','1972-07-11 13:11:18','1971-05-20 03:23:02'),(45,'b8beca32-bb94-11eb-98fb-283926e47295','Port Howardton','2018-10-28 23:56:44','1970-02-22 10:35:28'),(46,'b8bfa4df-bb94-11eb-98fb-283926e47295','Keaganhaven','1979-11-15 18:56:46','2001-11-27 20:18:32'),(47,'b8c06c17-bb94-11eb-98fb-283926e47295','Port Destinyton','1999-02-12 23:24:13','1973-11-05 07:17:47'),(48,'b8c182be-bb94-11eb-98fb-283926e47295','Huelshaven','2000-04-28 20:03:19','1973-04-15 03:41:55'),(49,'b8c23132-bb94-11eb-98fb-283926e47295','Thurmanbury','1993-04-29 08:38:24','1988-05-17 01:26:28'),(50,'b8c36443-bb94-11eb-98fb-283926e47295','Reynoldsborough','1993-07-08 10:08:26','2009-07-08 14:57:12'),(51,'b8c4461d-bb94-11eb-98fb-283926e47295','New Zoeville','2008-05-12 06:37:51','2016-10-18 06:40:54'),(52,'b8c51212-bb94-11eb-98fb-283926e47295','Verlieland','1996-10-15 03:12:16','1998-01-28 04:21:38'),(53,'b8c5bb5c-bb94-11eb-98fb-283926e47295','Tillmanport','1984-10-02 09:28:29','1982-08-25 00:09:13'),(54,'b8c660f3-bb94-11eb-98fb-283926e47295','Douglasbury','1975-10-22 21:38:57','1971-12-27 19:15:45'),(55,'b8c7091e-bb94-11eb-98fb-283926e47295','New Katlyn','1998-06-15 23:14:25','1974-04-17 03:39:28'),(56,'b8c7a9df-bb94-11eb-98fb-283926e47295','Lake Estamouth','2017-02-23 05:42:07','1982-06-05 21:04:54'),(57,'b8c8528b-bb94-11eb-98fb-283926e47295','Arnulfochester','1978-12-15 22:04:17','1981-08-01 12:29:14'),(58,'b8c8f22a-bb94-11eb-98fb-283926e47295','O\'Keefebury','2019-02-05 11:31:02','2009-01-16 21:03:14'),(59,'b8c9afdb-bb94-11eb-98fb-283926e47295','Port Hildahaven','2013-08-28 03:12:36','1987-01-31 08:51:12'),(60,'b8ca6c3c-bb94-11eb-98fb-283926e47295','Port Jensen','2009-06-28 20:57:40','2014-03-22 04:38:43'),(61,'b8cb2281-bb94-11eb-98fb-283926e47295','East Demondton','1998-10-24 06:15:53','2017-06-19 03:18:57'),(62,'b8cbd505-bb94-11eb-98fb-283926e47295','Lake Estel','2011-07-04 08:10:22','1982-04-24 22:57:38'),(63,'b8cc8651-bb94-11eb-98fb-283926e47295','New Norris','2016-10-01 17:43:23','1979-10-26 07:13:59'),(64,'b8cd223c-bb94-11eb-98fb-283926e47295','Ivatown','2005-06-11 05:48:09','2009-09-24 21:20:36'),(65,'b8cdddeb-bb94-11eb-98fb-283926e47295','Rolandofurt','1996-03-01 15:22:10','2001-08-20 11:12:16'),(66,'b8ce9bee-bb94-11eb-98fb-283926e47295','Leraville','2021-02-26 14:16:40','2017-01-08 12:49:03'),(67,'b8cf5945-bb94-11eb-98fb-283926e47295','Kielburgh','1976-04-03 19:01:54','2003-09-20 09:34:48'),(68,'b8d0e121-bb94-11eb-98fb-283926e47295','Fridastad','2002-02-21 14:51:53','1980-11-30 00:49:46'),(69,'b8d28e03-bb94-11eb-98fb-283926e47295','New Leraport','2010-02-07 18:05:30','1980-05-29 02:54:47'),(70,'b8d39642-bb94-11eb-98fb-283926e47295','Lake Lori','1994-04-15 11:24:05','1979-10-03 01:49:18'),(71,'b8d490c2-bb94-11eb-98fb-283926e47295','Haagbury','2014-08-22 21:41:04','1977-02-22 12:40:57'),(72,'b8d5f478-bb94-11eb-98fb-283926e47295','New Lauretta','1974-12-26 15:00:01','1977-03-28 06:13:00'),(73,'b8d78b9d-bb94-11eb-98fb-283926e47295','East Angelica','2016-05-05 20:27:39','2011-12-03 03:28:07'),(74,'b8d938c4-bb94-11eb-98fb-283926e47295','North Nash','1990-01-08 09:12:18','2011-01-16 22:36:24'),(75,'b8da6593-bb94-11eb-98fb-283926e47295','West Abigail','2009-03-16 19:46:37','1997-07-12 04:05:37'),(76,'b8dba003-bb94-11eb-98fb-283926e47295','South Markus','1984-01-10 08:05:04','2007-10-01 18:06:07'),(77,'b8dcd0d9-bb94-11eb-98fb-283926e47295','East Nathanial','2006-02-14 21:54:59','2017-05-24 01:57:04'),(78,'b8ddecff-bb94-11eb-98fb-283926e47295','North Garett','1973-11-04 12:04:59','2014-01-03 23:47:33'),(79,'b8deb089-bb94-11eb-98fb-283926e47295','South Giovani','2005-03-08 23:07:51','2002-11-26 07:07:33'),(80,'b8df7aed-bb94-11eb-98fb-283926e47295','Lake Milesbury','1993-11-22 11:06:41','1994-05-16 02:54:12'),(81,'b8e0af7c-bb94-11eb-98fb-283926e47295','Langoshchester','1975-12-15 09:31:10','1976-05-15 16:54:16'),(82,'b8e18405-bb94-11eb-98fb-283926e47295','Russelhaven','2017-09-03 10:09:17','1997-08-30 12:34:44'),(83,'b8e26903-bb94-11eb-98fb-283926e47295','New Lisaburgh','1986-01-29 04:23:33','2003-07-05 18:08:42'),(84,'b8e34a11-bb94-11eb-98fb-283926e47295','Kristybury','2004-08-18 06:22:01','1991-12-13 22:05:56'),(85,'b8e413ab-bb94-11eb-98fb-283926e47295','New Raeport','2013-12-17 12:53:55','1985-05-22 11:48:58'),(86,'b8e4bd8b-bb94-11eb-98fb-283926e47295','North Vicenta','1991-10-23 05:32:01','1993-10-17 03:24:06'),(87,'b8e56c81-bb94-11eb-98fb-283926e47295','Port Leonora','1972-04-30 12:05:43','1974-08-22 00:22:47'),(88,'b8e61307-bb94-11eb-98fb-283926e47295','Loweton','2018-05-28 13:06:18','1974-02-06 21:15:03'),(89,'b8e6bae3-bb94-11eb-98fb-283926e47295','South Hansmouth','1996-01-12 07:55:12','2006-07-26 00:18:04'),(90,'b8e791db-bb94-11eb-98fb-283926e47295','Graysonmouth','1988-01-20 04:02:55','2004-06-24 16:56:29'),(91,'b8e89ba8-bb94-11eb-98fb-283926e47295','East Marco','1992-07-10 00:16:43','1995-09-21 09:47:43'),(92,'b8e9475c-bb94-11eb-98fb-283926e47295','Kohlerland','2014-08-25 22:39:20','1989-07-28 05:31:58'),(93,'b8e9f400-bb94-11eb-98fb-283926e47295','Greenholtton','2013-09-28 00:12:26','1982-09-24 17:58:18'),(94,'b8ea98f2-bb94-11eb-98fb-283926e47295','Port Jessycatown','1975-03-04 06:58:00','1990-03-31 01:14:54'),(95,'b8eb40b1-bb94-11eb-98fb-283926e47295','Haleyside','2010-08-14 03:56:10','2013-01-22 05:47:19'),(96,'b8ec064f-bb94-11eb-98fb-283926e47295','Cynthiaton','1999-01-25 00:36:30','2012-05-25 14:05:46'),(97,'b8eccabb-bb94-11eb-98fb-283926e47295','Presleymouth','1993-05-05 11:35:16','1977-03-09 12:22:18'),(98,'b8ed8f74-bb94-11eb-98fb-283926e47295','Lake Blakeshire','2017-01-17 22:28:28','2003-01-21 20:07:29'),(99,'b8ee62f6-bb94-11eb-98fb-283926e47295','New Rolando','1973-10-10 11:08:48','2008-09-23 17:38:22'),(100,'b8ef1b20-bb94-11eb-98fb-283926e47295','Vivaberg','1993-10-12 16:11:57','1977-06-07 17:54:32'),(101,'b8efdec8-bb94-11eb-98fb-283926e47295','Port Brodyport','2010-10-11 08:47:10','2012-01-08 11:28:51'),(102,'b8f0a55a-bb94-11eb-98fb-283926e47295','Doylefort','1989-02-13 00:53:26','2019-01-20 00:48:09'),(103,'b8f16ad4-bb94-11eb-98fb-283926e47295','Huelsburgh','2017-12-13 01:26:34','1977-02-14 17:04:25'),(104,'b8f246bd-bb94-11eb-98fb-283926e47295','North Marianne','1978-07-01 10:53:06','1997-03-06 20:35:25'),(105,'b8f31a61-bb94-11eb-98fb-283926e47295','Port Lowellshire','2000-09-01 13:40:56','1983-09-25 01:24:45'),(106,'b8f3c774-bb94-11eb-98fb-283926e47295','New Fayside','1978-05-07 10:59:17','1971-10-28 17:10:13'),(107,'b8f473d7-bb94-11eb-98fb-283926e47295','New Joantown','2012-08-15 18:39:45','2003-04-26 05:55:44'),(108,'b8f54315-bb94-11eb-98fb-283926e47295','Hettieton','2002-11-04 14:57:19','1983-03-21 22:42:07'),(109,'b8f5f369-bb94-11eb-98fb-283926e47295','North Cathrinehaven','2010-07-30 13:05:27','1984-03-09 20:26:20'),(110,'b8f6c114-bb94-11eb-98fb-283926e47295','East Lylaborough','1982-02-15 12:21:32','2016-01-08 01:59:19'),(111,'b8f774b9-bb94-11eb-98fb-283926e47295','West Joeview','2008-02-11 22:59:13','1988-11-18 16:39:20'),(112,'b8f83c02-bb94-11eb-98fb-283926e47295','West Terry','1975-01-12 18:50:30','1995-04-04 14:48:50'),(113,'b8f8f783-bb94-11eb-98fb-283926e47295','West Itzel','1995-01-17 13:31:10','1995-07-17 03:26:42'),(114,'b8f9ab9a-bb94-11eb-98fb-283926e47295','Padbergfort','1973-08-29 04:30:20','1983-03-17 17:27:53'),(115,'b8fa76c9-bb94-11eb-98fb-283926e47295','North Adamchester','2017-09-15 08:53:47','1998-01-31 22:50:17'),(116,'b8fb3c76-bb94-11eb-98fb-283926e47295','Robertsbury','1984-07-30 08:07:20','2020-01-14 13:24:49'),(117,'b8fc0380-bb94-11eb-98fb-283926e47295','Romagueraborough','1994-10-17 02:45:36','2015-04-16 03:12:35'),(118,'b8fcc78f-bb94-11eb-98fb-283926e47295','South Violetteland','1996-01-27 22:13:24','1974-07-31 03:12:22'),(119,'b8fd8600-bb94-11eb-98fb-283926e47295','New Christianborough','1978-10-02 02:11:16','1999-01-11 16:46:41'),(120,'b8fe2a2d-bb94-11eb-98fb-283926e47295','South Lulu','1991-09-25 02:25:03','1994-07-19 07:53:37'),(121,'b8ff7204-bb94-11eb-98fb-283926e47295','Orvillemouth','2020-03-05 02:39:23','1973-01-25 04:25:51'),(122,'b9003986-bb94-11eb-98fb-283926e47295','Eileenton','1978-11-24 14:03:55','1972-07-15 04:56:37'),(123,'b900ff4e-bb94-11eb-98fb-283926e47295','Maggioville','2007-01-08 12:30:08','1994-02-14 18:00:39'),(124,'b9019e6c-bb94-11eb-98fb-283926e47295','Port Eulaliabury','1996-11-01 06:35:57','1991-05-21 06:35:11'),(125,'b90248b4-bb94-11eb-98fb-283926e47295','East Jamey','2005-11-16 04:01:24','2015-09-27 19:21:41'),(126,'b902e1a1-bb94-11eb-98fb-283926e47295','Port Ashleeburgh','1990-06-08 05:00:16','2005-05-16 19:47:11'),(127,'b9039a10-bb94-11eb-98fb-283926e47295','New Leonardbury','2020-12-01 00:57:24','1990-10-12 23:42:25'),(128,'b9043543-bb94-11eb-98fb-283926e47295','Lake Irvingview','1999-02-12 01:11:41','1975-06-27 04:55:06'),(129,'b904f89e-bb94-11eb-98fb-283926e47295','Lake Christopview','2008-05-30 19:01:57','1991-05-27 06:07:34'),(130,'b905bc4d-bb94-11eb-98fb-283926e47295','Lillamouth','2005-11-29 01:42:04','1991-12-23 01:15:49');
/*!40000 ALTER TABLE `cities` ENABLE KEYS */;
UNLOCK TABLES;
/*!50003 SET @saved_cs_client      = @@character_set_client */ ;
/*!50003 SET @saved_cs_results     = @@character_set_results */ ;
/*!50003 SET @saved_col_connection = @@collation_connection */ ;
/*!50003 SET character_set_client  = utf8mb4 */ ;
/*!50003 SET character_set_results = utf8mb4 */ ;
/*!50003 SET collation_connection  = utf8mb4_0900_ai_ci */ ;
/*!50003 SET @saved_sql_mode       = @@sql_mode */ ;
/*!50003 SET sql_mode              = 'ONLY_FULL_GROUP_BY,STRICT_TRANS_TABLES,NO_ZERO_IN_DATE,NO_ZERO_DATE,ERROR_FOR_DIVISION_BY_ZERO,NO_ENGINE_SUBSTITUTION' */ ;
DELIMITER ;;
/*!50003 CREATE*/ /*!50017 DEFINER=`root`@`localhost`*/ /*!50003 TRIGGER `before_insert_cities` BEFORE INSERT ON `cities` FOR EACH ROW BEGIN
  IF new.external_id IS NULL THEN
    SET new.external_id = uuid();
  END IF;
END */;;
DELIMITER ;
/*!50003 SET sql_mode              = @saved_sql_mode */ ;
/*!50003 SET character_set_client  = @saved_cs_client */ ;
/*!50003 SET character_set_results = @saved_cs_results */ ;
/*!50003 SET collation_connection  = @saved_col_connection */ ;

--
-- Table structure for table `clients`
--

DROP TABLE IF EXISTS `clients`;
/*!40101 SET @saved_cs_client     = @@character_set_client */;
/*!50503 SET character_set_client = utf8mb4 */;
CREATE TABLE `clients` (
  `id` bigint unsigned NOT NULL AUTO_INCREMENT,
  `external_id` varchar(255) NOT NULL,
  `name` varchar(255) CHARACTER SET utf8mb4 COLLATE utf8mb4_unicode_ci NOT NULL COMMENT 'Имя покупателя',
  `surname` varchar(255) CHARACTER SET utf8mb4 COLLATE utf8mb4_unicode_ci NOT NULL COMMENT 'Фамилия',
  `second_name` varchar(255) CHARACTER SET utf8mb4 COLLATE utf8mb4_unicode_ci DEFAULT NULL COMMENT 'Отчество или второе имя',
  `birthday` date NOT NULL COMMENT 'Дата рождения',
  `phone` varchar(255) NOT NULL COMMENT 'Телефон',
  `discount_card_code` varchar(255) DEFAULT NULL COMMENT 'Код текущей дисконтной карты',
  `created_at` datetime DEFAULT CURRENT_TIMESTAMP,
  `updated_at` datetime DEFAULT CURRENT_TIMESTAMP ON UPDATE CURRENT_TIMESTAMP,
  PRIMARY KEY (`id`),
  UNIQUE KEY `id` (`id`),
  KEY `external_id` (`external_id`),
  KEY `age` (`birthday`)
) ENGINE=InnoDB AUTO_INCREMENT=561 DEFAULT CHARSET=utf8mb4 COLLATE=utf8mb4_0900_ai_ci COMMENT='Покупатели';
/*!40101 SET character_set_client = @saved_cs_client */;

--
-- Dumping data for table `clients`
--

LOCK TABLES `clients` WRITE;
/*!40000 ALTER TABLE `clients` DISABLE KEYS */;
INSERT INTO `clients` VALUES (1,'97d04dcb-bb96-11eb-98fb-283926e47295','Cary','Kuphal','Asia','1994-06-08','1-230-752-3867x49528','\"8802708054\"','2001-09-19 00:04:54','1998-05-02 14:55:13'),(2,'97d12cdd-bb96-11eb-98fb-283926e47295','Ismael','Schaefer','Giles','2012-05-19','(082)386-1250','\"8097569875\"','1987-10-11 01:34:21','1979-01-20 12:18:37'),(3,'97d22dc9-bb96-11eb-98fb-283926e47295','George','Cruickshank','Meredith','1985-01-23','(415)301-9483x1979','\"0548743458\"','1976-08-17 14:58:11','1988-05-05 09:40:04'),(4,'97d31de0-bb96-11eb-98fb-283926e47295','Barney','Metz','Verner','2003-08-02','(621)645-8284','\"3131613230\"','2011-01-18 09:29:07','1984-08-06 15:06:29'),(5,'97d3fb2a-bb96-11eb-98fb-283926e47295','Raphael','Casper','Hershel','1993-02-17','816.550.3160','\"3596469011\"','2013-10-06 06:12:25','2018-11-14 17:37:16'),(6,'97d520ec-bb96-11eb-98fb-283926e47295','Alena','Flatley','Kira','1970-01-16','779.994.7886x9097','\"6808561061\"','2009-12-05 07:22:55','2008-11-23 12:24:12'),(7,'97d5db51-bb96-11eb-98fb-283926e47295','Nickolas','Raynor','Bertrand','1977-04-15','1-146-744-5248x968','\"2957580773\"','1991-09-14 14:49:06','1993-03-05 22:45:56'),(8,'97d6cabc-bb96-11eb-98fb-283926e47295','Gregorio','Bednar','Tatum','2017-07-09','1-262-057-7175x084','\"7035075626\"','1982-12-16 06:38:55','1982-05-15 12:28:39'),(9,'97d7984c-bb96-11eb-98fb-283926e47295','Johanna','Stoltenberg','Ian','1978-07-07','154.184.5100x564','\"3669293342\"','1993-10-02 19:42:11','1976-08-27 07:52:30'),(10,'97d84df7-bb96-11eb-98fb-283926e47295','Melyna','D\'Amore','Ralph','1984-03-31','833-018-8319x0653','\"6357614338\"','1974-02-22 19:33:17','1975-02-14 06:35:07'),(11,'97d938b0-bb96-11eb-98fb-283926e47295','Muriel','Ullrich','Cleta','2008-08-19','(999)370-8196x8055','\"5891747804\"','2005-10-30 10:09:38','2004-07-08 12:55:38'),(12,'97da3299-bb96-11eb-98fb-283926e47295','Augustus','Wolff','Barney','1984-03-03','02406305107','\"1301665893\"','1986-02-25 20:53:46','1988-12-06 20:08:15'),(13,'97db3b20-bb96-11eb-98fb-283926e47295','Cleo','Pfannerstill','Louie','2015-08-22','422.416.8960x547','\"4114816144\"','1995-03-30 23:44:35','1970-05-29 01:03:31'),(14,'97dbf5e3-bb96-11eb-98fb-283926e47295','Pat','Grant','Layla','2019-10-31','(086)073-2833','\"6420509066\"','1990-02-02 12:36:54','2006-09-07 07:01:41'),(15,'97dcd4c9-bb96-11eb-98fb-283926e47295','Wilmer','Armstrong','Gilberto','1982-09-28','006-041-9998x5070','\"8565066564\"','1999-10-04 11:59:35','1997-04-12 18:45:57'),(16,'97ddd3eb-bb96-11eb-98fb-283926e47295','Sibyl','Kassulke','Andy','1973-10-12','1-477-301-5914','\"7741840182\"','2018-02-21 05:20:10','2008-01-07 08:52:57'),(17,'97dea8ea-bb96-11eb-98fb-283926e47295','Sienna','Robel','Ward','1983-06-22','726.812.2561x07444','\"9741346258\"','1977-01-19 06:52:39','2010-05-03 10:34:40'),(18,'97dfbb36-bb96-11eb-98fb-283926e47295','Ilene','Considine','Hailie','1993-03-26','+88(7)6649040239','\"2165355144\"','2002-03-29 19:57:25','1999-05-07 20:31:53'),(19,'97e09070-bb96-11eb-98fb-283926e47295','Trenton','Baumbach','Muhammad','1987-10-19','518-270-3819x6383','\"2358742040\"','2010-05-20 04:39:37','2019-08-17 21:51:18'),(20,'97e14112-bb96-11eb-98fb-283926e47295','Darrel','Mann','Agustina','1997-11-29','(711)162-6466','\"4952682494\"','2000-09-20 02:38:03','1987-06-20 19:50:28'),(21,'97e1fb28-bb96-11eb-98fb-283926e47295','Chris','Schultz','Jettie','1975-12-30','132-921-0657','\"2915027651\"','2002-08-11 23:38:46','1985-03-03 03:38:31'),(22,'97e2d7b0-bb96-11eb-98fb-283926e47295','Georgianna','Kuphal','Cathy','1987-12-17','095.928.6180','\"6277004349\"','2000-07-17 07:57:32','2017-02-03 15:49:44'),(23,'97e3c2ef-bb96-11eb-98fb-283926e47295','Sim','Runolfsdottir','Dustin','1974-09-19','340-318-0750x620','\"6206479693\"','2015-10-09 14:39:01','1972-03-19 17:57:21'),(24,'97e52a07-bb96-11eb-98fb-283926e47295','Louisa','Stracke','Austin','2001-04-25','(378)442-5423x5290','\"7292186033\"','1993-09-23 11:55:35','1972-09-23 05:45:56'),(25,'97e60d42-bb96-11eb-98fb-283926e47295','Hazel','Satterfield','Eliza','2014-12-03','741-259-8861x1676','\"1542930828\"','2006-02-25 10:13:54','1988-10-13 14:32:43'),(26,'97e7194b-bb96-11eb-98fb-283926e47295','Leonardo','Feil','Myrl','2001-09-07','1-716-974-3178','\"1772186567\"','2009-08-13 15:47:32','1980-02-20 03:07:21'),(27,'97e7d39e-bb96-11eb-98fb-283926e47295','Gus','Bechtelar','Ursula','1983-10-11','1-201-898-9218x353','\"4728540312\"','1970-01-21 14:36:59','1978-02-01 08:57:37'),(28,'97e88899-bb96-11eb-98fb-283926e47295','Kacie','Kuphal','Lacy','1991-09-24','(447)544-6190x5647','\"5460486907\"','2020-02-17 22:51:08','2008-09-14 13:17:15'),(29,'97e94f43-bb96-11eb-98fb-283926e47295','Orion','Jaskolski','Muriel','2000-08-13','(820)152-0693x006','\"4076464721\"','2012-11-05 11:10:10','2014-10-14 10:17:56'),(30,'97ea3341-bb96-11eb-98fb-283926e47295','Blake','Wilderman','Stuart','1984-08-31','(236)802-2188x29594','\"8256232726\"','1999-12-08 10:33:55','2021-05-02 19:52:05'),(31,'97eb1664-bb96-11eb-98fb-283926e47295','Norberto','Stiedemann','Oda','1993-12-24','989-353-3929x62625','\"8712240322\"','1977-03-17 12:16:39','2020-03-25 07:29:12'),(32,'97ebf7df-bb96-11eb-98fb-283926e47295','Shirley','Turner','Skye','1990-02-01','(348)035-9406','\"2259183370\"','1993-11-28 04:09:20','2020-04-12 06:02:11'),(33,'97eccec4-bb96-11eb-98fb-283926e47295','Zachary','Schulist','Tamara','1996-02-24','236-791-2092x44298','\"3093321770\"','2018-11-07 21:02:56','1997-06-12 03:30:56'),(34,'97edcb01-bb96-11eb-98fb-283926e47295','Flo','Goldner','Benedict','2006-01-14','06442860562','\"3747954459\"','1998-12-16 16:22:46','1987-10-23 08:51:30'),(35,'97ee8cfe-bb96-11eb-98fb-283926e47295','Rosina','Purdy','Amir','1998-01-21','1-668-122-2197x99915','\"5286372897\"','2007-06-26 03:40:43','2014-03-18 01:53:55'),(36,'97ef4911-bb96-11eb-98fb-283926e47295','Moshe','Koelpin','Chloe','1982-08-29','1-056-755-9337x175','\"4387352966\"','1982-02-12 19:40:05','1975-03-26 14:42:02'),(37,'97f00f3e-bb96-11eb-98fb-283926e47295','Donnell','Macejkovic','Penelope','1999-04-25','1-858-654-3921','\"8673372661\"','1987-06-09 07:04:44','2007-10-05 15:09:18'),(38,'97f0e685-bb96-11eb-98fb-283926e47295','Brooklyn','Maggio','Janelle','1986-01-22','1-114-918-1220x4743','\"9277432200\"','2013-04-22 07:49:19','1994-08-22 03:52:32'),(39,'97f1db62-bb96-11eb-98fb-283926e47295','Chaim','Erdman','Ryder','1994-10-06','+07(4)7583193250','\"3345417380\"','1981-10-14 15:01:10','2017-10-24 02:26:36'),(40,'97f2dee2-bb96-11eb-98fb-283926e47295','Allie','Jaskolski','Rhea','2005-07-27','(635)324-0977','\"2087804862\"','1981-01-04 05:27:47','1992-05-18 21:12:58'),(41,'97f3b9dc-bb96-11eb-98fb-283926e47295','Bertram','Shanahan','Sabryna','1974-08-05','06852192065','\"2247234999\"','2003-05-19 12:13:32','2000-08-20 04:29:00'),(42,'97f4b1f6-bb96-11eb-98fb-283926e47295','Eudora','Schaefer','Dessie','1976-08-20','+13(7)3499597320','\"8890498294\"','2003-12-24 20:47:07','2012-08-21 18:15:33'),(43,'97f589e7-bb96-11eb-98fb-283926e47295','Colton','Beer','Maryjane','2012-12-30','(100)207-3502x65040','\"6742192690\"','2014-05-07 23:03:48','2010-12-30 22:06:40'),(44,'97f6564a-bb96-11eb-98fb-283926e47295','Talia','Dach','Arvel','1987-11-28','788.197.5361x116','\"2883122394\"','1998-03-12 22:04:07','1994-04-20 21:53:45'),(45,'97f7259f-bb96-11eb-98fb-283926e47295','Ferne','Buckridge','Madilyn','1975-08-11','1-125-350-7441x1011','\"5117778827\"','1987-12-20 01:11:17','2003-10-16 18:16:43'),(46,'97f7f11f-bb96-11eb-98fb-283926e47295','Liliana','Ortiz','Orie','2003-09-29','(912)312-5931x70331','\"0469718855\"','1985-06-01 12:30:19','2017-06-04 03:01:16'),(47,'97f8bc53-bb96-11eb-98fb-283926e47295','Bernie','Daugherty','Linnea','1994-10-23','(358)104-0658','\"2431133257\"','1998-12-24 22:55:39','1978-07-12 12:19:38'),(48,'97f992af-bb96-11eb-98fb-283926e47295','Alvena','Rodriguez','Jan','2001-02-24','(023)246-5361','\"2157245964\"','1972-11-25 18:28:42','1999-07-11 18:10:05'),(49,'97faa3c6-bb96-11eb-98fb-283926e47295','Gerda','Mayer','Pauline','1998-08-15','790.189.4037x80433','\"2405808406\"','1998-09-27 19:26:17','1990-04-19 23:30:19'),(50,'97fb56b9-bb96-11eb-98fb-283926e47295','Kristy','Pagac','Meggie','1993-11-14','1-821-087-7212x1875','\"2967431049\"','2010-11-24 23:31:20','2010-04-10 17:05:08'),(51,'97fc10a4-bb96-11eb-98fb-283926e47295','Otho','Pfeffer','Jalen','2003-09-13','983.695.9956x6258','\"4444090285\"','1988-04-10 01:57:18','1988-05-19 08:39:48'),(52,'97fcc453-bb96-11eb-98fb-283926e47295','Scarlett','Wisozk','Gino','2011-03-03','1-320-220-3723','\"5328885739\"','1992-04-14 03:53:07','2004-11-29 08:14:30'),(53,'97fd7c4c-bb96-11eb-98fb-283926e47295','Ransom','Buckridge','Keenan','1988-07-09','588-384-3062','\"3283624377\"','1986-12-09 10:29:44','1997-03-12 17:45:54'),(54,'97fe44b2-bb96-11eb-98fb-283926e47295','Kristina','Berge','Karolann','1997-03-03','1-920-758-5458','\"7600753779\"','1981-01-31 07:02:47','1972-07-05 00:56:46'),(55,'97ff6a33-bb96-11eb-98fb-283926e47295','Nannie','Dietrich','Magnus','2011-03-20','(737)905-2906','\"4091900220\"','2017-06-02 11:01:46','1985-06-15 09:22:39'),(56,'9800383a-bb96-11eb-98fb-283926e47295','Yvette','Dietrich','Halie','1987-12-18','01006858264','\"4752657816\"','2011-06-09 22:48:29','1995-03-24 07:20:54'),(57,'980110b3-bb96-11eb-98fb-283926e47295','Unique','Kozey','Heloise','1996-04-18','524.182.3518','\"3711474364\"','1981-06-01 18:17:47','1981-09-03 01:00:25'),(58,'9802563b-bb96-11eb-98fb-283926e47295','Benjamin','Bode','Mertie','2014-03-17','1-952-180-2014x4371','\"2306231526\"','1988-06-29 09:54:44','1982-07-16 02:11:14'),(59,'980342d9-bb96-11eb-98fb-283926e47295','Karlee','Lubowitz','Cynthia','1993-02-16','607.331.9989x175','\"2320232162\"','2010-02-15 17:21:57','2010-08-16 22:16:45'),(60,'98042668-bb96-11eb-98fb-283926e47295','Isaias','Ruecker','Rahsaan','1973-06-11','1-075-535-0163x1381','\"0025519591\"','1993-06-24 01:14:54','1983-12-05 13:56:08'),(61,'980512ed-bb96-11eb-98fb-283926e47295','Marlin','Zboncak','Lea','2004-08-07','563.897.0001x491','\"5083333513\"','2019-04-27 18:56:33','1996-04-10 13:51:19'),(62,'9805f1e5-bb96-11eb-98fb-283926e47295','Cheyanne','Connelly','Nicolette','2011-04-04','772.010.4695x9783','\"8232132564\"','2010-02-09 14:17:29','1996-08-13 15:15:04'),(63,'9806d8eb-bb96-11eb-98fb-283926e47295','Chyna','Simonis','Wilburn','2007-01-06','343.221.1935','\"7834776035\"','1971-11-11 22:50:42','1979-08-09 03:11:20'),(64,'9807cbc1-bb96-11eb-98fb-283926e47295','Idella','Orn','Florian','1993-09-17','218.045.1659x90053','\"7869918116\"','1993-01-06 23:47:36','2020-02-22 06:27:14'),(65,'9808a66d-bb96-11eb-98fb-283926e47295','Sandy','Swift','Felix','1977-01-07','819.275.3866x68072','\"9778143957\"','1992-07-26 15:24:27','1977-10-12 00:16:35'),(66,'9809b86d-bb96-11eb-98fb-283926e47295','Nova','Schulist','Electa','1987-10-16','261-736-1893','\"0921771834\"','1971-10-07 07:40:50','1983-10-17 03:39:40'),(67,'980a97fe-bb96-11eb-98fb-283926e47295','Kianna','Moen','Virgil','2016-10-08','1-740-318-5640x92285','\"6125376889\"','2016-03-08 19:54:56','1989-03-27 11:52:55'),(68,'980b7799-bb96-11eb-98fb-283926e47295','Hassie','Kirlin','Westley','1981-07-31','+90(6)5857045502','\"3944310339\"','2008-03-16 13:38:58','2018-10-27 09:27:20'),(69,'980c6c9b-bb96-11eb-98fb-283926e47295','Micaela','Crooks','Destinee','1978-03-03','(062)583-7329x6479','\"6628387276\"','1971-08-15 03:37:42','1988-01-28 05:56:43'),(70,'980d7194-bb96-11eb-98fb-283926e47295','Seamus','Prohaska','Tad','2004-10-08','(683)477-6598x40444','\"5638861606\"','2001-03-07 02:34:45','2015-06-15 18:10:49'),(71,'980e4d8e-bb96-11eb-98fb-283926e47295','Betty','McDermott','Tyrel','2006-05-30','455.621.8952x5134','\"9128635328\"','1990-08-09 20:40:29','2012-06-17 14:35:14'),(72,'980f4052-bb96-11eb-98fb-283926e47295','Sydney','Zieme','Rossie','2000-10-18','711-946-8862','\"4493802626\"','2010-07-11 23:54:54','2011-12-27 21:45:30'),(73,'98103b35-bb96-11eb-98fb-283926e47295','Elyssa','Keebler','Shanie','1995-08-23','863-052-6212x296','\"4741533471\"','2016-01-17 20:13:15','1972-01-04 02:34:54'),(74,'98110305-bb96-11eb-98fb-283926e47295','Krista','Roberts','Chelsea','1979-11-06','04052845149','\"5318532720\"','2006-08-05 23:20:19','1995-09-30 04:14:26'),(75,'9811ecb0-bb96-11eb-98fb-283926e47295','Anika','Moen','Stella','1991-06-13','00774599288','\"9630552201\"','1974-07-29 16:58:13','1973-02-12 08:08:43'),(76,'9812d8d5-bb96-11eb-98fb-283926e47295','Eveline','Berge','Gudrun','1974-11-11','(907)724-7331','\"3483093272\"','2014-09-20 19:52:00','2013-09-01 22:40:24'),(77,'9813e5fc-bb96-11eb-98fb-283926e47295','Kenneth','Marvin','Audrey','1976-04-11','399-694-0053','\"6590701077\"','1998-07-13 08:53:32','2016-10-11 11:19:54'),(78,'9814ae69-bb96-11eb-98fb-283926e47295','Emil','Paucek','Walter','2019-06-22','972.789.0923x42692','\"9660781606\"','2010-07-13 18:55:09','2001-08-09 06:36:38'),(79,'9815882c-bb96-11eb-98fb-283926e47295','Rowena','Schuster','Joesph','1971-10-04','+47(1)1956972896','\"0631417993\"','1972-05-24 16:58:40','2004-06-06 14:14:41'),(80,'981679f3-bb96-11eb-98fb-283926e47295','Brendon','Heidenreich','Moses','1976-08-01','+11(5)3355351863','\"5465716030\"','1982-06-20 13:36:09','1976-05-04 00:07:36'),(81,'98177b7c-bb96-11eb-98fb-283926e47295','Kaylin','Lang','Aditya','1997-09-10','(439)572-2387x5009','\"3548961398\"','1977-09-15 06:09:02','2019-12-30 07:44:24'),(82,'981ba66e-bb96-11eb-98fb-283926e47295','Austyn','Morar','Mike','1980-06-21','07345433878','\"6145894669\"','2018-06-27 10:03:03','2012-06-04 01:59:50'),(83,'981d33d6-bb96-11eb-98fb-283926e47295','Ellis','Grimes','Antonetta','1988-03-15','1-021-010-2855','\"5229172560\"','2010-09-11 15:45:10','2014-02-07 18:36:19'),(84,'981f0f07-bb96-11eb-98fb-283926e47295','Kaden','Schuster','Roderick','2001-03-26','1-370-979-4800','\"0604120046\"','2009-05-02 03:06:24','1985-12-13 07:17:49'),(85,'9820c9de-bb96-11eb-98fb-283926e47295','Teagan','Bailey','Guy','1996-03-30','944.464.2790x65868','\"8288130406\"','1999-12-09 19:06:24','1970-02-17 06:30:29'),(86,'98220fb9-bb96-11eb-98fb-283926e47295','Makenzie','Huels','Kayley','1970-04-27','(559)317-9763x812','\"9140871439\"','1998-07-19 12:27:12','1989-08-20 22:41:54'),(87,'98231f49-bb96-11eb-98fb-283926e47295','Pearl','Stamm','Elliott','1989-06-14','+92(1)5701013419','\"2183345608\"','1973-09-09 22:24:04','1985-11-06 07:02:46'),(88,'98246173-bb96-11eb-98fb-283926e47295','London','Smitham','Garrison','2008-07-23','(424)679-1206','\"6200620451\"','1990-09-01 10:41:06','1991-05-14 02:59:23'),(89,'98258d06-bb96-11eb-98fb-283926e47295','Lina','Schultz','Joesph','1973-07-13','+51(0)6428392748','\"5778543086\"','2009-08-11 17:32:41','1991-08-29 04:43:53'),(90,'982663d5-bb96-11eb-98fb-283926e47295','Else','Toy','Raymundo','1992-06-30','07194703552','\"0054835909\"','1974-01-16 21:47:55','2001-03-16 11:43:50'),(91,'98276fda-bb96-11eb-98fb-283926e47295','Dustin','Feest','Coy','1982-09-10','04304965434','\"4215925466\"','1971-10-12 05:13:16','1985-10-18 16:20:19'),(92,'982820c9-bb96-11eb-98fb-283926e47295','Aliyah','Hahn','Elliot','1980-01-16','07085165225','\"1875876913\"','1994-03-30 13:15:24','1978-02-15 05:19:40'),(93,'9828f9e8-bb96-11eb-98fb-283926e47295','Laverne','Zboncak','Keaton','1981-05-02','(138)438-1488x264','\"1173394793\"','1992-08-06 08:58:46','1994-06-30 18:00:17'),(94,'982a5937-bb96-11eb-98fb-283926e47295','Rowena','Braun','Burnice','1980-01-16','070.929.4604','\"9588506693\"','1998-06-19 17:34:49','2014-02-02 13:08:09'),(95,'982b0ef6-bb96-11eb-98fb-283926e47295','Eleanore','Pouros','Kyle','1982-02-06','621-147-0192x13841','\"6466682373\"','2000-03-18 16:30:38','2007-08-21 10:10:47'),(96,'982c699b-bb96-11eb-98fb-283926e47295','Coralie','Runte','Kali','1970-08-24','+44(0)4437794276','\"8434143202\"','1978-01-30 09:16:31','1981-03-14 17:54:33'),(97,'982d3f07-bb96-11eb-98fb-283926e47295','Adrienne','Lang','Ashly','2007-08-15','344.695.4184','\"1114523192\"','1979-07-03 14:42:57','1990-09-11 17:19:29'),(98,'982e1072-bb96-11eb-98fb-283926e47295','Adelle','Shanahan','Keven','1979-03-12','1-444-001-6988x746','\"8234518954\"','1988-01-19 23:45:32','2005-11-14 18:32:43'),(99,'982f3554-bb96-11eb-98fb-283926e47295','Alexandre','Wiza','Roma','1986-10-04','789-513-2192x2461','\"9387596797\"','1989-04-02 23:35:14','1985-08-28 21:55:17'),(100,'982ff41a-bb96-11eb-98fb-283926e47295','Doug','Wisozk','Ellie','1979-05-01','811-010-2974x42553','\"6176520666\"','2004-06-16 17:23:08','1996-04-16 04:10:40'),(101,'9830b8db-bb96-11eb-98fb-283926e47295','Vernon','Smith','Nicolas','2020-10-25','1-469-451-0637x805','\"6093113139\"','1979-02-09 06:53:54','1998-07-07 17:37:37'),(102,'9831a69c-bb96-11eb-98fb-283926e47295','Margret','Goldner','Anthony','1993-04-10','1-685-110-4701','\"0706554071\"','2018-06-23 22:20:07','1972-07-02 15:21:30'),(103,'983297e6-bb96-11eb-98fb-283926e47295','Isom','Funk','Howell','2017-05-09','1-670-198-8163','\"7818324107\"','2006-06-02 17:40:09','1989-04-21 18:23:03'),(104,'98337604-bb96-11eb-98fb-283926e47295','Greyson','Brekke','Elmo','1996-06-10','(381)717-7878x654','\"2628844628\"','2005-09-11 11:52:42','2016-06-20 06:29:30'),(105,'983446ee-bb96-11eb-98fb-283926e47295','Walker','Lindgren','Kristy','2001-08-28','(491)266-6256x537','\"4110159602\"','1998-04-23 15:40:30','1979-12-14 18:44:53'),(106,'9835b8a8-bb96-11eb-98fb-283926e47295','Lempi','Moore','Gilberto','2019-03-18','651.789.2422x0326','\"9213058566\"','1978-06-08 17:48:39','2003-05-14 02:40:51'),(107,'9836a663-bb96-11eb-98fb-283926e47295','Roel','Rosenbaum','Haskell','2021-01-15','+54(5)0399262371','\"7367696590\"','2007-09-10 21:48:24','1971-02-15 01:41:26'),(108,'98378c5a-bb96-11eb-98fb-283926e47295','Raheem','Hessel','Hollis','1996-10-12','830.714.1864','\"2409881485\"','1972-03-17 14:52:20','1972-12-27 09:10:54'),(109,'98389290-bb96-11eb-98fb-283926e47295','Cleta','Pacocha','Nova','1989-11-25','1-102-076-1582','\"7097991954\"','2006-12-04 15:05:45','2003-08-15 01:50:57'),(110,'983948b3-bb96-11eb-98fb-283926e47295','Mariana','Green','Rico','2019-02-15','(674)637-7745x934','\"0438403365\"','2016-02-10 14:40:10','2003-04-11 00:01:02'),(111,'983a2a49-bb96-11eb-98fb-283926e47295','Melissa','Bins','Freda','1985-04-03','(808)707-7197','\"9518710720\"','1982-08-09 10:28:45','2009-07-25 08:37:19'),(112,'983b1474-bb96-11eb-98fb-283926e47295','Eva','Satterfield','Deborah','2004-02-23','(021)401-8621','\"4701989399\"','1978-05-07 23:49:55','1974-08-14 08:26:18'),(113,'983bfc7f-bb96-11eb-98fb-283926e47295','Tressie','Weissnat','Salvatore','1982-09-06','(029)305-6053','\"2735417034\"','2001-07-04 02:58:23','1988-06-02 02:40:21'),(114,'983d2cf8-bb96-11eb-98fb-283926e47295','Gayle','Labadie','Laisha','1970-01-20','1-936-813-4181x44671','\"9590284591\"','2000-12-22 02:22:36','1970-11-24 17:29:45'),(115,'983e0519-bb96-11eb-98fb-283926e47295','Frida','Rippin','Jaiden','2009-07-16','746-668-8238','\"0897600193\"','2020-03-01 13:04:06','1996-11-27 00:49:38'),(116,'983eedc4-bb96-11eb-98fb-283926e47295','Caterina','Sanford','Ulices','2004-06-26','(996)945-5699','\"4402225958\"','1972-03-14 21:56:20','2004-06-02 12:09:25'),(117,'983fd0dd-bb96-11eb-98fb-283926e47295','Providenci','Turner','Toney','2006-03-11','745-564-7477','\"1990777088\"','1995-10-11 02:32:36','2000-11-10 18:11:03'),(118,'9840c939-bb96-11eb-98fb-283926e47295','Maximilian','Bergstrom','Teagan','1995-10-25','527.984.3500x53519','\"9436340257\"','2010-01-18 15:55:55','1996-06-17 08:38:54'),(119,'9841a083-bb96-11eb-98fb-283926e47295','Beverly','Cronin','Julia','1979-04-29','129.989.4608x15868','\"4728095113\"','1985-11-10 19:40:39','2005-12-31 04:58:15'),(120,'98438273-bb96-11eb-98fb-283926e47295','Margarette','Kling','Fausto','1984-05-15','(209)922-0343x04420','\"3600341870\"','2016-12-03 09:30:50','1984-01-25 04:19:25'),(121,'984454b1-bb96-11eb-98fb-283926e47295','Eliza','Daniel','Lexus','2014-01-23','1-234-418-5085','\"1046992776\"','2005-11-13 09:06:55','1976-01-09 23:56:07'),(122,'9845297e-bb96-11eb-98fb-283926e47295','Marlene','Hettinger','Guido','1970-03-29','827-788-0436x55826','\"3464697572\"','2000-10-12 17:05:15','1995-05-05 16:42:40'),(123,'98462133-bb96-11eb-98fb-283926e47295','Gladys','Greenholt','Kevin','2013-10-10','(297)158-7785','\"3958876273\"','2010-11-10 04:30:47','2007-08-18 16:53:03'),(124,'98471c49-bb96-11eb-98fb-283926e47295','Manuela','Jaskolski','Oren','2004-09-10','752-423-3463x319','\"7065440540\"','2014-01-18 22:56:15','1975-02-27 11:18:51'),(125,'9847f2d3-bb96-11eb-98fb-283926e47295','Gisselle','D\'Amore','Geraldine','1973-11-05','+48(5)2463550345','\"9892805932\"','1994-09-27 01:37:31','1982-11-07 16:33:25'),(126,'9848e4d1-bb96-11eb-98fb-283926e47295','Gerald','Stokes','Ernesto','1971-07-31','187.329.9299x1187','\"2458296115\"','1987-11-19 09:06:50','1980-10-16 18:09:59'),(127,'9849ac9c-bb96-11eb-98fb-283926e47295','Jermain','Runolfsson','Onie','2000-05-04','281-742-7364x352','\"2237760059\"','1998-03-24 05:31:02','1980-10-24 06:51:28'),(128,'984a6460-bb96-11eb-98fb-283926e47295','Zoey','Howell','Ahmed','1994-03-18','(934)507-7340x576','\"0399438110\"','2019-09-16 23:22:16','2002-03-22 08:27:22'),(129,'984b7442-bb96-11eb-98fb-283926e47295','Elaina','Kreiger','Gunner','1996-10-20','057.870.1983x40625','\"8049761056\"','1980-05-19 05:24:45','1993-05-11 05:04:57'),(130,'984c379f-bb96-11eb-98fb-283926e47295','Conor','Luettgen','Davin','2015-06-12','(097)078-9640x6776','\"4958243644\"','1979-04-14 22:37:53','2011-09-25 16:57:12'),(131,'984d192e-bb96-11eb-98fb-283926e47295','Geoffrey','Beatty','Jesse','1978-02-03','(412)832-7358','\"4728848652\"','1994-05-06 15:04:17','1987-04-19 20:04:34'),(132,'984dfce5-bb96-11eb-98fb-283926e47295','Aracely','Marks','Xander','1974-11-19','832-133-8978x142','\"5881930956\"','1980-07-19 09:32:06','1983-08-14 09:53:19'),(133,'984edbfc-bb96-11eb-98fb-283926e47295','Malika','Fisher','Filomena','1993-11-20','575-163-6662x8841','\"7825577884\"','1976-05-07 16:44:52','1973-04-14 16:18:11'),(134,'984fcffc-bb96-11eb-98fb-283926e47295','Ettie','Wolff','Torrey','1983-03-29','920-960-2685x9399','\"7604903508\"','2001-05-07 10:32:28','1993-11-15 05:36:49'),(135,'9850cc71-bb96-11eb-98fb-283926e47295','Jocelyn','Grimes','Maddison','2011-01-27','(246)993-9495','\"5029556558\"','1984-09-09 02:07:35','1975-10-18 03:58:25'),(136,'9851adf8-bb96-11eb-98fb-283926e47295','Brigitte','Wilderman','Beulah','1979-07-03','594-993-5032','\"6575630835\"','2015-12-29 05:42:09','1980-02-13 19:16:18'),(137,'98529877-bb96-11eb-98fb-283926e47295','Madge','Waters','Jaden','1979-07-06','(263)866-7598x9068','\"0586540442\"','1982-11-19 13:56:31','1973-08-07 10:04:09'),(138,'98537ab6-bb96-11eb-98fb-283926e47295','Alexys','Rath','Caden','2020-05-05','1-746-847-3457x99273','\"5774925210\"','1989-09-05 01:45:28','1993-11-09 00:06:03'),(139,'98545e6d-bb96-11eb-98fb-283926e47295','Kaya','Hoppe','Hollie','1979-11-16','(109)628-8430x45254','\"7931096315\"','1995-09-06 21:30:41','1988-11-16 19:35:37'),(140,'98555179-bb96-11eb-98fb-283926e47295','Katlynn','Tromp','Elvie','2011-09-28','789.972.4918','\"3828286153\"','1973-06-24 18:48:00','1994-01-10 15:42:45'),(141,'98562e7b-bb96-11eb-98fb-283926e47295','Weston','Gibson','Ashlynn','1996-06-28','1-646-941-3399x512','\"4217951141\"','2015-02-24 17:17:23','1983-11-15 23:29:22'),(142,'98575d8a-bb96-11eb-98fb-283926e47295','Daniella','Beer','Rogelio','1995-11-26','(807)020-0936x1144','\"5706772131\"','2017-12-04 18:57:03','1972-10-16 13:16:16'),(143,'98587c99-bb96-11eb-98fb-283926e47295','Yessenia','Labadie','Ashlee','2002-09-23','05730019800','\"3822605595\"','1990-04-12 21:07:42','1974-12-05 07:09:26'),(144,'98595914-bb96-11eb-98fb-283926e47295','Shyann','Wuckert','Ricardo','2003-08-02','1-712-856-0618x8350','\"2869315645\"','2017-01-26 12:55:23','2008-01-30 01:59:24'),(145,'985a3c2a-bb96-11eb-98fb-283926e47295','Dorthy','Runolfsdottir','Vicente','2019-06-29','400-509-6521x139','\"9575711395\"','2017-06-28 09:22:45','1982-08-21 13:59:51'),(146,'985b44d0-bb96-11eb-98fb-283926e47295','Erick','Heller','Joesph','2015-03-31','609-579-6618x2481','\"4003326076\"','1981-08-30 20:31:57','1998-12-29 19:25:50'),(147,'985c03db-bb96-11eb-98fb-283926e47295','Ned','Blanda','Lourdes','1994-10-14','278.380.1278','\"8826889123\"','2009-06-08 20:49:10','1977-02-08 06:11:01'),(148,'985cbb5e-bb96-11eb-98fb-283926e47295','Palma','Jacobs','Sunny','1994-08-30','08257706344','\"2729638355\"','2016-06-02 08:58:17','1990-05-19 20:38:08'),(149,'985d9d1c-bb96-11eb-98fb-283926e47295','Stone','Klocko','Shania','2014-08-25','886-145-7491','\"4405779136\"','1987-06-08 19:14:16','1981-08-30 11:28:21'),(150,'985ef027-bb96-11eb-98fb-283926e47295','Cierra','Mosciski','Jean','1988-10-28','938.973.4565','\"9259957495\"','2004-12-06 08:47:32','2013-03-27 08:04:31'),(151,'985fc409-bb96-11eb-98fb-283926e47295','Kim','Konopelski','Garnett','1988-08-29','+68(9)1621891144','\"4832070226\"','1992-05-05 04:52:35','1972-06-05 14:03:41'),(152,'9860a48a-bb96-11eb-98fb-283926e47295','Torrey','Halvorson','Jimmie','1974-03-03','04370846439','\"8307603262\"','1992-04-01 23:23:33','2001-12-23 14:14:56'),(153,'98618c8b-bb96-11eb-98fb-283926e47295','Modesto','Wisozk','Gino','2020-05-29','(939)917-8582x756','\"6085799566\"','1993-01-19 16:06:56','2013-07-15 14:21:14'),(154,'98627305-bb96-11eb-98fb-283926e47295','Damon','Gislason','Alexane','2009-08-20','+49(9)1966317068','\"7308742312\"','1975-05-12 12:19:38','1993-10-07 05:53:22'),(155,'98635581-bb96-11eb-98fb-283926e47295','Santos','Rohan','Rosalee','2015-05-03','1-315-997-9614x7211','\"9921075711\"','1991-03-20 04:59:57','2005-09-03 13:05:39'),(156,'98642b15-bb96-11eb-98fb-283926e47295','Lorine','Dietrich','Preston','1985-06-08','(751)907-9358x73866','\"7171303475\"','2009-05-07 18:24:42','1979-10-15 00:42:54'),(157,'986532db-bb96-11eb-98fb-283926e47295','Rosemarie','Leuschke','Mike','1997-02-15','+71(6)0470578532','\"3201712193\"','2015-06-27 06:57:49','2000-03-15 10:40:46'),(158,'98663382-bb96-11eb-98fb-283926e47295','Wilmer','Walker','Ola','2020-03-02','+38(9)6607670374','\"1333921609\"','1989-05-28 20:30:22','2020-01-07 07:19:11'),(159,'98670a29-bb96-11eb-98fb-283926e47295','Bradford','Fisher','Alex','1988-04-02','1-905-729-5747x13821','\"4169074280\"','1979-10-17 01:00:07','2011-12-21 23:34:03'),(160,'9867f889-bb96-11eb-98fb-283926e47295','Quinton','Robel','Velva','1986-03-11','266-836-1657x18567','\"9293064060\"','1971-11-03 05:47:27','1993-06-21 16:24:25'),(161,'9868ca24-bb96-11eb-98fb-283926e47295','Quinten','Rippin','Mikel','2017-08-28','1-120-364-4878x610','\"2292444692\"','2006-09-24 16:28:01','2009-08-14 13:51:59'),(162,'98697fea-bb96-11eb-98fb-283926e47295','Conor','Wehner','Adrien','2015-08-17','+37(1)3025722113','\"8097868436\"','1970-07-25 17:29:53','1978-02-22 09:05:28'),(163,'986a91fa-bb96-11eb-98fb-283926e47295','Aimee','Green','Laura','2011-09-28','1-373-427-3011x77329','\"2115186245\"','2005-08-01 09:20:39','1982-05-13 21:27:40'),(164,'986b5f2b-bb96-11eb-98fb-283926e47295','Aubree','Schuster','Lenna','2016-02-04','1-642-493-1357x29825','\"2494050531\"','1973-04-22 13:36:07','2005-09-08 11:44:41'),(165,'986c3cd0-bb96-11eb-98fb-283926e47295','Teagan','Nikolaus','Salvatore','1985-11-29','1-699-728-4579x547','\"2554542704\"','1995-05-13 04:07:28','2002-04-28 06:14:25'),(166,'986d2023-bb96-11eb-98fb-283926e47295','Jayce','Bednar','Pete','1988-12-18','+73(9)2607515246','\"1957500574\"','2018-09-18 05:29:24','2021-03-13 12:04:20'),(167,'986e0be3-bb96-11eb-98fb-283926e47295','Lavonne','Pagac','Genevieve','2016-10-04','+46(8)9470395447','\"5003813614\"','2018-08-08 18:49:51','1983-01-08 19:11:06'),(168,'986ef51e-bb96-11eb-98fb-283926e47295','Billie','Dooley','Aidan','1982-10-29','831.118.6351x02254','\"0846400273\"','1981-09-25 08:11:06','1977-03-18 13:58:44'),(169,'986fdbb4-bb96-11eb-98fb-283926e47295','Maya','Altenwerth','Hallie','1997-03-05','1-034-857-9089x48903','\"4003940431\"','2008-03-31 14:02:06','2017-06-27 15:19:14'),(170,'9870c6da-bb96-11eb-98fb-283926e47295','Giovanna','Schmitt','Jett','1998-03-08','082-212-8870x94060','\"5117663563\"','2006-09-16 18:05:23','1971-10-31 17:20:02'),(171,'9871b174-bb96-11eb-98fb-283926e47295','Bertram','Murazik','Emilie','1989-06-22','1-465-585-5566x736','\"9599282443\"','2001-11-26 21:28:12','2019-05-10 05:41:58'),(172,'98728ba2-bb96-11eb-98fb-283926e47295','Anahi','Miller','Jaqueline','2005-05-08','+55(0)2111574371','\"2458880178\"','2000-04-13 17:27:44','1976-10-25 02:16:15'),(173,'98739edc-bb96-11eb-98fb-283926e47295','Susanna','Schuppe','Lonny','1983-05-19','(646)710-7662','\"9379650119\"','2019-02-21 04:56:35','1970-11-30 01:38:25'),(174,'98748ea6-bb96-11eb-98fb-283926e47295','Greyson','Bartell','Carmela','2008-07-25','739-449-1588','\"2455265889\"','1984-04-15 23:19:52','1989-10-10 23:19:35'),(175,'98756eb1-bb96-11eb-98fb-283926e47295','Ray','Hagenes','Jerad','2003-03-22','+21(5)9763166347','\"1893413077\"','1973-06-12 18:54:25','2003-02-21 20:14:53'),(176,'987659a3-bb96-11eb-98fb-283926e47295','Kassandra','Olson','Jayce','1993-10-19','1-941-131-4214x563','\"4056574824\"','1986-07-16 18:55:13','1987-12-29 07:01:36'),(177,'987751a2-bb96-11eb-98fb-283926e47295','Taurean','Krajcik','Esther','1977-08-30','1-124-288-5364x171','\"1271829613\"','1998-03-11 02:16:30','1990-07-16 18:54:21'),(178,'98781d4e-bb96-11eb-98fb-283926e47295','Cecilia','Johnston','Jedidiah','2000-04-14','(381)384-8355','\"9759854610\"','1984-07-06 21:18:35','2018-01-26 23:21:33'),(179,'98795e93-bb96-11eb-98fb-283926e47295','Ilene','Lynch','Lyda','1977-06-23','358.387.1208x496','\"2680096003\"','1975-06-27 08:03:31','1978-02-19 06:29:41'),(180,'987af46b-bb96-11eb-98fb-283926e47295','Norbert','King','Bridget','1977-09-29','232.102.0647','\"4861858958\"','1981-11-21 06:40:48','2007-07-17 06:55:04'),(181,'987bd2d2-bb96-11eb-98fb-283926e47295','Jocelyn','Ferry','Alize','1974-08-21','037.345.6623x740','\"7603666872\"','1970-04-06 18:12:34','2003-02-01 13:21:24'),(182,'987cddfb-bb96-11eb-98fb-283926e47295','Quinn','Sanford','Jamison','1988-08-31','794.977.8656x29721','\"6417930778\"','2002-05-03 19:55:26','2002-12-21 09:30:30'),(183,'987d9b5d-bb96-11eb-98fb-283926e47295','Aurore','Turcotte','Devyn','1986-09-23','02673293714','\"1855895498\"','2003-07-27 07:01:43','2020-11-27 23:23:34'),(184,'987e4c0c-bb96-11eb-98fb-283926e47295','Isidro','Nader','Rosella','2021-05-07','765.647.0156x0854','\"6110742285\"','2020-06-05 22:06:00','1998-06-18 00:00:09'),(185,'987f3e37-bb96-11eb-98fb-283926e47295','Adella','Leuschke','Maximus','2008-02-16','280.391.7474','\"7924102731\"','2007-05-03 12:44:13','2008-09-26 02:20:36'),(186,'98802740-bb96-11eb-98fb-283926e47295','Yesenia','Keeling','Easton','1977-01-14','1-149-841-3085','\"5112345828\"','1984-01-24 21:52:47','1979-06-25 00:14:51'),(187,'988114fc-bb96-11eb-98fb-283926e47295','Theodore','Homenick','Burley','2006-08-01','1-441-585-8713','\"3007690744\"','1985-04-21 21:38:09','2007-03-12 05:31:18'),(188,'9881e419-bb96-11eb-98fb-283926e47295','Ahmad','Schmeler','Nichole','1992-02-26','1-292-879-1999x2840','\"3152727061\"','2015-06-27 16:36:42','2001-03-30 19:21:42'),(189,'9882ba7d-bb96-11eb-98fb-283926e47295','Coleman','Hamill','Adalberto','1975-08-24','849-373-0782','\"4035263593\"','2016-07-06 03:26:38','2000-06-04 06:47:55'),(190,'9883b113-bb96-11eb-98fb-283926e47295','Kathryn','Keebler','Gage','2013-03-17','00986952742','\"6827977960\"','1984-09-23 18:15:36','1970-07-06 18:24:39'),(191,'9884ac9b-bb96-11eb-98fb-283926e47295','Noel','Schmeler','Dario','2012-08-20','(543)080-4598','\"9009663526\"','1981-07-20 16:47:56','1996-01-21 03:21:07'),(192,'98858efe-bb96-11eb-98fb-283926e47295','Emmanuel','McLaughlin','Jed','1994-04-28','00388356205','\"4988858553\"','2014-07-04 04:13:37','1996-04-08 07:07:43'),(193,'98867519-bb96-11eb-98fb-283926e47295','Lura','Littel','Marcelle','2005-03-11','+15(2)7306671197','\"4811274512\"','2011-04-14 06:07:10','2019-05-21 16:48:22'),(194,'9887538d-bb96-11eb-98fb-283926e47295','Julius','Von','Virgil','2005-12-09','773-882-5708','\"5623744346\"','1992-11-26 23:01:39','1998-11-17 04:04:55'),(195,'988837e2-bb96-11eb-98fb-283926e47295','Kim','Marquardt','Hermina','2015-02-24','(812)033-2975x240','\"3245866449\"','1973-05-31 19:17:32','2011-09-06 20:11:03'),(196,'9889196a-bb96-11eb-98fb-283926e47295','Karelle','Ryan','Alexandro','1974-09-11','118.573.3670','\"1637958900\"','1974-01-23 03:46:43','2009-08-08 03:34:39'),(197,'988a2510-bb96-11eb-98fb-283926e47295','Ryley','Harvey','Junior','1973-06-16','882-888-5597','\"1855513889\"','1973-09-23 09:38:45','2009-02-17 18:14:56'),(198,'988ae44f-bb96-11eb-98fb-283926e47295','Arnulfo','Braun','Kristofer','2017-09-01','1-798-568-7559x5545','\"3272444447\"','2015-11-15 11:28:19','1996-02-24 08:48:51'),(199,'988bb14a-bb96-11eb-98fb-283926e47295','Valentina','Bradtke','Nestor','2010-04-21','573-099-6096x8325','\"0717384766\"','1985-04-12 07:59:21','1991-06-25 03:00:06'),(200,'988c988b-bb96-11eb-98fb-283926e47295','Jermey','Gislason','Hunter','1993-11-03','824.382.5127x877','\"0256864591\"','1989-07-30 05:45:27','1993-09-14 06:54:31'),(201,'988d9bf8-bb96-11eb-98fb-283926e47295','Viola','Nolan','Douglas','2004-04-30','1-327-911-1479x59497','\"7375646849\"','1998-08-15 20:53:44','1995-12-09 07:19:30'),(202,'988e8bf1-bb96-11eb-98fb-283926e47295','Katlyn','Schuppe','Aletha','2002-04-26','1-317-104-8286x04393','\"2076037201\"','1982-07-08 01:01:29','2002-06-25 00:01:46'),(203,'988f7bca-bb96-11eb-98fb-283926e47295','Glenna','Dare','Izaiah','1993-08-20','+35(6)1228724280','\"3414345994\"','2013-08-28 18:06:49','2012-10-27 20:23:52'),(204,'989050f3-bb96-11eb-98fb-283926e47295','Sunny','Ruecker','Godfrey','2004-09-06','(727)724-7599x3271','\"3145342121\"','1996-02-02 19:57:08','1979-10-04 02:30:30'),(205,'98910955-bb96-11eb-98fb-283926e47295','Libby','Trantow','Tavares','1995-10-17','07794870553','\"4724522454\"','1977-04-24 01:36:26','2010-05-01 03:59:26'),(206,'9891b1e4-bb96-11eb-98fb-283926e47295','Samanta','Stiedemann','Rosario','1975-02-11','139-738-5371','\"3494802539\"','1998-02-13 13:16:07','1976-09-06 01:28:34'),(207,'98927e8a-bb96-11eb-98fb-283926e47295','Leanna','Kris','Shaina','2020-07-18','(726)987-1181x222','\"9504223902\"','1974-08-03 10:45:01','1997-06-11 04:41:48'),(208,'98936465-bb96-11eb-98fb-283926e47295','Mohammed','Gorczany','Jace','1987-04-10','1-753-699-0719x59747','\"8784588984\"','1982-10-17 07:47:59','1995-10-15 12:49:41'),(209,'989474b4-bb96-11eb-98fb-283926e47295','Aurore','Weber','Clovis','1998-08-01','523.948.8153x257','\"0833029201\"','1990-05-28 11:00:17','1974-11-01 14:47:19'),(210,'98952c67-bb96-11eb-98fb-283926e47295','Elbert','Hand','Faye','2012-02-13','915.250.1400x37045','\"2103700165\"','1982-04-20 04:14:44','1979-08-19 14:28:40'),(211,'9895f4d6-bb96-11eb-98fb-283926e47295','Ebony','Gutkowski','Ernie','2002-01-07','05310371913','\"2662711948\"','1983-12-11 03:15:47','1992-11-29 06:23:01'),(212,'9896b377-bb96-11eb-98fb-283926e47295','Uriel','Ortiz','Marion','1973-06-25','03163780358','\"1738195376\"','1974-03-04 13:05:57','1975-05-23 20:28:12'),(213,'989799a3-bb96-11eb-98fb-283926e47295','Sammy','Boehm','Laila','2007-06-19','(247)385-8062','\"1698700094\"','1970-12-26 19:52:17','1980-07-16 16:43:26'),(214,'98988425-bb96-11eb-98fb-283926e47295','Rocky','Harvey','Elinor','2009-01-29','980.650.6727x321','\"5556577216\"','2016-09-02 12:43:09','1996-03-26 17:12:20'),(215,'9899bcbf-bb96-11eb-98fb-283926e47295','Liana','Paucek','Stephania','2000-05-03','440-984-0578x3305','\"6376643283\"','2017-04-02 06:20:10','1990-02-17 20:55:12'),(216,'989ad2d8-bb96-11eb-98fb-283926e47295','Heather','Treutel','Jorge','1990-04-05','(534)206-2176x418','\"0292441522\"','1970-07-21 03:10:24','1973-01-20 03:45:35'),(217,'989ba7a3-bb96-11eb-98fb-283926e47295','Ardella','Fisher','Ike','1984-12-02','07755219632','\"2538602287\"','1999-11-18 00:05:30','1998-02-22 22:45:53'),(218,'989ca764-bb96-11eb-98fb-283926e47295','Amber','Macejkovic','Kayli','2000-07-01','(469)651-2288','\"4017149144\"','1988-12-16 07:09:10','2020-10-12 20:10:49'),(219,'989d6d3a-bb96-11eb-98fb-283926e47295','Shaina','Feeney','Felton','2021-04-22','(568)887-4221','\"6791603662\"','1983-11-22 20:53:40','1981-09-04 15:02:23'),(220,'989e5478-bb96-11eb-98fb-283926e47295','Raymundo','Pfeffer','Antoinette','2016-12-16','286-254-5643x00948','\"7192300417\"','1974-05-09 15:03:30','1996-06-28 15:51:48'),(221,'989f402f-bb96-11eb-98fb-283926e47295','Brant','Wiegand','Kristin','1978-03-24','1-848-152-2699x37871','\"1783558992\"','2014-01-19 07:57:42','1991-02-03 05:57:47'),(222,'98a02d8c-bb96-11eb-98fb-283926e47295','Jammie','Wuckert','Jarrett','1984-11-02','092.661.2478x012','\"9511097634\"','1992-10-10 15:29:25','2005-05-20 20:18:05'),(223,'98a0f74f-bb96-11eb-98fb-283926e47295','Rosemarie','Kshlerin','Katheryn','1993-08-01','03209526775','\"0191275852\"','2019-02-26 07:47:03','2000-07-07 19:52:15'),(224,'98a1cba3-bb96-11eb-98fb-283926e47295','Flo','Windler','Violet','2015-11-09','503.728.9408x038','\"5616974043\"','1980-02-16 09:50:26','2019-03-06 21:50:34'),(225,'98a2a30e-bb96-11eb-98fb-283926e47295','Hilbert','Greenholt','Dorothea','2008-09-02','05850045441','\"0199413246\"','2006-06-30 23:13:46','2017-01-12 12:11:04'),(226,'98a390fe-bb96-11eb-98fb-283926e47295','Jamal','Leffler','Margie','1981-08-14','976.897.8792x52631','\"3335749950\"','1995-09-20 14:45:25','1985-03-04 01:41:08'),(227,'98a491ab-bb96-11eb-98fb-283926e47295','Kyla','Robel','Raul','2020-12-07','932.580.0438','\"9988743719\"','2000-03-04 23:25:30','2015-07-22 03:38:37'),(228,'98a5503d-bb96-11eb-98fb-283926e47295','Easter','Kozey','Rylee','1988-01-05','047.675.1390x9374','\"2776414434\"','1975-09-04 19:42:54','1999-03-03 07:46:24'),(229,'98a621bd-bb96-11eb-98fb-283926e47295','Leora','Gibson','Laurence','1970-10-04','(511)934-9590x8858','\"1602159076\"','2002-09-08 21:17:22','2012-02-02 03:06:27'),(230,'98a6fc7a-bb96-11eb-98fb-283926e47295','Christelle','Orn','Lula','1996-02-17','(716)906-5092','\"7340586329\"','2005-06-25 11:21:19','2021-02-19 06:54:18'),(231,'98a7fb4a-bb96-11eb-98fb-283926e47295','Keira','Lubowitz','Rollin','1975-03-24','535-622-2477','\"0934542582\"','1980-01-19 12:19:44','1997-09-21 08:26:10'),(232,'98a8d23e-bb96-11eb-98fb-283926e47295','Luciano','Cummerata','German','1982-11-15','01893170151','\"2247469387\"','2018-09-27 16:38:45','2009-06-08 12:56:06'),(233,'98a9c241-bb96-11eb-98fb-283926e47295','Bradford','Osinski','Tyshawn','1993-02-10','1-539-406-0715','\"2836141273\"','1996-12-07 18:03:27','1987-03-14 20:50:32'),(234,'98aa9174-bb96-11eb-98fb-283926e47295','Myrtie','Schuster','Jayson','1988-05-04','464.301.4773x312','\"7741965574\"','2012-03-18 16:13:21','1972-12-17 03:31:44'),(235,'98ab4259-bb96-11eb-98fb-283926e47295','Cecilia','Hyatt','Angelita','1973-01-16','+89(3)0786196844','\"7725520203\"','2012-08-15 14:18:04','2004-08-27 09:10:21'),(236,'98ad0002-bb96-11eb-98fb-283926e47295','Desiree','Lakin','Demario','2008-05-16','+48(1)1277142230','\"9896766274\"','1970-08-26 13:51:33','2015-03-08 06:46:12'),(237,'98adbb21-bb96-11eb-98fb-283926e47295','Faustino','Thiel','Dianna','1986-12-29','617.501.7786x854','\"2413729833\"','1983-01-07 21:22:55','2014-06-13 10:28:04'),(238,'98ae81ee-bb96-11eb-98fb-283926e47295','Karson','Powlowski','Murphy','2013-03-10','(317)386-6484x0337','\"6287398969\"','1984-05-19 08:29:17','1993-11-25 00:09:07'),(239,'98af4707-bb96-11eb-98fb-283926e47295','Imani','Roob','Chadd','1971-01-14','(069)571-4495x81704','\"1854843637\"','1981-01-27 14:23:26','2004-07-15 21:03:09'),(240,'98b05b36-bb96-11eb-98fb-283926e47295','Reta','Gleichner','Duncan','1974-04-18','068.891.4077','\"7001229174\"','1976-09-17 07:46:02','2020-10-21 06:22:13'),(241,'98b175af-bb96-11eb-98fb-283926e47295','Jayde','Cummings','Catalina','1985-10-10','1-410-519-4113','\"6637828519\"','2015-01-22 01:22:08','2018-09-06 17:55:18'),(242,'98b22cae-bb96-11eb-98fb-283926e47295','Lelia','Block','Alan','1981-11-07','(752)882-7347x4027','\"9682037690\"','2012-11-15 20:02:44','1978-10-31 08:20:19'),(243,'98b337d4-bb96-11eb-98fb-283926e47295','Maxie','Predovic','Estella','2014-09-03','(326)477-1122','\"7458558101\"','2000-01-09 23:47:51','1989-05-11 22:25:13'),(244,'98b3fee5-bb96-11eb-98fb-283926e47295','Alana','Turcotte','Isabelle','1998-12-26','(796)630-5699','\"8769744999\"','1987-05-28 01:12:05','1995-08-06 13:50:34'),(245,'98b4ca36-bb96-11eb-98fb-283926e47295','Frankie','Corwin','Marcelle','1973-08-30','687.702.3517x323','\"3667937972\"','1998-09-28 10:01:04','1995-12-13 01:32:57'),(246,'98b5dab4-bb96-11eb-98fb-283926e47295','Christina','Runolfsson','Lon','1999-01-05','07581544322','\"0982425401\"','1984-03-31 20:09:42','2006-11-21 08:57:32'),(247,'98b6ab74-bb96-11eb-98fb-283926e47295','Edyth','Mayer','Wyatt','2010-12-07','+93(4)0006834332','\"4644969873\"','2021-01-19 16:06:54','2010-05-15 07:33:26'),(248,'98b78a29-bb96-11eb-98fb-283926e47295','Aurore','Anderson','Ozella','1999-06-26','361-397-5292x2464','\"1499068604\"','2019-09-21 16:52:09','1987-09-08 14:46:22'),(249,'98b88fdb-bb96-11eb-98fb-283926e47295','Ezra','Larkin','Russell','2014-01-08','04996890279','\"1897065796\"','2009-09-16 08:05:43','2002-03-17 22:50:44'),(250,'98b95e33-bb96-11eb-98fb-283926e47295','Juliana','O\'Keefe','Ansley','1975-12-21','(592)834-3207x0681','\"2393435216\"','2014-09-05 03:24:27','1984-04-28 05:38:40'),(251,'98ba0ae8-bb96-11eb-98fb-283926e47295','Annette','Dare','Corine','2002-10-19','454.161.9332x530','\"9882947929\"','1984-06-02 19:49:38','1976-08-17 15:07:03'),(252,'98bacafe-bb96-11eb-98fb-283926e47295','Vincenzo','Koch','Onie','1992-07-21','1-288-160-8850x3527','\"8679352047\"','1974-01-18 08:04:21','2014-06-03 03:24:45'),(253,'98bba2d1-bb96-11eb-98fb-283926e47295','Otilia','Hauck','Joyce','1970-06-29','1-854-001-2895x77104','\"3168804214\"','1982-05-19 22:38:10','2002-02-13 06:41:41'),(254,'98bc85b3-bb96-11eb-98fb-283926e47295','Ada','Schaden','Josephine','2006-01-21','423-875-1664x7111','\"3962013374\"','1987-08-22 03:41:58','2008-05-11 12:04:27'),(255,'98be03ec-bb96-11eb-98fb-283926e47295','Jonathon','Russel','Izabella','2020-05-12','+32(4)7840804677','\"0113781415\"','1972-06-06 22:24:11','2019-01-28 09:16:35'),(256,'98befa38-bb96-11eb-98fb-283926e47295','Rogers','Collier','Gisselle','2005-08-25','1-304-723-7623x52273','\"8773567233\"','1972-03-29 21:34:52','1993-06-03 13:17:11'),(257,'98bfe8ef-bb96-11eb-98fb-283926e47295','Hollie','Feest','Abagail','1974-12-18','846-310-3571x78227','\"5510827254\"','1987-02-02 06:46:30','1970-01-31 07:41:12'),(258,'98c0e2f8-bb96-11eb-98fb-283926e47295','Ewald','Crooks','Deanna','1987-04-19','1-262-594-2588x457','\"9455508431\"','1971-06-02 00:52:28','1992-03-29 08:36:27'),(259,'98c1c834-bb96-11eb-98fb-283926e47295','Georgette','Bechtelar','Lizeth','1997-05-04','(560)462-2089','\"3260390526\"','1982-04-24 03:59:37','2016-02-08 01:24:28'),(260,'98c2d81d-bb96-11eb-98fb-283926e47295','Arlo','Schaden','Ross','1979-10-10','1-065-001-1212','\"5695131287\"','1970-05-19 00:05:31','1973-02-12 12:45:31'),(261,'98c386b8-bb96-11eb-98fb-283926e47295','Alanis','Zulauf','Coy','2006-03-27','588.261.6115x327','\"3633871221\"','1991-05-25 01:07:41','2021-05-03 23:38:17'),(262,'98c459f9-bb96-11eb-98fb-283926e47295','Shawna','Davis','Letha','1986-06-18','1-946-008-9032','\"8333741938\"','1972-08-17 10:03:08','1972-04-27 15:13:33'),(263,'98c53384-bb96-11eb-98fb-283926e47295','Dina','Botsford','Aimee','2005-08-31','1-332-975-7837','\"5762528690\"','1979-12-04 00:47:14','1983-03-20 18:01:30'),(264,'98c62bab-bb96-11eb-98fb-283926e47295','Adrian','Quitzon','Jackeline','1987-11-07','1-862-608-9016','\"1180362147\"','1982-07-18 16:58:10','1993-03-09 17:46:25'),(265,'98c709bc-bb96-11eb-98fb-283926e47295','Virginia','Murazik','Alexa','1993-05-30','530-323-1636x15896','\"8139878728\"','1992-01-02 15:45:56','1973-05-25 02:59:11'),(266,'98c811e0-bb96-11eb-98fb-283926e47295','Marina','Connelly','Alessia','1987-06-13','(776)578-2339x7782','\"7575419231\"','1990-05-17 18:11:59','2003-07-09 05:09:26'),(267,'98c8ecd5-bb96-11eb-98fb-283926e47295','Macie','Koelpin','Mac','2019-07-20','+17(9)9176146875','\"6166823696\"','1991-06-19 18:28:33','1984-01-12 19:37:55'),(268,'98c9d2e0-bb96-11eb-98fb-283926e47295','Pinkie','Jaskolski','Dayne','2009-09-21','186.968.8525x044','\"2700253445\"','1997-03-03 02:43:08','1978-09-02 16:46:03'),(269,'98cab710-bb96-11eb-98fb-283926e47295','Clifton','Kreiger','Misty','2001-09-04','047.424.5342','\"8013502047\"','1991-09-10 03:30:44','2006-07-06 12:47:25'),(270,'98cba8db-bb96-11eb-98fb-283926e47295','Kameron','Corwin','Matilde','1975-10-13','295.826.9774','\"1378912032\"','1993-10-30 17:48:12','2016-06-01 01:16:49'),(271,'98cc86f9-bb96-11eb-98fb-283926e47295','Tate','McDermott','Sigmund','1973-02-15','+28(6)2935142794','\"1886152356\"','2018-08-15 20:53:02','1996-10-23 11:35:54'),(272,'98cd8568-bb96-11eb-98fb-283926e47295','Cayla','Stark','Reese','2015-08-14','07091904203','\"5268170820\"','2014-03-07 13:38:20','1995-09-26 20:12:51'),(273,'98ce59a0-bb96-11eb-98fb-283926e47295','Claude','Monahan','Ashton','1987-12-14','(200)694-9351x08994','\"6395233199\"','1983-04-04 18:23:12','1978-05-02 11:49:50'),(274,'98cf2e0b-bb96-11eb-98fb-283926e47295','Richmond','Deckow','Selmer','1999-05-09','176-703-1204','\"6514628069\"','1980-03-26 10:04:39','2004-12-17 01:45:35'),(275,'98d04a9e-bb96-11eb-98fb-283926e47295','Gerry','Steuber','Wendell','1977-04-08','(989)203-8293x779','\"8979260523\"','1977-05-06 17:23:39','1996-02-23 08:29:43'),(276,'98d13774-bb96-11eb-98fb-283926e47295','Steve','Boyle','Bettie','1976-01-21','1-412-952-5080x5891','\"1996936213\"','1972-12-04 12:52:26','1989-06-03 23:44:01'),(277,'98d21719-bb96-11eb-98fb-283926e47295','Hallie','Kiehn','Florine','2020-10-28','08576495671','\"9201850367\"','1976-01-01 04:25:25','2006-08-18 20:44:19'),(278,'98d30043-bb96-11eb-98fb-283926e47295','Bethel','Will','Leon','1983-05-12','1-578-084-2713x648','\"6878233646\"','1978-04-12 05:21:16','1973-02-20 08:24:45'),(279,'98d3dc69-bb96-11eb-98fb-283926e47295','Jordon','Hane','Roberta','1970-07-30','(901)589-6980x19279','\"4783498658\"','2004-03-11 03:45:47','2001-12-06 10:33:33'),(280,'98d4c895-bb96-11eb-98fb-283926e47295','Lora','Roberts','Celine','2008-01-07','238.902.3937x81925','\"4733962732\"','2013-03-05 08:23:49','1997-09-10 08:34:05'),(281,'98d68413-bb96-11eb-98fb-283926e47295','Hermina','Weber','Madaline','1978-04-02','461-799-1441','\"3521408599\"','2004-10-08 08:17:00','1993-01-17 03:10:34'),(282,'98d747ec-bb96-11eb-98fb-283926e47295','Eloisa','Kuphal','Loma','1989-07-28','564-228-7678x6040','\"3658195165\"','1976-11-17 21:30:44','2005-01-23 12:46:34'),(283,'98d8128f-bb96-11eb-98fb-283926e47295','Lon','Monahan','Clovis','2019-04-09','+05(3)7690373819','\"5190603530\"','2003-04-17 19:27:22','1998-07-15 08:40:27'),(284,'98d8edef-bb96-11eb-98fb-283926e47295','Jordy','Metz','Macey','2009-08-21','576.203.6865x1667','\"2558210679\"','2013-11-02 23:36:00','2021-01-18 14:00:34'),(285,'98d9c1b2-bb96-11eb-98fb-283926e47295','Pauline','Pouros','Elian','2010-09-11','1-735-376-2836x69853','\"9376374159\"','2007-10-25 00:45:32','2019-03-11 20:55:27'),(286,'98daa9ca-bb96-11eb-98fb-283926e47295','Garry','Shields','Dee','1991-10-09','726.245.3553','\"4002184261\"','1997-03-08 21:00:27','2001-03-27 19:31:10'),(287,'98db8608-bb96-11eb-98fb-283926e47295','Earl','Gorczany','Dusty','1995-03-25','1-054-688-6114','\"9459123805\"','2004-01-04 18:08:19','1981-11-12 16:59:17'),(288,'98dc7b47-bb96-11eb-98fb-283926e47295','Michael','Strosin','Zaria','2012-03-10','(113)468-6831','\"6051989016\"','1990-06-05 21:16:13','1984-05-15 06:46:18'),(289,'98dd53ae-bb96-11eb-98fb-283926e47295','Emilia','Reinger','Beryl','1979-10-01','(474)055-6630x47977','\"0337687962\"','2009-09-22 07:52:33','1995-06-02 23:04:39'),(290,'98de4cb5-bb96-11eb-98fb-283926e47295','Allison','Kerluke','Bill','2004-09-01','(237)810-4680x54390','\"5381522649\"','1982-08-10 16:11:55','1990-01-12 15:27:13'),(291,'98dfa8c9-bb96-11eb-98fb-283926e47295','Kayleigh','Kozey','Stanford','1990-09-01','1-188-518-1323','\"1781267061\"','1975-09-10 11:49:41','1977-07-04 02:08:33'),(292,'98e0a175-bb96-11eb-98fb-283926e47295','Scot','Gutmann','Arjun','1990-01-12','323-391-6340x212','\"5458597708\"','1980-04-20 09:48:12','1980-04-01 09:12:57'),(293,'98e19eb4-bb96-11eb-98fb-283926e47295','Maurice','Wilderman','Kamron','1984-05-19','299-071-3840','\"8354701943\"','1998-02-20 07:03:04','1995-09-14 03:28:22'),(294,'98e282f1-bb96-11eb-98fb-283926e47295','Justine','Gulgowski','Janis','1987-01-17','(826)507-9706','\"6021484641\"','1971-03-31 07:20:47','1987-11-17 03:21:16'),(295,'98e36397-bb96-11eb-98fb-283926e47295','Jed','Jaskolski','Macie','1999-10-17','650.470.2139','\"8670260007\"','1989-11-09 14:12:04','1975-11-12 05:10:02'),(296,'98e4503b-bb96-11eb-98fb-283926e47295','Neil','Schowalter','Tito','2008-02-20','1-921-771-5428x72091','\"6658828595\"','1987-03-26 12:16:22','2013-01-08 09:18:19'),(297,'98e5c293-bb96-11eb-98fb-283926e47295','Mona','Jacobi','Estella','1993-06-16','937-134-6847x4455','\"8669876273\"','1991-10-09 07:54:12','2001-11-13 23:14:38'),(298,'98e6b422-bb96-11eb-98fb-283926e47295','Norene','Robel','Isadore','1994-08-03','01118063569','\"6238212832\"','2016-09-17 15:19:30','1993-01-20 13:56:14'),(299,'98e7be31-bb96-11eb-98fb-283926e47295','Keegan','VonRueden','Armando','1997-05-22','09650725821','\"4010003158\"','1982-12-30 01:33:10','1993-01-15 03:13:18'),(300,'98e88a8e-bb96-11eb-98fb-283926e47295','Chloe','Casper','Lisette','1996-03-09','(346)295-5224x2993','\"5916763778\"','1997-08-08 13:25:54','2002-06-24 17:37:40'),(301,'98e95c43-bb96-11eb-98fb-283926e47295','Reva','Tromp','Esteban','2010-06-17','(979)607-2579x9174','\"8740129845\"','2011-12-04 05:18:51','2003-12-08 04:56:33'),(302,'98ea28d6-bb96-11eb-98fb-283926e47295','Elton','Legros','Hildegard','2020-04-11','964-159-2107x77237','\"4426861609\"','2008-03-29 22:01:54','2014-02-21 07:36:22'),(303,'98eb0057-bb96-11eb-98fb-283926e47295','Ashton','Koch','Zetta','2013-04-29','093.199.5002x36237','\"9065287990\"','1982-07-02 23:25:32','2012-05-19 20:16:17'),(304,'98ec2260-bb96-11eb-98fb-283926e47295','Whitney','Greenholt','Fae','1982-08-26','819.100.7108','\"0925002497\"','1994-02-14 20:55:09','1997-02-11 11:10:35'),(305,'98ed0fff-bb96-11eb-98fb-283926e47295','Emery','Toy','Louisa','1993-02-14','00897864789','\"4542118739\"','2003-12-11 13:38:04','1992-03-07 16:19:24'),(306,'98ee009e-bb96-11eb-98fb-283926e47295','Genoveva','Abernathy','Harmon','2014-06-13','(820)116-1889x2379','\"9806129942\"','2005-12-30 14:41:41','1996-09-06 08:45:31'),(307,'98eefcf1-bb96-11eb-98fb-283926e47295','Tillman','Gleason','Savannah','1984-01-15','05737251981','\"7897580224\"','2015-07-17 06:59:51','1971-01-16 02:51:35'),(308,'98efcce7-bb96-11eb-98fb-283926e47295','Vivian','Olson','Madelyn','1998-04-19','(968)299-7209x34763','\"4167780927\"','2017-04-25 08:06:01','2016-11-25 10:38:10'),(309,'98f09e3f-bb96-11eb-98fb-283926e47295','Taurean','Crooks','Madge','1977-09-06','531.803.9336','\"8028771264\"','1996-04-29 21:52:49','1990-06-19 08:12:50'),(310,'98f16ff7-bb96-11eb-98fb-283926e47295','Hershel','Rutherford','Jennie','1993-10-16','(547)931-6213x745','\"6790221098\"','1973-08-11 02:23:28','2013-05-12 13:13:43'),(311,'98f267a7-bb96-11eb-98fb-283926e47295','Dante','Dietrich','Nicklaus','1997-05-27','09449453148','\"7318027963\"','1972-08-30 12:14:46','1998-04-07 03:50:10'),(312,'98f34afd-bb96-11eb-98fb-283926e47295','Timothy','Hoppe','Anita','1998-03-15','344.855.2762x9740','\"1857615757\"','1988-05-04 03:31:11','2001-02-14 17:22:58'),(313,'98f441bb-bb96-11eb-98fb-283926e47295','Dejuan','Stokes','Shannon','1990-10-20','786-975-5807x479','\"7940821967\"','2003-09-17 10:22:44','2018-12-30 23:37:47'),(314,'98f51c69-bb96-11eb-98fb-283926e47295','Stephania','Crooks','Amiya','2019-07-25','396-011-4203x401','\"5854236216\"','1974-03-14 02:06:09','2013-12-24 10:20:34'),(315,'98f5e6f4-bb96-11eb-98fb-283926e47295','Vernon','Kassulke','Wanda','1983-09-18','648.251.9197x15265','\"5627539699\"','1984-08-12 22:26:49','2000-05-25 10:32:13'),(316,'98f6cd2e-bb96-11eb-98fb-283926e47295','Suzanne','Turcotte','Kian','1993-05-13','06077011693','\"7656858415\"','1971-01-13 21:44:04','2015-07-16 09:05:23'),(317,'98f7ca92-bb96-11eb-98fb-283926e47295','Zoie','Zulauf','Samara','1992-12-30','(814)173-5564x043','\"3269956292\"','1991-04-21 05:00:06','2008-06-06 13:28:54'),(318,'98f8ad78-bb96-11eb-98fb-283926e47295','Norwood','Metz','Unique','2006-08-27','(236)301-8383x62122','\"1541711245\"','2021-04-03 18:31:52','2000-09-01 10:44:03'),(319,'98f9b55f-bb96-11eb-98fb-283926e47295','Marcellus','Jenkins','Stone','1995-02-14','567-808-2147','\"1005425987\"','2012-06-01 21:48:31','1974-10-15 00:24:13'),(320,'98fab85f-bb96-11eb-98fb-283926e47295','Antonetta','Heaney','Ronaldo','2009-03-29','(103)194-1937','\"2155729158\"','2003-04-19 17:41:14','1993-09-14 02:14:01'),(321,'98fb9601-bb96-11eb-98fb-283926e47295','Wava','Friesen','Margarette','2017-02-06','01347589938','\"8429964167\"','2002-08-16 05:15:11','1985-12-01 11:23:45'),(322,'98fca10b-bb96-11eb-98fb-283926e47295','Adrian','Reynolds','Dante','2002-02-05','1-245-434-9160','\"1231761895\"','1975-12-10 23:15:47','2012-12-03 17:03:21'),(323,'98ff27e0-bb96-11eb-98fb-283926e47295','Lucienne','Corwin','Anabel','2008-02-28','578-796-7046x928','\"2903594801\"','2004-08-11 15:20:48','1998-05-19 08:26:45'),(324,'99002ae0-bb96-11eb-98fb-283926e47295','Ervin','Ledner','Elian','2008-11-05','1-371-376-9845','\"6480561901\"','1999-02-03 17:49:54','2012-05-17 19:33:26'),(325,'99013500-bb96-11eb-98fb-283926e47295','Frederique','Beahan','Fabiola','2002-08-03','237.549.4269','\"9456582592\"','2010-06-05 16:22:42','2020-02-05 21:26:14'),(326,'990203a2-bb96-11eb-98fb-283926e47295','Modesta','Wilderman','Jovani','2006-09-05','994.925.9554x7550','\"4946238816\"','1978-07-29 18:03:02','2014-05-08 01:22:36'),(327,'9902c762-bb96-11eb-98fb-283926e47295','Zelda','Zemlak','Herminia','2019-01-16','(889)295-4410','\"1218360704\"','2010-12-30 01:54:26','2014-08-25 03:12:45'),(328,'9903b6bf-bb96-11eb-98fb-283926e47295','Cale','Kshlerin','Carmella','1999-11-18','778.719.8209x411','\"6553563227\"','2016-05-06 08:32:07','2003-07-27 17:49:14'),(329,'99049a2b-bb96-11eb-98fb-283926e47295','Dario','Klocko','Renee','2007-11-04','+56(1)6093722248','\"6457842513\"','2006-07-11 12:11:52','2018-09-07 17:09:17'),(330,'990588f8-bb96-11eb-98fb-283926e47295','Korey','Murazik','Theodore','2020-06-19','480-403-3206x8257','\"4822841577\"','2000-10-26 21:01:28','1974-01-02 19:54:05'),(331,'99067075-bb96-11eb-98fb-283926e47295','Stanford','Gutkowski','Amelia','2017-05-16','623.796.0661','\"5528701962\"','1994-02-18 19:14:13','1995-11-26 20:33:29'),(332,'990767c6-bb96-11eb-98fb-283926e47295','Kris','Lueilwitz','Blanca','1984-05-10','536.172.5290x738','\"9938881655\"','1992-03-22 05:36:41','2001-01-24 00:09:45'),(333,'9908b3e4-bb96-11eb-98fb-283926e47295','Giovanni','Nienow','Ciara','1989-05-19','460-298-0469x4262','\"7357995692\"','1996-11-24 01:20:09','1983-03-26 18:36:55'),(334,'990983de-bb96-11eb-98fb-283926e47295','Madilyn','Ruecker','Adell','1990-12-01','281.175.3935x5192','\"2607411862\"','1999-02-21 15:22:31','2005-06-12 13:54:29'),(335,'990a7034-bb96-11eb-98fb-283926e47295','Nick','Pfeffer','Zakary','1977-12-10','+64(5)0300973207','\"8802497898\"','2010-01-27 02:03:05','2008-07-09 01:28:49'),(336,'990b6675-bb96-11eb-98fb-283926e47295','Leann','Cummerata','Osborne','1978-09-21','(910)855-1902x2357','\"4223892317\"','1985-10-07 08:37:16','1976-10-05 00:39:54'),(337,'990c4580-bb96-11eb-98fb-283926e47295','Jeremy','Yost','Maverick','1986-08-12','286-640-4190','\"3070254021\"','1984-07-04 04:47:35','1974-04-08 22:49:43'),(338,'990d38c0-bb96-11eb-98fb-283926e47295','Gerry','Kunde','Jude','2002-07-14','533-565-0932','\"5397793005\"','1998-05-17 20:18:22','1988-11-04 23:17:01'),(339,'990e33f1-bb96-11eb-98fb-283926e47295','Bridgette','Auer','Sam','1989-12-04','1-064-959-6723x231','\"8679029884\"','1993-04-25 23:08:37','2007-08-09 22:02:41'),(340,'990f0887-bb96-11eb-98fb-283926e47295','Gaetano','Brakus','Leonardo','2019-03-01','325-220-7989x448','\"6435966514\"','2015-11-27 23:28:33','2009-09-02 23:52:16'),(341,'9910029a-bb96-11eb-98fb-283926e47295','Marjorie','Braun','Verner','1981-08-05','1-976-591-3078x74567','\"9749083096\"','2009-07-17 15:08:51','2008-06-30 04:31:22'),(342,'9910d8d5-bb96-11eb-98fb-283926e47295','Louisa','Homenick','Berry','2015-02-18','(205)854-0544x5314','\"1248747293\"','1978-05-10 21:23:16','1987-12-22 17:50:34'),(343,'9911bb17-bb96-11eb-98fb-283926e47295','Hector','Wisoky','Imelda','1991-08-30','1-073-919-6598','\"5215541660\"','1974-12-25 05:31:31','2017-06-02 20:09:40'),(344,'9912a6c6-bb96-11eb-98fb-283926e47295','Emerald','Schamberger','Johnathan','1971-02-09','293.909.2469','\"7971314081\"','1982-12-02 05:12:26','2016-05-06 16:42:15'),(345,'99138fc9-bb96-11eb-98fb-283926e47295','Al','Boehm','Viola','1989-08-11','1-761-174-3504x80270','\"9191958699\"','2001-09-19 18:19:07','1974-11-07 10:18:43'),(346,'99147858-bb96-11eb-98fb-283926e47295','Margarita','Hoppe','Corine','2005-04-24','(988)926-7331','\"8570092745\"','1973-08-23 22:58:34','1980-07-27 19:07:48'),(347,'99158669-bb96-11eb-98fb-283926e47295','Tad','Bogan','Adelbert','2015-05-09','+17(4)9460083054','\"0206860602\"','1989-03-27 07:00:45','2005-08-18 16:59:21'),(348,'9916436b-bb96-11eb-98fb-283926e47295','Vicenta','Douglas','Titus','2008-11-21','1-147-376-0168','\"7349635893\"','2003-11-12 04:20:09','1978-08-25 17:19:55'),(349,'991732d2-bb96-11eb-98fb-283926e47295','Ariane','Weber','Moises','1979-03-14','09779114309','\"3500741410\"','1973-02-22 04:39:24','2016-03-05 23:24:05'),(350,'991817ca-bb96-11eb-98fb-283926e47295','Jannie','Labadie','Jeanette','1989-10-22','1-843-956-0377x3480','\"5165499109\"','2019-09-02 15:54:44','1995-05-20 21:09:25'),(351,'991920d5-bb96-11eb-98fb-283926e47295','Felicia','Muller','Chesley','2001-10-15','1-044-755-8351x11979','\"7590913063\"','1973-07-01 19:55:04','1996-09-11 12:24:08'),(352,'9919ec2d-bb96-11eb-98fb-283926e47295','Grover','Medhurst','Evan','2003-05-19','401-929-6949','\"5396496847\"','2008-02-01 23:02:43','1999-03-16 17:11:43'),(353,'991afcb2-bb96-11eb-98fb-283926e47295','Katelyn','Sawayn','Jaylan','1983-01-27','(975)232-2256x1232','\"7908252792\"','2009-03-03 11:15:41','2006-05-20 17:01:34'),(354,'991bf72c-bb96-11eb-98fb-283926e47295','Dortha','Brown','Eulalia','1984-05-23','08106239054','\"8156357853\"','2004-10-06 17:48:33','2006-06-26 19:44:05'),(355,'991cc998-bb96-11eb-98fb-283926e47295','Santa','Krajcik','Rick','2004-06-25','1-485-316-1642x8395','\"4036416587\"','1973-01-12 23:35:24','2016-05-04 02:08:32'),(356,'991d8b5b-bb96-11eb-98fb-283926e47295','Desmond','Grant','Concepcion','1998-01-16','1-716-517-4168','\"2196698474\"','2016-04-11 17:09:49','2017-11-29 00:17:13'),(357,'991e6e61-bb96-11eb-98fb-283926e47295','Jane','Barton','Mireille','2015-09-11','343.346.3752x300','\"7883195710\"','2015-11-29 16:00:07','1973-07-10 01:40:42'),(358,'991f67c3-bb96-11eb-98fb-283926e47295','Darrell','Hermann','Ardith','2012-12-17','(594)413-7282x33156','\"2481545232\"','1988-10-25 21:46:56','1975-05-30 00:53:01'),(359,'99205164-bb96-11eb-98fb-283926e47295','Jessika','Cummings','Shane','2011-03-14','1-855-738-3780','\"1715206581\"','1983-09-30 10:09:32','1982-10-27 07:21:00'),(360,'992137a7-bb96-11eb-98fb-283926e47295','Durward','Rogahn','Denis','1993-09-17','1-258-741-1061x46382','\"9833206841\"','1971-02-02 05:48:48','1974-08-08 01:27:16'),(361,'992241ca-bb96-11eb-98fb-283926e47295','Braeden','Emard','Hilbert','2008-02-17','1-775-995-6703x49125','\"1230532331\"','1987-12-19 09:55:29','1991-03-22 09:23:13'),(362,'99232c32-bb96-11eb-98fb-283926e47295','Rudolph','Quigley','Alene','1991-06-07','325.060.8023x52280','\"7464159812\"','1977-12-19 15:01:43','1981-07-11 11:10:22'),(363,'99249464-bb96-11eb-98fb-283926e47295','Selena','Kub','Adrienne','2017-03-26','(826)526-8059','\"2652640139\"','1983-11-15 23:11:01','2016-06-25 19:01:04'),(364,'992576e6-bb96-11eb-98fb-283926e47295','Brooks','Sipes','Keely','2013-07-02','879.546.7327x01494','\"9483789832\"','2019-08-06 08:53:31','2019-11-24 13:56:04'),(365,'99267176-bb96-11eb-98fb-283926e47295','Rodger','Prosacco','Kyleigh','1984-09-13','+46(9)4157807760','\"8715644597\"','1978-04-23 22:27:35','2013-11-11 13:13:36'),(366,'9927472d-bb96-11eb-98fb-283926e47295','Linnie','Kilback','Freddy','1992-10-25','054-336-6050x510','\"5902974056\"','2016-03-09 21:19:06','1994-04-20 21:29:22'),(367,'9928454e-bb96-11eb-98fb-283926e47295','Dejah','Marks','Vicente','2004-04-05','115.788.8691','\"2833307323\"','2020-05-31 22:48:35','1994-08-07 17:07:53'),(368,'99294036-bb96-11eb-98fb-283926e47295','Judson','Crona','Lauretta','1988-04-29','(848)190-6142x95873','\"3783517020\"','1971-06-21 08:17:51','1975-12-08 04:39:08'),(369,'992a2eaf-bb96-11eb-98fb-283926e47295','Braxton','Hansen','Alta','1970-06-23','506.938.5962x81358','\"8696014699\"','1979-07-12 11:06:52','1970-11-08 09:03:43'),(370,'992b1a46-bb96-11eb-98fb-283926e47295','Garfield','McGlynn','Citlalli','2018-03-27','1-860-211-4565x1044','\"2974927984\"','1973-06-13 15:51:56','1982-11-04 23:09:15'),(371,'992bfb88-bb96-11eb-98fb-283926e47295','Liam','Wehner','Rex','1976-05-18','933-622-3528x692','\"8949680985\"','2018-05-30 05:56:53','2015-10-03 22:36:59'),(372,'992cef08-bb96-11eb-98fb-283926e47295','Webster','Herzog','Chanel','2007-08-22','699.905.0183x5073','\"1987513180\"','1970-12-31 07:18:28','1984-04-13 10:02:04'),(373,'992dcecd-bb96-11eb-98fb-283926e47295','Ed','Pouros','Lyda','2003-04-19','07807541454','\"6867397077\"','1976-01-26 10:45:31','2000-05-05 11:46:56'),(374,'992ed1e8-bb96-11eb-98fb-283926e47295','Modesta','Mayert','Oma','1974-06-07','042.519.5165x0109','\"7403957788\"','2020-08-21 19:20:46','1973-06-06 03:40:12'),(375,'992f8ab6-bb96-11eb-98fb-283926e47295','Lambert','Rohan','Virgie','1992-11-11','636-590-2586x5017','\"6527146641\"','2014-04-17 14:55:28','1992-02-12 15:29:40'),(376,'993057e1-bb96-11eb-98fb-283926e47295','Wilburn','Cummings','Jillian','1994-10-03','586-357-4307','\"1580462327\"','2013-09-25 09:03:40','1983-09-09 15:42:04'),(377,'99311d26-bb96-11eb-98fb-283926e47295','Branson','Bechtelar','Rosanna','2010-10-26','1-913-861-0335x01020','\"8679407731\"','2006-07-02 08:49:55','2018-05-04 13:46:09'),(378,'993202f0-bb96-11eb-98fb-283926e47295','Linwood','Rippin','Giovani','1998-07-04','(585)775-6213','\"2774206969\"','2006-05-02 22:47:46','1974-01-20 11:59:03'),(379,'9932fe4a-bb96-11eb-98fb-283926e47295','Adell','Boyer','Florencio','1991-09-27','(634)314-4367x5546','\"9857545947\"','1984-09-29 11:13:40','2013-11-28 17:09:00'),(380,'9933fb59-bb96-11eb-98fb-283926e47295','Anais','White','Oleta','1976-06-26','052-101-5904x5952','\"3156521868\"','1978-12-15 15:05:04','1977-03-07 03:51:24'),(381,'9934ba8d-bb96-11eb-98fb-283926e47295','Kurt','Bartell','Rosalinda','1991-07-26','1-645-133-6641','\"2037872240\"','2003-09-02 03:58:58','2014-07-09 08:21:13'),(382,'99359a8e-bb96-11eb-98fb-283926e47295','Kirstin','Botsford','Laurine','2019-06-26','833-826-4764','\"5292748946\"','1970-12-18 04:56:31','1991-10-09 12:13:00'),(383,'9936aff9-bb96-11eb-98fb-283926e47295','Hermann','Crona','Adelbert','1978-02-05','03062053692','\"4296655956\"','1998-06-24 15:01:56','1991-12-05 01:03:27'),(384,'99378909-bb96-11eb-98fb-283926e47295','Jenifer','Schinner','Noe','2019-10-20','(291)934-5713x42092','\"3393374808\"','2001-07-07 15:35:20','2019-10-20 07:44:35'),(385,'993851f1-bb96-11eb-98fb-283926e47295','Jaime','Hackett','Russ','1985-08-03','+92(9)9769292368','\"8111755434\"','1981-02-24 15:25:07','2021-02-11 02:20:31'),(386,'993912ac-bb96-11eb-98fb-283926e47295','Arlene','Rutherford','Raul','2013-02-04','1-333-909-6950x009','\"3282091873\"','1987-08-12 14:50:45','2020-01-28 13:53:38'),(387,'9939f1d5-bb96-11eb-98fb-283926e47295','Myra','Weber','Freeda','1989-01-31','(589)333-3631','\"1899399155\"','2008-11-08 10:19:00','2010-02-23 14:58:17'),(388,'993ae296-bb96-11eb-98fb-283926e47295','Daron','Swift','Nelle','2007-04-26','201-232-7505x19543','\"3880727744\"','1972-12-26 13:13:05','1984-10-15 22:47:05'),(389,'993bb870-bb96-11eb-98fb-283926e47295','Karine','Rogahn','Thea','1971-04-23','696-889-4039x5859','\"6288397671\"','1972-05-22 19:47:46','1983-05-15 00:02:00'),(390,'993cba64-bb96-11eb-98fb-283926e47295','Garfield','Little','Jaeden','1981-01-06','1-682-614-0693x2407','\"6180993728\"','2015-01-29 17:52:44','1974-05-09 10:23:28'),(391,'993da4b9-bb96-11eb-98fb-283926e47295','Gregoria','Wuckert','Macey','2011-08-03','1-628-979-8371','\"7153767779\"','1985-01-21 01:49:51','2017-06-18 15:30:06'),(392,'993e809f-bb96-11eb-98fb-283926e47295','Janice','Zboncak','Emily','1981-09-06','(491)226-6238','\"3563974627\"','2003-02-01 08:39:06','1970-11-02 16:32:41'),(393,'993f5f7a-bb96-11eb-98fb-283926e47295','Henderson','Greenfelder','May','2019-07-22','1-971-455-4320x93187','\"2939501479\"','1975-08-04 07:17:58','1981-10-05 06:00:34'),(394,'9940457b-bb96-11eb-98fb-283926e47295','Hassan','Pacocha','Gussie','2006-06-25','1-504-302-1775x464','\"6173381548\"','1996-03-06 09:08:41','1987-09-19 18:18:12'),(395,'9941292f-bb96-11eb-98fb-283926e47295','Virgil','Crona','Ima','1987-10-11','1-498-997-8035x496','\"4447637210\"','1978-11-03 08:16:10','1982-07-26 00:52:45'),(396,'99420f34-bb96-11eb-98fb-283926e47295','Breanna','Windler','Valentin','2006-04-22','1-168-123-3872','\"1415075369\"','1991-08-16 22:01:43','1978-03-24 06:04:36'),(397,'9942d542-bb96-11eb-98fb-283926e47295','Felicity','Jacobson','Fay','1997-01-08','+48(1)9484525040','\"2773752319\"','1976-12-02 20:44:34','2009-04-14 05:26:39'),(398,'99440dd3-bb96-11eb-98fb-283926e47295','Manley','Keeling','Blake','1970-05-07','1-754-358-5684x3029','\"3087748643\"','2005-05-26 23:48:11','1984-02-25 03:58:03'),(399,'9944f81c-bb96-11eb-98fb-283926e47295','Caroline','Jenkins','Calista','1994-10-23','1-645-690-5207','\"6192209311\"','2011-03-16 03:55:45','2014-05-30 06:28:19'),(400,'9945e7c4-bb96-11eb-98fb-283926e47295','Mollie','Durgan','Darius','2019-11-13','1-963-607-2752x265','\"1914256530\"','1991-12-08 16:00:02','1978-11-17 21:34:13'),(401,'9946e7b7-bb96-11eb-98fb-283926e47295','Nella','Willms','Billie','1981-01-07','954.193.2490x9836','\"4069044046\"','2002-10-31 06:10:25','1980-07-03 15:47:09'),(402,'9947b249-bb96-11eb-98fb-283926e47295','D\'angelo','Hane','Neva','1987-11-16','03404203368','\"2858640857\"','1990-03-08 04:29:22','1985-02-12 14:31:47'),(403,'9948932d-bb96-11eb-98fb-283926e47295','Hilbert','Reynolds','Derrick','2001-02-13','304.553.7749','\"9128171613\"','1995-11-02 11:17:04','2020-04-22 02:15:18'),(404,'99497c45-bb96-11eb-98fb-283926e47295','Sunny','Watsica','Darwin','1996-04-25','532.870.9683x876','\"8789241406\"','1993-02-17 00:41:15','2013-09-14 08:30:15'),(405,'994a80a3-bb96-11eb-98fb-283926e47295','Felton','Berge','Bella','1992-03-22','267-150-6287x91810','\"2673267824\"','1983-02-15 18:46:20','1983-01-26 01:42:54'),(406,'994b4a1f-bb96-11eb-98fb-283926e47295','Crystal','Wolf','Angelina','2005-12-21','219.056.1727','\"3637850642\"','2008-03-04 19:50:43','2010-11-06 23:40:00'),(407,'994c1caf-bb96-11eb-98fb-283926e47295','Meda','Waters','Mervin','1999-06-27','586-072-2199','\"7921355232\"','1975-05-03 09:49:15','2004-01-02 02:56:42'),(408,'994cf74b-bb96-11eb-98fb-283926e47295','Mauricio','Brakus','Opal','1999-06-30','785.971.7870x662','\"6020744851\"','1987-08-30 08:00:41','1997-08-24 16:58:33'),(409,'994dcf10-bb96-11eb-98fb-283926e47295','Elroy','Zemlak','Diana','1985-05-31','1-911-635-1790','\"3026750653\"','2003-01-17 18:36:59','2016-04-06 01:45:56'),(410,'994ec220-bb96-11eb-98fb-283926e47295','Florian','Leuschke','Sister','2017-09-05','845-976-7209','\"4270822435\"','1995-01-08 17:40:17','1998-02-14 13:30:18'),(411,'994f8b0d-bb96-11eb-98fb-283926e47295','Nyah','Fritsch','Luna','1970-09-25','+20(9)4976600515','\"8932039510\"','2014-04-18 19:53:39','1998-08-26 00:25:44'),(412,'9950858d-bb96-11eb-98fb-283926e47295','Rosella','Erdman','Brad','1986-09-25','(901)750-6139','\"8080092818\"','1984-06-11 12:59:39','1989-10-25 13:02:26'),(413,'995155f6-bb96-11eb-98fb-283926e47295','Austen','Weimann','Adrianna','1991-01-26','1-861-456-5754','\"9303024297\"','1992-07-13 02:11:56','1998-02-09 12:49:01'),(414,'9952016d-bb96-11eb-98fb-283926e47295','Kobe','Prosacco','Alyson','1987-08-13','04346805372','\"5359505477\"','2006-11-01 00:18:14','1975-08-09 03:55:50'),(415,'9953582f-bb96-11eb-98fb-283926e47295','Pasquale','Kuvalis','Kaelyn','1988-12-04','381.820.1303','\"2820176475\"','2012-01-07 02:56:23','2014-09-29 10:41:55'),(416,'99543f3c-bb96-11eb-98fb-283926e47295','Maegan','Nolan','Santina','1982-04-19','1-480-750-2000','\"3375714089\"','2014-10-24 17:33:08','2019-04-26 22:01:09'),(417,'99552b08-bb96-11eb-98fb-283926e47295','Mia','Klein','Elsa','1997-03-02','(405)169-5921','\"2836859060\"','1994-12-05 05:14:06','1996-08-16 00:26:41'),(418,'99561a29-bb96-11eb-98fb-283926e47295','Nicolette','Fahey','Jan','2020-12-23','131-103-1900','\"1702056207\"','2017-04-06 18:30:58','2005-01-03 04:34:21'),(419,'9957604f-bb96-11eb-98fb-283926e47295','Stanford','Schamberger','Hal','1990-05-25','1-836-850-3952x5445','\"6677235510\"','2020-06-06 16:29:48','1997-10-03 16:44:23'),(420,'99582202-bb96-11eb-98fb-283926e47295','Russ','Schroeder','Jameson','1985-11-18','(190)785-7765x5656','\"2664121134\"','1989-02-08 10:49:35','2006-09-21 18:47:44'),(421,'99598cfe-bb96-11eb-98fb-283926e47295','Zechariah','Wuckert','Theron','2008-12-03','1-978-782-4363','\"0895628888\"','1972-10-21 01:49:52','1998-12-10 13:20:33'),(422,'995b0271-bb96-11eb-98fb-283926e47295','Marie','Ziemann','Alessia','1982-08-03','517-529-1633','\"5234219741\"','1992-06-22 23:23:15','2013-06-30 19:28:44'),(423,'995bc285-bb96-11eb-98fb-283926e47295','Humberto','Kris','Carter','2016-04-01','1-032-808-9666','\"0214015355\"','1975-02-03 04:03:50','1980-01-25 12:26:06'),(424,'995c7b2d-bb96-11eb-98fb-283926e47295','Hillary','Stamm','Elena','2004-11-01','1-112-281-4692','\"5896935295\"','2019-11-20 16:49:54','1984-05-19 00:20:18'),(425,'995d570c-bb96-11eb-98fb-283926e47295','Claud','Gutkowski','Kathryn','1989-11-07','093.580.0957','\"2632694207\"','1998-05-25 03:00:34','1992-11-02 02:42:17'),(426,'995e3af7-bb96-11eb-98fb-283926e47295','Celia','Monahan','Jaiden','1992-02-15','636-361-0161x0402','\"9748739904\"','2012-07-24 02:52:52','1993-03-16 22:24:33'),(427,'995f23e6-bb96-11eb-98fb-283926e47295','Flo','Rice','Florine','2019-08-09','512-571-8013x53276','\"6109471080\"','2010-05-01 11:22:15','2019-07-20 17:25:06'),(428,'996007b9-bb96-11eb-98fb-283926e47295','Kelsie','Dietrich','Beau','2021-02-19','531.027.9256x6946','\"9049455881\"','1982-12-28 11:23:10','2004-04-29 04:19:43'),(429,'996109fd-bb96-11eb-98fb-283926e47295','Hillard','Wolff','Angus','2019-12-31','1-489-577-3282x61475','\"7464656588\"','2006-08-18 21:46:03','1981-04-26 20:52:04'),(430,'9961e470-bb96-11eb-98fb-283926e47295','Friedrich','Luettgen','Adriana','2003-02-25','581.061.2882x8997','\"3637530442\"','1993-12-15 12:15:00','1990-12-24 00:40:17'),(431,'9962b5a5-bb96-11eb-98fb-283926e47295','Madie','Hammes','Mireya','1981-11-17','(105)363-8871','\"7327809130\"','2006-02-26 18:56:56','2012-09-21 19:17:33'),(432,'99637e70-bb96-11eb-98fb-283926e47295','Carmelo','Funk','Rowena','1995-08-15','985-704-9292','\"9668181187\"','2008-11-25 21:38:53','2005-08-15 17:24:27'),(433,'99646bef-bb96-11eb-98fb-283926e47295','Thalia','Langosh','Edwin','1998-03-02','(608)143-3841','\"0947127688\"','1975-12-28 00:23:09','1986-05-06 16:36:22'),(434,'996574f8-bb96-11eb-98fb-283926e47295','Joy','Parker','Carol','1996-06-08','04929271797','\"2457114996\"','1989-02-25 23:13:02','1983-04-06 19:07:52'),(435,'99663c26-bb96-11eb-98fb-283926e47295','Mariam','Olson','Keegan','2014-10-28','1-055-672-4799x9076','\"3489562708\"','2008-12-13 01:27:12','1994-11-05 02:21:53'),(436,'99671013-bb96-11eb-98fb-283926e47295','Leonie','Crist','Rubie','1975-04-08','(836)569-5841x447','\"7373991925\"','2014-03-31 06:57:44','1977-09-19 18:40:20'),(437,'99681527-bb96-11eb-98fb-283926e47295','Bernita','Littel','Dulce','1975-02-02','1-484-390-2922','\"4839230744\"','2011-07-29 03:48:15','1990-06-21 16:35:49'),(438,'9968f466-bb96-11eb-98fb-283926e47295','Lupe','Green','Gilda','1980-05-21','(643)978-4238x110','\"2442451135\"','2009-11-20 21:41:28','1972-07-07 22:29:22'),(439,'996a7874-bb96-11eb-98fb-283926e47295','Otha','Auer','Cara','1974-08-17','+27(0)5954842735','\"8563405701\"','2013-11-18 01:27:47','1990-05-22 13:28:07'),(440,'996b694e-bb96-11eb-98fb-283926e47295','Stefanie','Lynch','Edison','1981-11-08','638.874.6357x63086','\"7115499942\"','2008-01-24 20:17:16','1992-09-07 17:00:01'),(441,'996c3b6a-bb96-11eb-98fb-283926e47295','Barry','Schaden','Emory','2017-10-24','464-814-2093x95998','\"8676614289\"','1979-05-19 18:42:51','1971-01-11 10:50:21'),(442,'996d59cd-bb96-11eb-98fb-283926e47295','Shania','Lubowitz','Florian','1988-06-25','597-329-3138x016','\"8956276286\"','2002-06-21 22:57:27','1994-02-20 10:41:55'),(443,'996e1684-bb96-11eb-98fb-283926e47295','Allan','Murphy','Lindsey','1981-04-18','634-655-5299','\"7634710833\"','2020-05-26 07:03:57','1996-04-24 01:39:44'),(444,'996ed89e-bb96-11eb-98fb-283926e47295','Kamille','Kohler','Sienna','2018-07-17','654.897.2040','\"8357487790\"','2015-09-26 06:32:32','1993-12-19 02:48:28'),(445,'996fb60a-bb96-11eb-98fb-283926e47295','Tyshawn','Kozey','Lily','2011-02-19','01089164563','\"8046118249\"','2005-05-13 22:59:38','1976-01-28 10:18:26'),(446,'9970a0c1-bb96-11eb-98fb-283926e47295','Sibyl','Conroy','Anjali','2016-04-22','955.253.5246','\"9455632668\"','2012-02-24 16:20:48','2001-05-06 05:36:15'),(447,'9971a3a2-bb96-11eb-98fb-283926e47295','Susie','Botsford','Melba','1984-03-31','502.516.8073','\"9338461528\"','1971-02-24 13:59:30','1991-03-31 00:30:39'),(448,'99727b3d-bb96-11eb-98fb-283926e47295','Thurman','Koelpin','Angela','1989-06-04','681-313-9625','\"1635779816\"','1996-06-21 04:16:04','1973-05-06 07:03:14'),(449,'99735def-bb96-11eb-98fb-283926e47295','Ferne','Bauch','Jamar','2020-11-02','(294)963-3858','\"5084401477\"','2011-11-27 04:10:50','2001-03-21 00:36:02'),(450,'997462f6-bb96-11eb-98fb-283926e47295','Zula','Gibson','Shanel','2002-05-13','1-490-925-2913','\"6384646304\"','2015-01-17 21:38:00','2015-08-28 09:05:57'),(451,'99755e61-bb96-11eb-98fb-283926e47295','Rosie','Bernier','Garland','2002-01-25','(017)766-7155','\"5073779662\"','2001-11-25 15:15:42','1997-01-18 06:36:37'),(452,'99762c12-bb96-11eb-98fb-283926e47295','Max','Mante','Estell','1997-04-07','+72(9)7851378313','\"2412662172\"','2012-11-27 23:27:39','2011-12-08 14:15:48'),(453,'9977178d-bb96-11eb-98fb-283926e47295','Ora','Kuphal','Maria','2015-12-30','03146862724','\"5423837224\"','1975-02-04 22:09:07','1978-02-09 05:37:49'),(454,'99783f0e-bb96-11eb-98fb-283926e47295','Connie','Rath','Waylon','1976-10-11','969-657-2724','\"2912617331\"','1989-09-16 01:39:21','1993-09-09 08:02:23'),(455,'99790f7c-bb96-11eb-98fb-283926e47295','Tressa','Macejkovic','Amely','2008-11-08','1-002-424-5458x205','\"5110806402\"','2020-09-23 09:23:11','2009-12-03 09:46:53'),(456,'997a069b-bb96-11eb-98fb-283926e47295','Shanie','Huel','Walton','1994-08-01','(764)925-5707','\"3107524155\"','2017-11-21 05:54:34','1978-06-01 16:47:31'),(457,'997b0c38-bb96-11eb-98fb-283926e47295','Santiago','Littel','Antonio','1976-06-03','1-207-326-1288','\"1578301393\"','2000-08-17 02:43:50','1987-12-08 21:32:18'),(458,'997bf0fe-bb96-11eb-98fb-283926e47295','Brenden','Reichert','Lawson','1978-08-01','988-917-3938x17375','\"0543104733\"','1989-09-15 08:49:12','1990-04-27 00:40:13'),(459,'997ce2dd-bb96-11eb-98fb-283926e47295','Armand','Quitzon','Elijah','2003-11-14','+44(0)6218511909','\"7288197692\"','1991-09-25 03:34:22','2007-03-16 08:31:11'),(460,'997db143-bb96-11eb-98fb-283926e47295','Era','Kub','Lucie','1980-10-08','1-627-584-4778x10637','\"0575450126\"','1992-01-02 16:55:05','1982-03-20 22:19:11'),(461,'997e5fc0-bb96-11eb-98fb-283926e47295','Mia','Brown','Imelda','1973-05-14','1-827-859-2201','\"4873842367\"','2007-07-06 07:44:22','1990-05-14 20:40:05'),(462,'997f4f55-bb96-11eb-98fb-283926e47295','Maiya','Gleichner','Haven','2018-12-29','1-240-628-6399x71783','\"6978795464\"','2016-03-05 06:28:46','1989-08-01 21:00:00'),(463,'99802539-bb96-11eb-98fb-283926e47295','Dimitri','Dickinson','Dolly','1999-03-10','06337083158','\"0080063291\"','2019-03-09 22:39:58','2002-04-29 23:43:28'),(464,'99816d5f-bb96-11eb-98fb-283926e47295','Maximus','Weber','Nettie','2012-08-12','(736)732-1333x666','\"2473283160\"','2006-07-17 05:09:46','2000-02-01 21:02:51'),(465,'9982aa3a-bb96-11eb-98fb-283926e47295','Sincere','Renner','Mina','2015-05-22','(132)723-5161x51975','\"2794895438\"','1974-07-29 20:09:17','1979-03-17 11:11:31'),(466,'99839472-bb96-11eb-98fb-283926e47295','Burnice','Macejkovic','Otha','1971-06-14','124.937.4848x590','\"9626448885\"','2011-06-02 06:08:53','2009-10-20 09:35:43'),(467,'99847d46-bb96-11eb-98fb-283926e47295','Magdalen','Zulauf','June','1983-10-07','494.632.2742x3715','\"9213594978\"','1986-06-07 16:50:07','1993-08-02 03:00:53'),(468,'99856b3c-bb96-11eb-98fb-283926e47295','Emmy','Grimes','Dolores','1985-04-27','181-315-8426x67511','\"3157303103\"','1999-09-22 01:49:42','2017-07-23 09:27:23'),(469,'99864beb-bb96-11eb-98fb-283926e47295','Alena','Haag','Angel','1983-11-09','(027)710-5690','\"3717582654\"','1984-09-29 13:43:02','1990-12-28 10:57:14'),(470,'99874c8f-bb96-11eb-98fb-283926e47295','Dolores','Abernathy','Reece','2015-11-04','(874)623-2789x014','\"0966986912\"','2004-04-17 21:27:27','2018-08-27 09:26:34'),(471,'99886995-bb96-11eb-98fb-283926e47295','Makayla','Dooley','Devante','2001-11-06','904-394-2151x876','\"5094177938\"','1986-05-22 05:23:27','2000-10-01 21:57:12'),(472,'99894bab-bb96-11eb-98fb-283926e47295','Benny','Bednar','Jedediah','1970-01-12','419-780-8650x2715','\"4195604657\"','1989-03-03 21:33:53','1988-10-01 17:45:00'),(473,'998a44bd-bb96-11eb-98fb-283926e47295','Kavon','Green','Bridgette','2009-08-06','005.290.5779','\"0281119852\"','1989-04-09 13:25:22','1973-11-20 18:40:23'),(474,'998bc021-bb96-11eb-98fb-283926e47295','Eldon','Schoen','Emely','1998-01-18','129.015.4486x53053','\"9467105484\"','2019-08-22 12:31:17','2002-10-26 14:03:05'),(475,'998c9c0f-bb96-11eb-98fb-283926e47295','Elsie','Heller','Ruby','1996-12-04','(864)201-3994','\"7727046107\"','1982-04-23 14:00:55','1970-06-07 22:49:52'),(476,'998d666b-bb96-11eb-98fb-283926e47295','Greyson','Heller','Jermaine','1985-08-21','1-583-564-0317x65749','\"2912276981\"','2000-03-24 20:13:00','1994-06-03 01:33:06'),(477,'998e4a0d-bb96-11eb-98fb-283926e47295','Shanny','Kub','Haskell','1999-12-18','343.177.9818x961','\"8188518564\"','2008-02-07 01:24:08','2007-09-03 16:58:40'),(478,'998f2c39-bb96-11eb-98fb-283926e47295','Nestor','Walker','Frederick','1976-06-07','800-964-4461','\"8589240203\"','1987-06-09 04:12:11','1999-01-03 14:29:48'),(479,'999018eb-bb96-11eb-98fb-283926e47295','Terence','O\'Keefe','Earline','1991-05-27','(152)476-1737','\"9997644126\"','2018-03-11 09:43:42','2015-07-18 18:38:40'),(480,'9990f955-bb96-11eb-98fb-283926e47295','Talia','Stiedemann','Cordell','1982-10-01','086.776.3808x90526','\"7872393357\"','1983-04-08 09:18:27','1970-07-19 07:18:54'),(481,'9991ea56-bb96-11eb-98fb-283926e47295','Marlin','Gulgowski','Filiberto','1996-07-02','455-148-0089x04168','\"4930729201\"','1993-10-08 23:20:16','1988-05-02 23:55:23'),(482,'9992c5ca-bb96-11eb-98fb-283926e47295','Margret','Kunde','Ona','2018-03-07','715-361-5193','\"7764861879\"','1992-04-15 10:15:42','2011-03-15 00:15:03'),(483,'99947e65-bb96-11eb-98fb-283926e47295','Marina','Wintheiser','Pauline','1986-03-16','(024)194-4145x628','\"8789206870\"','1996-06-15 21:41:51','1979-08-18 09:24:33'),(484,'99954fc6-bb96-11eb-98fb-283926e47295','Winona','Conn','Jaylin','2008-01-05','047.555.1977','\"4673700069\"','1988-08-03 01:23:45','1976-03-16 14:34:17'),(485,'99968061-bb96-11eb-98fb-283926e47295','Marques','O\'Reilly','Madilyn','2013-12-12','00875924705','\"9747993787\"','1993-06-29 06:23:59','2021-03-22 21:41:08'),(486,'99976401-bb96-11eb-98fb-283926e47295','Koby','Douglas','Arnulfo','1993-10-09','155-695-6831x56957','\"2213811563\"','2005-10-17 22:27:14','2007-12-15 21:43:49'),(487,'99985939-bb96-11eb-98fb-283926e47295','Jerod','Dickinson','Ervin','1985-01-02','664-498-1124x588','\"8274665882\"','2006-01-21 09:58:38','2004-07-02 00:16:28'),(488,'99997451-bb96-11eb-98fb-283926e47295','Autumn','Leannon','Viola','2011-09-14','245.292.3921','\"1683882723\"','2006-05-26 20:09:46','1996-06-07 19:13:46'),(489,'999a6577-bb96-11eb-98fb-283926e47295','Suzanne','Goldner','Marina','1996-02-25','692.250.3405x414','\"7656811607\"','2011-07-28 06:21:17','2005-04-06 04:50:00'),(490,'999b4621-bb96-11eb-98fb-283926e47295','Freeda','Hansen','Mavis','1994-10-16','793.284.9340','\"5618589362\"','1994-12-23 02:10:03','1997-11-05 16:26:34'),(491,'999c5df3-bb96-11eb-98fb-283926e47295','Carlie','Halvorson','Destinee','2019-04-07','258.489.9953x150','\"5014555885\"','2020-12-17 22:03:19','1972-12-03 08:43:19'),(492,'999d1bd7-bb96-11eb-98fb-283926e47295','Geovanny','Feil','Elyssa','1989-06-26','207-537-0888x255','\"3420044473\"','1998-05-03 21:41:05','1981-11-24 11:23:21'),(493,'999e14f2-bb96-11eb-98fb-283926e47295','Alyce','Pouros','Emil','2008-08-05','531-048-5697x556','\"3019352439\"','1980-03-13 01:28:09','2004-05-31 13:56:36'),(494,'999ee6cf-bb96-11eb-98fb-283926e47295','Harmon','Swift','Haylie','2007-07-15','08257389627','\"4567434286\"','1970-02-22 16:29:53','1990-05-11 17:29:49'),(495,'999fcfd6-bb96-11eb-98fb-283926e47295','Lazaro','Keeling','Emmanuelle','2015-04-01','+34(5)2637855145','\"9085042348\"','1970-03-05 17:02:30','2018-09-22 11:50:32'),(496,'99a0c5b2-bb96-11eb-98fb-283926e47295','Reagan','Wisozk','Sanford','1994-10-13','1-161-935-0062x5949','\"0153405801\"','2017-07-25 05:42:54','1985-04-28 10:29:18'),(497,'99a1dd78-bb96-11eb-98fb-283926e47295','Myles','Haley','Carolina','1974-12-30','889-919-6244','\"3113399372\"','2003-10-20 17:29:50','1977-08-27 01:11:06'),(498,'99a2a3bb-bb96-11eb-98fb-283926e47295','Waldo','Keebler','Coty','1991-05-22','03217649087','\"9289993700\"','1976-10-02 06:18:46','1977-01-01 07:30:10'),(499,'99a3a84a-bb96-11eb-98fb-283926e47295','Eldora','Quitzon','Nat','1997-03-22','+26(8)0686738248','\"5367883950\"','1984-10-05 09:20:52','2012-06-15 18:14:48'),(500,'99a49aea-bb96-11eb-98fb-283926e47295','Craig','Price','Brenda','2000-06-17','824.969.5035','\"0160170666\"','1995-04-09 16:37:23','2012-11-27 00:47:50'),(501,'99a56a99-bb96-11eb-98fb-283926e47295','Luciano','Crona','Keyon','1998-07-16','893.311.1257x835','\"1427785957\"','1993-12-30 13:03:33','2009-03-09 16:17:29'),(502,'99a61dc0-bb96-11eb-98fb-283926e47295','Alvah','Terry','Karolann','1998-12-12','241.220.9057','\"9644326338\"','1987-02-24 15:49:57','1991-05-12 20:34:23'),(503,'99a6d9f7-bb96-11eb-98fb-283926e47295','Cyrus','Koepp','Adriana','1998-04-01','06992995797','\"1407472694\"','1995-12-25 22:50:26','1990-01-25 09:38:35'),(504,'99a79e8f-bb96-11eb-98fb-283926e47295','Mattie','Koepp','Gillian','1988-06-24','180-855-9813','\"6335985758\"','2018-01-24 02:54:50','2014-09-03 03:43:49'),(505,'99a885bb-bb96-11eb-98fb-283926e47295','Olen','Hyatt','Tre','2008-07-30','122.934.2761x13341','\"2215299131\"','1982-01-18 13:23:32','1995-05-10 16:12:27'),(506,'99a971d2-bb96-11eb-98fb-283926e47295','Cordelia','Walker','Alexandra','2013-08-18','618-283-1364','\"0159533525\"','1980-07-07 20:24:33','1984-08-21 15:59:02'),(507,'99aa54af-bb96-11eb-98fb-283926e47295','Enola','Romaguera','Brisa','2009-06-27','310.551.5625x088','\"3115903619\"','2001-07-29 08:54:14','2006-09-02 06:27:15'),(508,'99ab4621-bb96-11eb-98fb-283926e47295','Amaya','Quitzon','Aurelia','2002-08-01','248-623-7817x9775','\"4470053175\"','2008-07-02 00:18:13','1976-02-10 04:13:37'),(509,'99ac27be-bb96-11eb-98fb-283926e47295','Aric','Conn','Ben','1988-01-15','429-279-7660x212','\"1594093962\"','1993-03-08 17:03:28','1973-08-14 04:38:55'),(510,'99ad3619-bb96-11eb-98fb-283926e47295','Nikki','Crooks','Jarret','1972-07-29','909.515.5212x778','\"6928131576\"','2015-01-16 15:54:40','1978-10-16 12:36:30'),(511,'99adfe42-bb96-11eb-98fb-283926e47295','Jazmyne','Schultz','Diana','1999-04-17','(344)787-0267x2541','\"8450101266\"','1998-08-28 01:07:10','1990-06-15 08:53:04'),(512,'99aec13a-bb96-11eb-98fb-283926e47295','Lucy','Bradtke','Yessenia','2016-09-23','05580476390','\"0190783699\"','1983-05-15 06:14:44','2007-09-19 21:22:45'),(513,'99af7dc7-bb96-11eb-98fb-283926e47295','Alivia','Pacocha','Aida','2003-03-12','667.062.9372x12262','\"2151423106\"','1991-04-10 22:12:38','2013-06-07 15:50:19'),(514,'99b05b0f-bb96-11eb-98fb-283926e47295','Laura','Krajcik','Krystel','1976-05-21','06235226585','\"3436353274\"','1974-03-22 10:43:39','1971-02-18 22:21:17'),(515,'99b19898-bb96-11eb-98fb-283926e47295','Esmeralda','Schuppe','Erna','2010-12-11','620-008-9314x66748','\"1377901439\"','1992-03-14 15:46:51','2009-07-31 05:58:35'),(516,'99b29543-bb96-11eb-98fb-283926e47295','Crawford','Conn','Amanda','2009-08-31','(617)343-7506x674','\"9737748178\"','1978-09-21 11:15:27','1977-12-10 17:11:14'),(517,'99b39b85-bb96-11eb-98fb-283926e47295','Ottis','Pollich','Armando','1997-07-11','786-293-1699','\"8295711789\"','1971-09-26 20:31:30','1988-11-01 03:18:59'),(518,'99b472f8-bb96-11eb-98fb-283926e47295','Amanda','Runolfsson','Lucas','1981-09-02','030-260-0696x335','\"6707336660\"','2014-06-08 03:18:21','1973-01-20 00:42:50'),(519,'99b5ec77-bb96-11eb-98fb-283926e47295','Lizzie','Kemmer','Christop','2016-05-15','(079)953-8455','\"7671519583\"','1977-03-22 08:43:23','1996-07-05 16:11:38'),(520,'99b6ae0d-bb96-11eb-98fb-283926e47295','Mark','Friesen','Jasper','1973-09-20','334-298-9341','\"8021281886\"','1989-03-21 20:23:14','1979-01-04 03:59:25'),(521,'99b781d5-bb96-11eb-98fb-283926e47295','Emmanuelle','Runte','Vallie','1970-05-28','(359)003-3310','\"5411727146\"','1974-11-06 22:04:15','1973-08-30 16:52:52'),(522,'99b862f1-bb96-11eb-98fb-283926e47295','Taylor','King','Keely','2017-10-18','157.562.4212x36902','\"2287771780\"','1991-12-25 23:40:53','1977-03-20 20:01:47'),(523,'99b95276-bb96-11eb-98fb-283926e47295','Beulah','Hilll','Dedric','2018-12-24','+81(3)5601445433','\"3011150330\"','1973-07-25 07:19:49','2000-06-20 07:42:11'),(524,'99ba2bd6-bb96-11eb-98fb-283926e47295','Agustina','Collins','Lizzie','1976-06-15','939.774.6277x9220','\"1403585553\"','1998-11-03 07:14:47','2001-04-27 22:45:11'),(525,'99bb203c-bb96-11eb-98fb-283926e47295','Domenica','Berge','Giovani','2015-06-02','(698)961-6358','\"2222670560\"','1992-09-12 06:37:18','2001-06-05 22:08:41'),(526,'99bc276b-bb96-11eb-98fb-283926e47295','Dorcas','Haag','Lon','1993-08-31','1-414-477-0397','\"6721987534\"','2005-11-08 11:33:00','1974-07-15 22:26:20'),(527,'99bcf109-bb96-11eb-98fb-283926e47295','Julian','O\'Connell','Alberto','1980-05-31','1-949-581-8953x916','\"7028759817\"','1989-07-23 15:48:33','1994-09-24 02:33:32'),(528,'99bdc88f-bb96-11eb-98fb-283926e47295','Luz','Stracke','Alan','2016-04-30','(886)489-6045x866','\"3840778669\"','1988-12-24 23:11:12','2017-08-06 08:36:17'),(529,'99bed7e9-bb96-11eb-98fb-283926e47295','Isaiah','Armstrong','Gerry','1973-03-19','05499178450','\"7678056712\"','1990-11-09 02:07:32','2015-09-04 05:32:47'),(530,'99bfaf33-bb96-11eb-98fb-283926e47295','Stella','Casper','Mittie','2017-07-06','374-581-7274x0912','\"6535480386\"','2002-06-18 04:55:39','1992-09-15 19:50:12'),(531,'99c0a794-bb96-11eb-98fb-283926e47295','Jerrold','Jerde','Otis','1993-04-16','(731)717-7369','\"5899192849\"','1979-10-17 04:17:31','1975-04-18 05:07:27'),(532,'99c18177-bb96-11eb-98fb-283926e47295','Lucious','Lesch','Mckenzie','2016-09-01','(780)207-1509','\"7678795154\"','2018-11-07 10:45:11','2017-10-16 18:52:45'),(533,'99c2697f-bb96-11eb-98fb-283926e47295','Asa','Brekke','Gregg','1983-12-03','527.133.2935','\"8049966740\"','2003-03-15 06:21:29','1972-09-27 05:38:08'),(534,'99c3e2ac-bb96-11eb-98fb-283926e47295','Noel','Von','Prudence','1973-08-21','(662)276-5327','\"0892060910\"','1980-03-15 05:35:56','2007-08-26 14:56:45'),(535,'99c4c907-bb96-11eb-98fb-283926e47295','Lionel','Larson','Janiya','1983-01-11','094-834-7409x296','\"5869004798\"','2012-08-09 19:49:07','2014-03-06 00:12:44'),(536,'99c5b698-bb96-11eb-98fb-283926e47295','Juana','Waelchi','Cayla','2016-12-01','(694)395-3220','\"8460023549\"','1990-10-05 09:00:34','2011-04-09 19:05:34'),(537,'99c6ac9f-bb96-11eb-98fb-283926e47295','Jazmin','O\'Conner','Carey','1986-07-06','558.683.5926','\"1656703329\"','1984-04-05 04:37:31','2001-01-20 02:35:42'),(538,'99c7ae7f-bb96-11eb-98fb-283926e47295','Bernard','Bauch','Arvilla','2018-07-23','989-597-4384x2716','\"4963248478\"','1999-11-27 00:28:06','2008-11-02 15:33:31'),(539,'99c8788b-bb96-11eb-98fb-283926e47295','Teagan','Breitenberg','Carlie','1975-10-24','829.722.5447x75528','\"4388806522\"','1976-09-03 21:13:31','1972-02-25 19:49:03'),(540,'99c94dd1-bb96-11eb-98fb-283926e47295','Liana','DuBuque','Demond','1982-01-05','549.442.2067','\"8856433967\"','1997-07-29 14:09:06','2019-11-14 14:53:03'),(541,'99ca4696-bb96-11eb-98fb-283926e47295','Wilma','Wehner','Drake','2017-08-05','(380)050-9124x53340','\"8098595592\"','1977-10-02 12:56:50','1989-02-15 22:04:47'),(542,'99cb4407-bb96-11eb-98fb-283926e47295','Kasandra','Quitzon','Sydney','1986-04-20','1-129-041-3547x3049','\"7593985606\"','1978-08-03 02:40:33','2002-02-23 00:22:52'),(543,'99cc014f-bb96-11eb-98fb-283926e47295','Leo','Kunde','Otho','1977-12-07','+00(0)0279719855','\"1986185908\"','2020-04-23 14:05:32','1988-04-28 06:02:48'),(544,'99cccd0e-bb96-11eb-98fb-283926e47295','Beverly','Stoltenberg','Ubaldo','2000-04-03','655.068.5030x86322','\"0546323887\"','1988-01-06 14:46:33','2014-01-10 12:13:01'),(545,'99cd9cfe-bb96-11eb-98fb-283926e47295','Reymundo','Nicolas','Afton','1992-03-29','(339)025-3721','\"9247608137\"','1972-11-26 22:39:47','1971-11-12 17:33:41'),(546,'99ce694b-bb96-11eb-98fb-283926e47295','Madalyn','Windler','Rubye','1995-06-18','552.138.7181','\"9723043501\"','2010-11-24 04:15:12','1979-02-23 22:13:50'),(547,'99cfb090-bb96-11eb-98fb-283926e47295','Alexandrea','Wisozk','Kimberly','1997-12-14','1-285-364-5582x593','\"4775132010\"','2001-05-28 17:59:17','2012-01-16 14:25:18'),(548,'99d087bd-bb96-11eb-98fb-283926e47295','Consuelo','Botsford','Clemmie','2018-07-16','006.081.8161','\"3661926428\"','2021-02-26 09:20:33','1991-06-18 22:00:21'),(549,'99d17191-bb96-11eb-98fb-283926e47295','Katelyn','Stracke','Jonathon','1986-05-14','(484)034-7199','\"1568450332\"','1986-04-12 18:09:05','1989-04-20 14:27:20'),(550,'99d250dc-bb96-11eb-98fb-283926e47295','Kathleen','Osinski','Wilmer','1988-11-10','(143)014-3796x151','\"8701543542\"','1978-10-17 10:06:55','1983-03-17 07:19:30'),(551,'99d327c3-bb96-11eb-98fb-283926e47295','Pascale','Cummerata','Kaley','1999-03-21','008-944-0764','\"8141363564\"','1985-03-27 21:36:47','1975-08-11 22:22:11'),(552,'99d40368-bb96-11eb-98fb-283926e47295','Johnny','Halvorson','Laurine','2020-08-25','+05(1)7142650314','\"2147126729\"','1971-06-20 08:35:53','1988-01-04 03:30:48'),(553,'99d4e1c7-bb96-11eb-98fb-283926e47295','Otis','Pagac','Tyrese','1995-12-09','106-287-6047x091','\"6355030241\"','1978-09-22 07:48:06','1974-05-25 19:56:01'),(554,'99d5b079-bb96-11eb-98fb-283926e47295','Charles','Monahan','Flossie','1979-11-16','987-186-0781','\"7092721164\"','1998-04-05 15:19:16','1977-07-26 03:23:56'),(555,'99d683ba-bb96-11eb-98fb-283926e47295','Carrie','Zieme','Gwendolyn','2019-02-23','159.516.9298','\"2920500082\"','1978-10-19 22:41:35','1985-04-09 16:43:37'),(556,'99d760b2-bb96-11eb-98fb-283926e47295','Jalyn','Pfeffer','Therese','2018-08-04','(954)026-5104x889','\"5028255310\"','1973-06-11 19:53:10','2005-12-30 07:50:31'),(557,'99d8498d-bb96-11eb-98fb-283926e47295','Genesis','Satterfield','Matilde','2020-06-18','503-804-7299x03356','\"7644635311\"','1997-11-15 21:06:18','2010-12-13 22:25:42'),(558,'99d9689d-bb96-11eb-98fb-283926e47295','Joana','Schaefer','Edwardo','1994-03-23','094-518-5391x659','\"5161468989\"','2004-05-08 19:19:13','2013-09-06 00:06:43'),(559,'99da2e49-bb96-11eb-98fb-283926e47295','Gayle','Wolff','Trenton','1988-09-08','(321)908-6100x986','\"2381298636\"','1981-08-22 13:18:26','1997-03-23 02:53:54'),(560,'ae14af35-bb96-11eb-98fb-283926e47295','Rafaela','Johns','Lera','2009-08-03','199.053.3886','\"5066659933\"','1982-02-22 12:27:40','2013-07-22 19:02:25');
/*!40000 ALTER TABLE `clients` ENABLE KEYS */;
UNLOCK TABLES;
/*!50003 SET @saved_cs_client      = @@character_set_client */ ;
/*!50003 SET @saved_cs_results     = @@character_set_results */ ;
/*!50003 SET @saved_col_connection = @@collation_connection */ ;
/*!50003 SET character_set_client  = utf8mb4 */ ;
/*!50003 SET character_set_results = utf8mb4 */ ;
/*!50003 SET collation_connection  = utf8mb4_0900_ai_ci */ ;
/*!50003 SET @saved_sql_mode       = @@sql_mode */ ;
/*!50003 SET sql_mode              = 'ONLY_FULL_GROUP_BY,STRICT_TRANS_TABLES,NO_ZERO_IN_DATE,NO_ZERO_DATE,ERROR_FOR_DIVISION_BY_ZERO,NO_ENGINE_SUBSTITUTION' */ ;
DELIMITER ;;
/*!50003 CREATE*/ /*!50017 DEFINER=`root`@`localhost`*/ /*!50003 TRIGGER `before_insert_c` BEFORE INSERT ON `clients` FOR EACH ROW BEGIN
  IF new.external_id IS NULL THEN
    SET new.external_id = uuid();
  END IF;
END */;;
DELIMITER ;
/*!50003 SET sql_mode              = @saved_sql_mode */ ;
/*!50003 SET character_set_client  = @saved_cs_client */ ;
/*!50003 SET character_set_results = @saved_cs_results */ ;
/*!50003 SET collation_connection  = @saved_col_connection */ ;

--
-- Temporary view structure for view `clients_information`
--

DROP TABLE IF EXISTS `clients_information`;
/*!50001 DROP VIEW IF EXISTS `clients_information`*/;
SET @saved_cs_client     = @@character_set_client;
/*!50503 SET character_set_client = utf8mb4 */;
/*!50001 CREATE VIEW `clients_information` AS SELECT 
 1 AS `client`,
 1 AS `full_name`,
 1 AS `id`,
 1 AS `age`,
 1 AS `b_balance`,
 1 AS `discount`*/;
SET character_set_client = @saved_cs_client;

--
-- Table structure for table `current_discount`
--

DROP TABLE IF EXISTS `current_discount`;
/*!40101 SET @saved_cs_client     = @@character_set_client */;
/*!50503 SET character_set_client = utf8mb4 */;
CREATE TABLE `current_discount` (
  `id` bigint unsigned NOT NULL AUTO_INCREMENT,
  `client_id` bigint unsigned NOT NULL,
  `discount` int unsigned NOT NULL DEFAULT '0',
  `created_at` datetime DEFAULT CURRENT_TIMESTAMP,
  PRIMARY KEY (`id`),
  UNIQUE KEY `id` (`id`),
  KEY `client_id` (`client_id`),
  CONSTRAINT `current_discount_ibfk_1` FOREIGN KEY (`client_id`) REFERENCES `clients` (`id`)
) ENGINE=InnoDB AUTO_INCREMENT=521 DEFAULT CHARSET=utf8mb4 COLLATE=utf8mb4_0900_ai_ci COMMENT='текущий процент постоянной скидки';
/*!40101 SET character_set_client = @saved_cs_client */;

--
-- Dumping data for table `current_discount`
--

LOCK TABLES `current_discount` WRITE;
/*!40000 ALTER TABLE `current_discount` DISABLE KEYS */;
INSERT INTO `current_discount` VALUES (1,1,1,'1970-01-01 00:00:00'),(2,2,9,'1970-01-01 00:00:00'),(3,3,11,'1970-01-01 00:00:00'),(4,4,5,'1970-01-01 00:00:00'),(5,5,2,'1970-01-01 00:00:00'),(6,6,20,'1970-01-01 00:00:00'),(7,7,12,'1970-01-01 00:00:00'),(8,8,15,'1970-01-01 00:00:00'),(9,9,13,'1970-01-01 00:00:00'),(10,10,6,'1970-01-01 00:00:00'),(11,11,4,'1970-01-01 00:00:00'),(12,12,17,'1970-01-01 00:00:00'),(13,13,13,'1970-01-01 00:00:00'),(14,14,12,'1970-01-01 00:00:00'),(15,15,11,'1970-01-01 00:00:00'),(16,16,1,'1970-01-01 00:00:00'),(17,17,10,'1970-01-01 00:00:00'),(18,18,14,'1970-01-01 00:00:00'),(19,19,8,'1970-01-01 00:00:00'),(20,20,5,'1970-01-01 00:00:00'),(21,21,6,'1970-01-01 00:00:00'),(22,22,16,'1970-01-01 00:00:00'),(23,23,20,'1970-01-01 00:00:00'),(24,24,0,'1970-01-01 00:00:00'),(25,25,14,'1970-01-01 00:00:00'),(26,26,11,'1970-01-01 00:00:00'),(27,27,4,'1970-01-01 00:00:00'),(28,28,1,'1970-01-01 00:00:00'),(29,29,8,'1970-01-01 00:00:00'),(30,30,2,'1970-01-01 00:00:00'),(31,31,5,'1970-01-01 00:00:00'),(32,32,17,'1970-01-01 00:00:00'),(33,33,14,'1970-01-01 00:00:00'),(34,34,1,'1970-01-01 00:00:00'),(35,35,9,'1970-01-01 00:00:00'),(36,36,4,'1970-01-01 00:00:00'),(37,37,16,'1970-01-01 00:00:00'),(38,38,5,'1970-01-01 00:00:00'),(39,39,17,'1970-01-01 00:00:00'),(40,40,13,'1970-01-01 00:00:00'),(41,41,4,'1970-01-01 00:00:00'),(42,42,14,'1970-01-01 00:00:00'),(43,43,8,'1970-01-01 00:00:00'),(44,44,6,'1970-01-01 00:00:00'),(45,45,18,'1970-01-01 00:00:00'),(46,46,2,'1970-01-01 00:00:00'),(47,47,12,'1970-01-01 00:00:00'),(48,48,2,'1970-01-01 00:00:00'),(49,49,1,'1970-01-01 00:00:00'),(50,50,8,'1970-01-01 00:00:00'),(51,51,18,'1970-01-01 00:00:00'),(52,52,1,'1970-01-01 00:00:00'),(53,53,7,'1970-01-01 00:00:00'),(54,54,13,'1970-01-01 00:00:00'),(55,55,7,'1970-01-01 00:00:00'),(56,56,6,'1970-01-01 00:00:00'),(57,57,4,'1970-01-01 00:00:00'),(58,58,9,'1970-01-01 00:00:00'),(59,59,14,'1970-01-01 00:00:00'),(60,60,20,'1970-01-01 00:00:00'),(61,61,6,'1970-01-01 00:00:00'),(62,62,17,'1970-01-01 00:00:00'),(63,63,14,'1970-01-01 00:00:00'),(64,64,2,'1970-01-01 00:00:00'),(65,65,9,'1970-01-01 00:00:00'),(66,66,15,'1970-01-01 00:00:00'),(67,67,15,'1970-01-01 00:00:00'),(68,68,5,'1970-01-01 00:00:00'),(69,69,13,'1970-01-01 00:00:00'),(70,70,3,'1970-01-01 00:00:00'),(71,71,16,'1970-01-01 00:00:00'),(72,72,6,'1970-01-01 00:00:00'),(73,73,13,'1970-01-01 00:00:00'),(74,74,20,'1970-01-01 00:00:00'),(75,75,9,'1970-01-01 00:00:00'),(76,76,17,'1970-01-01 00:00:00'),(77,77,5,'1970-01-01 00:00:00'),(78,78,9,'1970-01-01 00:00:00'),(79,79,10,'1970-01-01 00:00:00'),(80,80,13,'1970-01-01 00:00:00'),(81,81,3,'1970-01-01 00:00:00'),(82,82,18,'1970-01-01 00:00:00'),(83,83,20,'1970-01-01 00:00:00'),(84,84,15,'1970-01-01 00:00:00'),(85,85,14,'1970-01-01 00:00:00'),(86,86,14,'1970-01-01 00:00:00'),(87,87,0,'1970-01-01 00:00:00'),(88,88,15,'1970-01-01 00:00:00'),(89,89,18,'1970-01-01 00:00:00'),(90,90,17,'1970-01-01 00:00:00'),(91,91,10,'1970-01-01 00:00:00'),(92,92,7,'1970-01-01 00:00:00'),(93,93,12,'1970-01-01 00:00:00'),(94,94,4,'1970-01-01 00:00:00'),(95,95,4,'1970-01-01 00:00:00'),(96,96,18,'1970-01-01 00:00:00'),(97,97,7,'1970-01-01 00:00:00'),(98,98,16,'1970-01-01 00:00:00'),(99,99,19,'1970-01-01 00:00:00'),(100,100,13,'1970-01-01 00:00:00'),(101,101,0,'1970-01-01 00:00:00'),(102,102,18,'1970-01-01 00:00:00'),(103,103,4,'1970-01-01 00:00:00'),(104,104,9,'1970-01-01 00:00:00'),(105,105,16,'1970-01-01 00:00:00'),(106,106,14,'1970-01-01 00:00:00'),(107,107,1,'1970-01-01 00:00:00'),(108,108,0,'1970-01-01 00:00:00'),(109,109,19,'1970-01-01 00:00:00'),(110,110,11,'1970-01-01 00:00:00'),(111,111,3,'1970-01-01 00:00:00'),(112,112,3,'1970-01-01 00:00:00'),(113,113,20,'1970-01-01 00:00:00'),(114,114,20,'1970-01-01 00:00:00'),(115,115,9,'1970-01-01 00:00:00'),(116,116,8,'1970-01-01 00:00:00'),(117,117,8,'1970-01-01 00:00:00'),(118,118,14,'1970-01-01 00:00:00'),(119,119,13,'1970-01-01 00:00:00'),(120,120,9,'1970-01-01 00:00:00'),(121,121,6,'1970-01-01 00:00:00'),(122,122,20,'1970-01-01 00:00:00'),(123,123,17,'1970-01-01 00:00:00'),(124,124,14,'1970-01-01 00:00:00'),(125,125,9,'1970-01-01 00:00:00'),(126,126,4,'1970-01-01 00:00:00'),(127,127,16,'1970-01-01 00:00:00'),(128,128,5,'1970-01-01 00:00:00'),(129,129,19,'1970-01-01 00:00:00'),(130,130,15,'1970-01-01 00:00:00'),(131,131,11,'1970-01-01 00:00:00'),(132,132,1,'1970-01-01 00:00:00'),(133,133,2,'1970-01-01 00:00:00'),(134,134,8,'1970-01-01 00:00:00'),(135,135,8,'1970-01-01 00:00:00'),(136,136,20,'1970-01-01 00:00:00'),(137,137,14,'1970-01-01 00:00:00'),(138,138,7,'1970-01-01 00:00:00'),(139,139,16,'1970-01-01 00:00:00'),(140,140,12,'1970-01-01 00:00:00'),(141,141,19,'1970-01-01 00:00:00'),(142,142,0,'1970-01-01 00:00:00'),(143,143,19,'1970-01-01 00:00:00'),(144,144,11,'1970-01-01 00:00:00'),(145,145,3,'1970-01-01 00:00:00'),(146,146,7,'1970-01-01 00:00:00'),(147,147,4,'1970-01-01 00:00:00'),(148,148,3,'1970-01-01 00:00:00'),(149,149,0,'1970-01-01 00:00:00'),(150,150,12,'1970-01-01 00:00:00'),(151,151,6,'1970-01-01 00:00:00'),(152,152,9,'1970-01-01 00:00:00'),(153,153,12,'1970-01-01 00:00:00'),(154,154,17,'1970-01-01 00:00:00'),(155,155,15,'1970-01-01 00:00:00'),(156,156,12,'1970-01-01 00:00:00'),(157,157,7,'1970-01-01 00:00:00'),(158,158,4,'1970-01-01 00:00:00'),(159,159,8,'1970-01-01 00:00:00'),(160,160,14,'1970-01-01 00:00:00'),(161,161,10,'1970-01-01 00:00:00'),(162,162,13,'1970-01-01 00:00:00'),(163,163,16,'1970-01-01 00:00:00'),(164,164,20,'1970-01-01 00:00:00'),(165,165,11,'1970-01-01 00:00:00'),(166,166,5,'1970-01-01 00:00:00'),(167,167,4,'1970-01-01 00:00:00'),(168,168,0,'1970-01-01 00:00:00'),(169,169,19,'1970-01-01 00:00:00'),(170,170,4,'1970-01-01 00:00:00'),(171,171,2,'1970-01-01 00:00:00'),(172,172,5,'1970-01-01 00:00:00'),(173,173,17,'1970-01-01 00:00:00'),(174,174,19,'1970-01-01 00:00:00'),(175,175,1,'1970-01-01 00:00:00'),(176,176,6,'1970-01-01 00:00:00'),(177,177,14,'1970-01-01 00:00:00'),(178,178,15,'1970-01-01 00:00:00'),(179,179,5,'1970-01-01 00:00:00'),(180,180,16,'1970-01-01 00:00:00'),(181,181,6,'1970-01-01 00:00:00'),(182,182,17,'1970-01-01 00:00:00'),(183,183,18,'1970-01-01 00:00:00'),(184,184,3,'1970-01-01 00:00:00'),(185,185,0,'1970-01-01 00:00:00'),(186,186,5,'1970-01-01 00:00:00'),(187,187,17,'1970-01-01 00:00:00'),(188,188,13,'1970-01-01 00:00:00'),(189,189,9,'1970-01-01 00:00:00'),(190,190,17,'1970-01-01 00:00:00'),(191,191,17,'1970-01-01 00:00:00'),(192,192,13,'1970-01-01 00:00:00'),(193,193,10,'1970-01-01 00:00:00'),(194,194,6,'1970-01-01 00:00:00'),(195,195,8,'1970-01-01 00:00:00'),(196,196,12,'1970-01-01 00:00:00'),(197,197,10,'1970-01-01 00:00:00'),(198,198,17,'1970-01-01 00:00:00'),(199,199,5,'1970-01-01 00:00:00'),(200,200,19,'1970-01-01 00:00:00'),(201,201,18,'1970-01-01 00:00:00'),(202,202,9,'1970-01-01 00:00:00'),(203,203,1,'1970-01-01 00:00:00'),(204,204,9,'1970-01-01 00:00:00'),(205,205,9,'1970-01-01 00:00:00'),(206,206,10,'1970-01-01 00:00:00'),(207,207,13,'1970-01-01 00:00:00'),(208,208,17,'1970-01-01 00:00:00'),(209,209,0,'1970-01-01 00:00:00'),(210,210,16,'1970-01-01 00:00:00'),(211,211,18,'1970-01-01 00:00:00'),(212,212,6,'1970-01-01 00:00:00'),(213,213,4,'1970-01-01 00:00:00'),(214,214,16,'1970-01-01 00:00:00'),(215,215,3,'1970-01-01 00:00:00'),(216,216,7,'1970-01-01 00:00:00'),(217,217,4,'1970-01-01 00:00:00'),(218,218,17,'1970-01-01 00:00:00'),(219,219,7,'1970-01-01 00:00:00'),(220,220,12,'1970-01-01 00:00:00'),(221,221,0,'1970-01-01 00:00:00'),(222,222,15,'1970-01-01 00:00:00'),(223,223,0,'1970-01-01 00:00:00'),(224,224,7,'1970-01-01 00:00:00'),(225,225,17,'1970-01-01 00:00:00'),(226,226,20,'1970-01-01 00:00:00'),(227,227,10,'1970-01-01 00:00:00'),(228,228,18,'1970-01-01 00:00:00'),(229,229,0,'1970-01-01 00:00:00'),(230,230,7,'1970-01-01 00:00:00'),(231,231,12,'1970-01-01 00:00:00'),(232,232,3,'1970-01-01 00:00:00'),(233,233,13,'1970-01-01 00:00:00'),(234,234,15,'1970-01-01 00:00:00'),(235,235,5,'1970-01-01 00:00:00'),(236,236,2,'1970-01-01 00:00:00'),(237,237,11,'1970-01-01 00:00:00'),(238,238,14,'1970-01-01 00:00:00'),(239,239,0,'1970-01-01 00:00:00'),(240,240,12,'1970-01-01 00:00:00'),(241,241,12,'1970-01-01 00:00:00'),(242,242,4,'1970-01-01 00:00:00'),(243,243,17,'1970-01-01 00:00:00'),(244,244,0,'1970-01-01 00:00:00'),(245,245,4,'1970-01-01 00:00:00'),(246,246,13,'1970-01-01 00:00:00'),(247,247,3,'1970-01-01 00:00:00'),(248,248,17,'1970-01-01 00:00:00'),(249,249,13,'1970-01-01 00:00:00'),(250,250,13,'1970-01-01 00:00:00'),(251,251,20,'1970-01-01 00:00:00'),(252,252,20,'1970-01-01 00:00:00'),(253,253,5,'1970-01-01 00:00:00'),(254,254,0,'1970-01-01 00:00:00'),(255,255,17,'1970-01-01 00:00:00'),(256,256,6,'1970-01-01 00:00:00'),(257,257,18,'1970-01-01 00:00:00'),(258,258,8,'1970-01-01 00:00:00'),(259,259,0,'1970-01-01 00:00:00'),(260,260,0,'1970-01-01 00:00:00'),(261,261,5,'1970-01-01 00:00:00'),(262,262,18,'1970-01-01 00:00:00'),(263,263,16,'1970-01-01 00:00:00'),(264,264,3,'1970-01-01 00:00:00'),(265,265,1,'1970-01-01 00:00:00'),(266,266,5,'1970-01-01 00:00:00'),(267,267,18,'1970-01-01 00:00:00'),(268,268,8,'1970-01-01 00:00:00'),(269,269,17,'1970-01-01 00:00:00'),(270,270,1,'1970-01-01 00:00:00'),(271,271,17,'1970-01-01 00:00:00'),(272,272,13,'1970-01-01 00:00:00'),(273,273,15,'1970-01-01 00:00:00'),(274,274,14,'1970-01-01 00:00:00'),(275,275,19,'1970-01-01 00:00:00'),(276,276,2,'1970-01-01 00:00:00'),(277,277,7,'1970-01-01 00:00:00'),(278,278,14,'1970-01-01 00:00:00'),(279,279,3,'1970-01-01 00:00:00'),(280,280,3,'1970-01-01 00:00:00'),(281,281,1,'1970-01-01 00:00:00'),(282,282,10,'1970-01-01 00:00:00'),(283,283,3,'1970-01-01 00:00:00'),(284,284,18,'1970-01-01 00:00:00'),(285,285,0,'1970-01-01 00:00:00'),(286,286,17,'1970-01-01 00:00:00'),(287,287,2,'1970-01-01 00:00:00'),(288,288,12,'1970-01-01 00:00:00'),(289,289,2,'1970-01-01 00:00:00'),(290,290,20,'1970-01-01 00:00:00'),(291,291,19,'1970-01-01 00:00:00'),(292,292,7,'1970-01-01 00:00:00'),(293,293,3,'1970-01-01 00:00:00'),(294,294,0,'1970-01-01 00:00:00'),(295,295,13,'1970-01-01 00:00:00'),(296,296,5,'1970-01-01 00:00:00'),(297,297,1,'1970-01-01 00:00:00'),(298,298,10,'1970-01-01 00:00:00'),(299,299,17,'1970-01-01 00:00:00'),(300,300,11,'1970-01-01 00:00:00'),(301,301,10,'1970-01-01 00:00:00'),(302,302,10,'1970-01-01 00:00:00'),(303,303,5,'1970-01-01 00:00:00'),(304,304,19,'1970-01-01 00:00:00'),(305,305,18,'1970-01-01 00:00:00'),(306,306,1,'1970-01-01 00:00:00'),(307,307,15,'1970-01-01 00:00:00'),(308,308,3,'1970-01-01 00:00:00'),(309,309,6,'1970-01-01 00:00:00'),(310,310,12,'1970-01-01 00:00:00'),(311,311,1,'1970-01-01 00:00:00'),(312,312,15,'1970-01-01 00:00:00'),(313,313,12,'1970-01-01 00:00:00'),(314,314,15,'1970-01-01 00:00:00'),(315,315,15,'1970-01-01 00:00:00'),(316,316,18,'1970-01-01 00:00:00'),(317,317,1,'1970-01-01 00:00:00'),(318,318,5,'1970-01-01 00:00:00'),(319,319,18,'1970-01-01 00:00:00'),(320,320,12,'1970-01-01 00:00:00'),(321,321,18,'1970-01-01 00:00:00'),(322,322,8,'1970-01-01 00:00:00'),(323,323,5,'1970-01-01 00:00:00'),(324,324,11,'1970-01-01 00:00:00'),(325,325,2,'1970-01-01 00:00:00'),(326,326,6,'1970-01-01 00:00:00'),(327,327,4,'1970-01-01 00:00:00'),(328,328,11,'1970-01-01 00:00:00'),(329,329,4,'1970-01-01 00:00:00'),(330,330,3,'1970-01-01 00:00:00'),(331,331,13,'1970-01-01 00:00:00'),(332,332,6,'1970-01-01 00:00:00'),(333,333,17,'1970-01-01 00:00:00'),(334,334,11,'1970-01-01 00:00:00'),(335,335,9,'1970-01-01 00:00:00'),(336,336,19,'1970-01-01 00:00:00'),(337,337,8,'1970-01-01 00:00:00'),(338,338,11,'1970-01-01 00:00:00'),(339,339,14,'1970-01-01 00:00:00'),(340,340,20,'1970-01-01 00:00:00'),(341,341,2,'1970-01-01 00:00:00'),(342,342,18,'1970-01-01 00:00:00'),(343,343,15,'1970-01-01 00:00:00'),(344,344,0,'1970-01-01 00:00:00'),(345,345,8,'1970-01-01 00:00:00'),(346,346,19,'1970-01-01 00:00:00'),(347,347,15,'1970-01-01 00:00:00'),(348,348,1,'1970-01-01 00:00:00'),(349,349,9,'1970-01-01 00:00:00'),(350,350,16,'1970-01-01 00:00:00'),(351,351,10,'1970-01-01 00:00:00'),(352,352,19,'1970-01-01 00:00:00'),(353,353,18,'1970-01-01 00:00:00'),(354,354,4,'1970-01-01 00:00:00'),(355,355,3,'1970-01-01 00:00:00'),(356,356,15,'1970-01-01 00:00:00'),(357,357,9,'1970-01-01 00:00:00'),(358,358,13,'1970-01-01 00:00:00'),(359,359,7,'1970-01-01 00:00:00'),(360,360,17,'1970-01-01 00:00:00'),(361,361,1,'1970-01-01 00:00:00'),(362,362,4,'1970-01-01 00:00:00'),(363,363,17,'1970-01-01 00:00:00'),(364,364,19,'1970-01-01 00:00:00'),(365,365,17,'1970-01-01 00:00:00'),(366,366,6,'1970-01-01 00:00:00'),(367,367,7,'1970-01-01 00:00:00'),(368,368,20,'1970-01-01 00:00:00'),(369,369,7,'1970-01-01 00:00:00'),(370,370,4,'1970-01-01 00:00:00'),(371,371,14,'1970-01-01 00:00:00'),(372,372,8,'1970-01-01 00:00:00'),(373,373,8,'1970-01-01 00:00:00'),(374,374,8,'1970-01-01 00:00:00'),(375,375,0,'1970-01-01 00:00:00'),(376,376,9,'1970-01-01 00:00:00'),(377,377,5,'1970-01-01 00:00:00'),(378,378,6,'1970-01-01 00:00:00'),(379,379,15,'1970-01-01 00:00:00'),(380,380,16,'1970-01-01 00:00:00'),(381,381,1,'1970-01-01 00:00:00'),(382,382,19,'1970-01-01 00:00:00'),(383,383,11,'1970-01-01 00:00:00'),(384,384,6,'1970-01-01 00:00:00'),(385,385,2,'1970-01-01 00:00:00'),(386,386,11,'1970-01-01 00:00:00'),(387,387,16,'1970-01-01 00:00:00'),(388,388,13,'1970-01-01 00:00:00'),(389,389,17,'1970-01-01 00:00:00'),(390,390,17,'1970-01-01 00:00:00'),(391,391,14,'1970-01-01 00:00:00'),(392,392,15,'1970-01-01 00:00:00'),(393,393,19,'1970-01-01 00:00:00'),(394,394,10,'1970-01-01 00:00:00'),(395,395,0,'1970-01-01 00:00:00'),(396,396,1,'1970-01-01 00:00:00'),(397,397,3,'1970-01-01 00:00:00'),(398,398,4,'1970-01-01 00:00:00'),(399,399,1,'1970-01-01 00:00:00'),(400,400,3,'1970-01-01 00:00:00'),(401,401,12,'1970-01-01 00:00:00'),(402,402,3,'1970-01-01 00:00:00'),(403,403,3,'1970-01-01 00:00:00'),(404,404,14,'1970-01-01 00:00:00'),(405,405,8,'1970-01-01 00:00:00'),(406,406,14,'1970-01-01 00:00:00'),(407,407,10,'1970-01-01 00:00:00'),(408,408,2,'1970-01-01 00:00:00'),(409,409,14,'1970-01-01 00:00:00'),(410,410,11,'1970-01-01 00:00:00'),(411,411,3,'1970-01-01 00:00:00'),(412,412,10,'1970-01-01 00:00:00'),(413,413,2,'1970-01-01 00:00:00'),(414,414,8,'1970-01-01 00:00:00'),(415,415,12,'1970-01-01 00:00:00'),(416,416,0,'1970-01-01 00:00:00'),(417,417,0,'1970-01-01 00:00:00'),(418,418,12,'1970-01-01 00:00:00'),(419,419,5,'1970-01-01 00:00:00'),(420,420,6,'1970-01-01 00:00:00'),(421,421,14,'1970-01-01 00:00:00'),(422,422,8,'1970-01-01 00:00:00'),(423,423,18,'1970-01-01 00:00:00'),(424,424,10,'1970-01-01 00:00:00'),(425,425,8,'1970-01-01 00:00:00'),(426,426,15,'1970-01-01 00:00:00'),(427,427,12,'1970-01-01 00:00:00'),(428,428,5,'1970-01-01 00:00:00'),(429,429,14,'1970-01-01 00:00:00'),(430,430,6,'1970-01-01 00:00:00'),(431,431,12,'1970-01-01 00:00:00'),(432,432,0,'1970-01-01 00:00:00'),(433,433,3,'1970-01-01 00:00:00'),(434,434,7,'1970-01-01 00:00:00'),(435,435,2,'1970-01-01 00:00:00'),(436,436,1,'1970-01-01 00:00:00'),(437,437,17,'1970-01-01 00:00:00'),(438,438,19,'1970-01-01 00:00:00'),(439,439,1,'1970-01-01 00:00:00'),(440,440,3,'1970-01-01 00:00:00'),(441,441,12,'1970-01-01 00:00:00'),(442,442,13,'1970-01-01 00:00:00'),(443,443,17,'1970-01-01 00:00:00'),(444,444,7,'1970-01-01 00:00:00'),(445,445,4,'1970-01-01 00:00:00'),(446,446,10,'1970-01-01 00:00:00'),(447,447,7,'1970-01-01 00:00:00'),(448,448,0,'1970-01-01 00:00:00'),(449,449,11,'1970-01-01 00:00:00'),(450,450,9,'1970-01-01 00:00:00'),(451,451,12,'1970-01-01 00:00:00'),(452,452,12,'1970-01-01 00:00:00'),(453,453,20,'1970-01-01 00:00:00'),(454,454,0,'1970-01-01 00:00:00'),(455,455,8,'1970-01-01 00:00:00'),(456,456,17,'1970-01-01 00:00:00'),(457,457,7,'1970-01-01 00:00:00'),(458,458,1,'1970-01-01 00:00:00'),(459,459,11,'1970-01-01 00:00:00'),(460,460,7,'1970-01-01 00:00:00'),(461,461,11,'1970-01-01 00:00:00'),(462,462,17,'1970-01-01 00:00:00'),(463,463,15,'1970-01-01 00:00:00'),(464,464,2,'1970-01-01 00:00:00'),(465,465,6,'1970-01-01 00:00:00'),(466,466,19,'1970-01-01 00:00:00'),(467,467,17,'1970-01-01 00:00:00'),(468,468,8,'1970-01-01 00:00:00'),(469,469,11,'1970-01-01 00:00:00'),(470,470,7,'1970-01-01 00:00:00'),(471,471,8,'1970-01-01 00:00:00'),(472,472,2,'1970-01-01 00:00:00'),(473,473,16,'1970-01-01 00:00:00'),(474,474,15,'1970-01-01 00:00:00'),(475,475,8,'1970-01-01 00:00:00'),(476,476,10,'1970-01-01 00:00:00'),(477,477,5,'1970-01-01 00:00:00'),(478,478,17,'1970-01-01 00:00:00'),(479,479,2,'1970-01-01 00:00:00'),(480,480,0,'1970-01-01 00:00:00'),(481,481,10,'1970-01-01 00:00:00'),(482,482,4,'1970-01-01 00:00:00'),(483,483,0,'1970-01-01 00:00:00'),(484,484,2,'1970-01-01 00:00:00'),(485,485,18,'1970-01-01 00:00:00'),(486,486,16,'1970-01-01 00:00:00'),(487,487,11,'1970-01-01 00:00:00'),(488,488,3,'1970-01-01 00:00:00'),(489,489,13,'1970-01-01 00:00:00'),(490,490,5,'1970-01-01 00:00:00'),(491,491,4,'1970-01-01 00:00:00'),(492,492,10,'1970-01-01 00:00:00'),(493,493,19,'1970-01-01 00:00:00'),(494,494,5,'1970-01-01 00:00:00'),(495,495,9,'1970-01-01 00:00:00'),(496,496,7,'1970-01-01 00:00:00'),(497,497,14,'1970-01-01 00:00:00'),(498,498,12,'1970-01-01 00:00:00'),(499,499,16,'1970-01-01 00:00:00'),(500,500,1,'1970-01-01 00:00:00'),(501,501,13,'1970-01-01 00:00:00'),(502,502,9,'1970-01-01 00:00:00'),(503,503,16,'1970-01-01 00:00:00'),(504,504,16,'1970-01-01 00:00:00'),(505,505,4,'1970-01-01 00:00:00'),(506,506,13,'1970-01-01 00:00:00'),(507,507,2,'1970-01-01 00:00:00'),(508,508,15,'1970-01-01 00:00:00'),(509,509,15,'1970-01-01 00:00:00'),(510,510,3,'1970-01-01 00:00:00'),(511,511,0,'1970-01-01 00:00:00'),(512,512,5,'1970-01-01 00:00:00'),(513,513,3,'1970-01-01 00:00:00'),(514,514,3,'1970-01-01 00:00:00'),(515,515,10,'1970-01-01 00:00:00'),(516,516,7,'1970-01-01 00:00:00'),(517,517,14,'1970-01-01 00:00:00'),(518,518,0,'1970-01-01 00:00:00'),(519,519,8,'1970-01-01 00:00:00'),(520,520,18,'1970-01-01 00:00:00');
/*!40000 ALTER TABLE `current_discount` ENABLE KEYS */;
UNLOCK TABLES;

--
-- Table structure for table `product_types`
--

DROP TABLE IF EXISTS `product_types`;
/*!40101 SET @saved_cs_client     = @@character_set_client */;
/*!50503 SET character_set_client = utf8mb4 */;
CREATE TABLE `product_types` (
  `id` bigint unsigned NOT NULL AUTO_INCREMENT,
  `external_id` varchar(255) NOT NULL,
  `name` varchar(255) CHARACTER SET utf8mb4 COLLATE utf8mb4_unicode_ci DEFAULT NULL COMMENT 'Название типа',
  PRIMARY KEY (`id`),
  UNIQUE KEY `id` (`id`)
) ENGINE=InnoDB AUTO_INCREMENT=13 DEFAULT CHARSET=utf8mb4 COLLATE=utf8mb4_0900_ai_ci COMMENT='Типы товаров для аналитики';
/*!40101 SET character_set_client = @saved_cs_client */;

--
-- Dumping data for table `product_types`
--

LOCK TABLES `product_types` WRITE;
/*!40000 ALTER TABLE `product_types` DISABLE KEYS */;
INSERT INTO `product_types` VALUES (1,'8a52edd7-bb95-11eb-98fb-283926e47295','sweets'),(2,'8a53e752-bb95-11eb-98fb-283926e47295','cookies'),(3,'8a549c13-bb95-11eb-98fb-283926e47295','tea'),(4,'8a55700e-bb95-11eb-98fb-283926e47295','coffee'),(5,'8a563f1c-bb95-11eb-98fb-283926e47295','desserts'),(6,'8a56eb41-bb95-11eb-98fb-283926e47295','oil'),(7,'8a578fb8-bb95-11eb-98fb-283926e47295','snacks'),(8,'8a583b3c-bb95-11eb-98fb-283926e47295','kitchen_ware'),(9,'8a58eb29-bb95-11eb-98fb-283926e47295','vinegar_sauces'),(10,'8a5997f7-bb95-11eb-98fb-283926e47295','grosseries'),(11,'8a5a3eae-bb95-11eb-98fb-283926e47295','tea_coffee_sets'),(12,'8ba7f8e5-bb95-11eb-98fb-283926e47295','picknick');
/*!40000 ALTER TABLE `product_types` ENABLE KEYS */;
UNLOCK TABLES;
/*!50003 SET @saved_cs_client      = @@character_set_client */ ;
/*!50003 SET @saved_cs_results     = @@character_set_results */ ;
/*!50003 SET @saved_col_connection = @@collation_connection */ ;
/*!50003 SET character_set_client  = utf8mb4 */ ;
/*!50003 SET character_set_results = utf8mb4 */ ;
/*!50003 SET collation_connection  = utf8mb4_0900_ai_ci */ ;
/*!50003 SET @saved_sql_mode       = @@sql_mode */ ;
/*!50003 SET sql_mode              = 'ONLY_FULL_GROUP_BY,STRICT_TRANS_TABLES,NO_ZERO_IN_DATE,NO_ZERO_DATE,ERROR_FOR_DIVISION_BY_ZERO,NO_ENGINE_SUBSTITUTION' */ ;
DELIMITER ;;
/*!50003 CREATE*/ /*!50017 DEFINER=`root`@`localhost`*/ /*!50003 TRIGGER `before_insert_pt` BEFORE INSERT ON `product_types` FOR EACH ROW BEGIN
  IF new.external_id IS NULL THEN
    SET new.external_id = uuid();
  END IF;
END */;;
DELIMITER ;
/*!50003 SET sql_mode              = @saved_sql_mode */ ;
/*!50003 SET character_set_client  = @saved_cs_client */ ;
/*!50003 SET character_set_results = @saved_cs_results */ ;
/*!50003 SET collation_connection  = @saved_col_connection */ ;

--
-- Table structure for table `products`
--

DROP TABLE IF EXISTS `products`;
/*!40101 SET @saved_cs_client     = @@character_set_client */;
/*!50503 SET character_set_client = utf8mb4 */;
CREATE TABLE `products` (
  `id` bigint unsigned NOT NULL AUTO_INCREMENT,
  `external_id` varchar(255) NOT NULL,
  `name` varchar(255) CHARACTER SET utf8mb4 COLLATE utf8mb4_unicode_ci DEFAULT NULL COMMENT 'Название',
  `desription` text CHARACTER SET utf8mb4 COLLATE utf8mb4_unicode_ci COMMENT 'Описание',
  `catalog_id` bigint unsigned NOT NULL,
  `product_type_id` bigint unsigned NOT NULL,
  `created_at` datetime DEFAULT CURRENT_TIMESTAMP,
  `updated_at` datetime DEFAULT CURRENT_TIMESTAMP ON UPDATE CURRENT_TIMESTAMP,
  PRIMARY KEY (`id`),
  UNIQUE KEY `id` (`id`),
  KEY `index_of_catalog_id` (`catalog_id`),
  KEY `product_type_id` (`product_type_id`),
  KEY `external_id` (`external_id`),
  KEY `external_id_2` (`external_id`),
  KEY `place_catalog` (`id`,`catalog_id`,`product_type_id`),
  CONSTRAINT `products_ibfk_1` FOREIGN KEY (`catalog_id`) REFERENCES `catalogs` (`id`),
  CONSTRAINT `products_ibfk_2` FOREIGN KEY (`product_type_id`) REFERENCES `product_types` (`id`)
) ENGINE=InnoDB AUTO_INCREMENT=301 DEFAULT CHARSET=utf8mb4 COLLATE=utf8mb4_0900_ai_ci COMMENT='Товарные позиции';
/*!40101 SET character_set_client = @saved_cs_client */;

--
-- Dumping data for table `products`
--

LOCK TABLES `products` WRITE;
/*!40000 ALTER TABLE `products` DISABLE KEYS */;
INSERT INTO `products` VALUES (1,'e2b5e5d2-bb95-11eb-98fb-283926e47295','quisquam','Dolore non reiciendis dolorum nam quam tenetur ut cum.',1,1,'1973-04-23 06:33:47','1977-07-20 07:35:04'),(2,'e2b6fae2-bb95-11eb-98fb-283926e47295','dolores','Perspiciatis aut odio hic atque quas suscipit ut enim.',2,2,'1973-12-13 07:17:40','2008-02-08 04:07:36'),(3,'e2b7dc82-bb95-11eb-98fb-283926e47295','vitae','Iste ut eos neque sequi et.',3,3,'2008-11-27 21:38:06','1978-09-20 02:32:00'),(4,'e2b8df06-bb95-11eb-98fb-283926e47295','voluptatem','Omnis natus tempora et quibusdam.',4,4,'1994-01-13 18:32:52','1980-10-11 05:48:31'),(5,'e2b9af01-bb95-11eb-98fb-283926e47295','nam','In magni architecto reiciendis sunt qui.',5,5,'2008-03-04 03:32:35','2020-05-06 15:59:12'),(6,'e2baa722-bb95-11eb-98fb-283926e47295','et','Dolorum a sed dolores velit fuga dicta aliquam voluptatem.',6,6,'2006-09-21 22:17:18','1974-02-25 23:54:33'),(7,'e2bb6a10-bb95-11eb-98fb-283926e47295','molestiae','Eaque voluptatem ullam aut minus.',7,7,'1993-09-09 09:51:52','1976-05-24 01:11:31'),(8,'e2bc1554-bb95-11eb-98fb-283926e47295','enim','Eos iusto inventore quia ut ipsam quibusdam qui corporis.',8,8,'2019-05-18 23:37:12','2000-09-27 22:34:11'),(9,'e2bd26ed-bb95-11eb-98fb-283926e47295','ut','Eligendi dolores maiores ea rerum.',9,9,'2016-05-02 23:49:06','2012-02-26 10:51:19'),(10,'e2bdee24-bb95-11eb-98fb-283926e47295','eius','Accusamus quasi eius inventore sed cupiditate.',10,10,'2011-10-11 18:00:24','2015-10-04 17:45:59'),(11,'e2bec21c-bb95-11eb-98fb-283926e47295','omnis','Alias odio nostrum est voluptates.',11,11,'1990-12-10 21:14:50','1983-04-07 20:32:17'),(12,'e2bfd5ee-bb95-11eb-98fb-283926e47295','harum','Qui rerum eveniet impedit asperiores.',12,12,'2017-02-27 01:54:14','1970-08-08 10:46:13'),(13,'e2c0c956-bb95-11eb-98fb-283926e47295','aperiam','Itaque nemo officiis accusamus saepe eius.',13,1,'1975-12-24 16:26:44','2010-06-14 02:30:57'),(14,'e2c19eb1-bb95-11eb-98fb-283926e47295','tempore','Eius qui eum neque ut alias ab molestiae voluptatem.',14,2,'1976-02-26 13:51:42','2012-02-29 12:11:18'),(15,'e2c27db2-bb95-11eb-98fb-283926e47295','neque','Optio et sed accusamus labore.',15,3,'1976-07-10 18:09:54','1992-04-06 21:03:13'),(16,'e2c3a8ca-bb95-11eb-98fb-283926e47295','ratione','Deleniti omnis corporis aut.',16,4,'1993-07-29 05:19:31','1974-01-03 19:09:04'),(17,'e2c4c526-bb95-11eb-98fb-283926e47295','sed','Velit atque consequuntur minus unde rerum.',17,5,'2004-07-21 21:34:02','2014-06-18 15:11:48'),(18,'e2c59edd-bb95-11eb-98fb-283926e47295','aut','Sint libero natus sequi facilis.',18,6,'1994-02-20 07:37:41','2003-10-08 04:27:55'),(19,'e2c6832e-bb95-11eb-98fb-283926e47295','et','Rerum ad nisi ad at non non voluptatum.',19,7,'1991-02-06 12:15:09','1982-08-09 01:53:35'),(20,'e2c785ff-bb95-11eb-98fb-283926e47295','ut','Repellendus est et error omnis beatae rerum.',20,8,'1973-07-31 14:57:28','2008-07-06 08:09:07'),(21,'e2c85537-bb95-11eb-98fb-283926e47295','sed','Soluta recusandae sed officiis quod eligendi laborum dolores.',21,9,'2009-06-07 09:39:43','2015-10-04 10:58:52'),(22,'e2c93916-bb95-11eb-98fb-283926e47295','sit','Dolores eius dolor hic quia.',22,10,'2014-06-03 22:27:02','1979-10-17 07:49:05'),(23,'e2ca167f-bb95-11eb-98fb-283926e47295','aut','Laudantium asperiores qui in iste pariatur ea culpa porro.',23,11,'1974-12-20 03:06:53','1992-12-15 07:08:44'),(24,'e2cb3173-bb95-11eb-98fb-283926e47295','magni','Deleniti error quia repudiandae consequatur quidem.',24,12,'1974-01-11 17:22:12','2000-10-27 04:52:34'),(25,'e2cbf993-bb95-11eb-98fb-283926e47295','aut','Ex impedit alias sit illum tempora.',25,1,'1972-05-18 14:32:36','1988-12-06 13:22:38'),(26,'e2ccf84d-bb95-11eb-98fb-283926e47295','non','Doloremque quibusdam eveniet ut assumenda blanditiis unde assumenda.',26,2,'2006-12-22 00:28:39','1994-06-07 17:28:54'),(27,'e2cdcb7a-bb95-11eb-98fb-283926e47295','et','Reprehenderit ipsum neque ut est at non magnam dicta.',27,3,'1986-02-20 19:41:37','2002-04-19 19:04:41'),(28,'e2cf27ba-bb95-11eb-98fb-283926e47295','rerum','Aut facere repellendus cupiditate non fuga dolorem ea.',28,4,'2013-02-21 09:16:04','1995-01-06 09:31:04'),(29,'e2d00d38-bb95-11eb-98fb-283926e47295','eveniet','Officiis ea id saepe in nam.',29,5,'1984-01-14 23:12:47','1972-05-22 08:50:23'),(30,'e2d0e686-bb95-11eb-98fb-283926e47295','voluptates','Saepe reprehenderit molestias numquam qui est quod id.',30,6,'1978-10-25 01:16:36','1971-01-22 01:13:35'),(31,'e2d1f10a-bb95-11eb-98fb-283926e47295','beatae','Exercitationem qui dolor reprehenderit magnam quia voluptas cumque libero.',31,7,'1994-10-26 18:50:34','1971-07-28 08:39:18'),(32,'e2d2c55d-bb95-11eb-98fb-283926e47295','dolorem','Optio qui tempora accusamus ipsum.',32,8,'1991-02-18 13:57:17','2002-04-22 13:44:48'),(33,'e2d3aedd-bb95-11eb-98fb-283926e47295','quo','Et soluta accusantium cumque dolores voluptatem quia.',33,9,'2018-12-11 13:55:55','1978-04-23 05:20:59'),(34,'e2d495f7-bb95-11eb-98fb-283926e47295','inventore','Et unde qui similique aperiam.',34,10,'2008-04-11 09:38:01','1999-09-04 16:20:10'),(35,'e2d56659-bb95-11eb-98fb-283926e47295','minus','Magni laborum aliquam quo voluptates quibusdam.',35,11,'1988-10-05 08:48:42','2014-03-16 22:46:29'),(36,'e2d66cbf-bb95-11eb-98fb-283926e47295','omnis','Quidem magnam facere necessitatibus ipsa iure nostrum.',36,12,'1995-08-25 08:53:19','2008-03-22 01:54:29'),(37,'e2d7595e-bb95-11eb-98fb-283926e47295','sit','Doloremque cupiditate neque nam ex ipsam laborum expedita.',37,1,'1982-03-30 01:35:04','1996-01-27 03:43:01'),(38,'e2d8358f-bb95-11eb-98fb-283926e47295','mollitia','Delectus illo ut atque impedit doloribus sit vel.',38,2,'1977-05-26 14:06:37','1990-05-24 14:32:46'),(39,'e2d94796-bb95-11eb-98fb-283926e47295','fugit','Aut nisi repellendus et beatae neque et.',39,3,'1989-07-19 05:56:28','1976-06-16 10:18:31'),(40,'e2da0ad8-bb95-11eb-98fb-283926e47295','asperiores','Quam sapiente exercitationem molestias aut perspiciatis debitis qui.',40,4,'1995-07-22 03:13:56','2004-05-17 17:14:26'),(41,'e2dad6d0-bb95-11eb-98fb-283926e47295','amet','Autem perspiciatis ut nobis ut.',41,5,'1970-06-12 00:49:53','2017-10-26 15:24:07'),(42,'e2db9af4-bb95-11eb-98fb-283926e47295','magnam','Odio ut qui ad optio dolores velit.',42,6,'2004-03-31 13:40:10','2003-11-23 07:50:02'),(43,'e2dc7299-bb95-11eb-98fb-283926e47295','ex','Aut magnam sed omnis iste a corrupti.',43,7,'1991-06-19 07:57:09','2011-08-31 07:19:30'),(44,'e2dd607c-bb95-11eb-98fb-283926e47295','numquam','A ducimus id minima et nihil.',44,8,'2007-02-04 15:53:03','2015-04-01 13:51:49'),(45,'e2de58c9-bb95-11eb-98fb-283926e47295','aut','Quia voluptatibus expedita molestiae placeat.',45,9,'2007-11-04 10:47:29','2001-07-22 06:42:39'),(46,'e2df6c7f-bb95-11eb-98fb-283926e47295','tempora','Rerum nam autem et adipisci.',46,10,'2020-11-19 05:14:57','2012-07-08 06:58:06'),(47,'e2e1601b-bb95-11eb-98fb-283926e47295','officiis','Ipsum distinctio occaecati molestias et nemo eaque porro.',47,11,'1979-09-26 15:58:28','2006-02-22 14:27:00'),(48,'e2e31e54-bb95-11eb-98fb-283926e47295','consequatur','Neque dolores rem dolores eos doloribus sunt maiores.',48,12,'1980-12-29 01:11:38','1976-10-09 21:26:16'),(49,'e2e46099-bb95-11eb-98fb-283926e47295','voluptatem','Porro suscipit quaerat libero laborum.',49,1,'1985-01-13 16:29:51','2006-10-13 03:48:10'),(50,'e2e59f19-bb95-11eb-98fb-283926e47295','harum','Voluptates dolorem est nulla.',50,2,'1980-06-24 13:34:05','2016-05-20 20:54:36'),(51,'e2e6d361-bb95-11eb-98fb-283926e47295','qui','Eveniet aut fugiat nobis dolores pariatur reiciendis.',51,3,'2006-03-03 06:32:19','1991-12-05 17:36:01'),(52,'e2e8192c-bb95-11eb-98fb-283926e47295','doloremque','Magni et et aut.',52,4,'1987-06-22 13:40:28','1991-08-08 23:10:37'),(53,'e2e923bf-bb95-11eb-98fb-283926e47295','labore','Dolore rerum assumenda corporis sit.',53,5,'1973-07-08 23:01:03','2016-10-16 08:17:31'),(54,'e2e9dabf-bb95-11eb-98fb-283926e47295','deleniti','Qui ea sint mollitia delectus et laborum ea.',54,6,'2019-09-04 16:02:07','1983-09-01 23:16:32'),(55,'e2eaaba8-bb95-11eb-98fb-283926e47295','quod','Alias maiores at dolorum enim animi natus.',55,7,'2008-01-11 11:23:57','2018-09-23 08:33:02'),(56,'e2eb93ad-bb95-11eb-98fb-283926e47295','et','Ut harum mollitia modi eaque.',56,8,'2009-05-06 23:05:35','1970-04-08 15:57:03'),(57,'e2ec691b-bb95-11eb-98fb-283926e47295','tempora','Sed corrupti accusantium magnam est.',57,9,'1987-04-15 06:56:26','1971-09-27 22:17:09'),(58,'e2ed5dd9-bb95-11eb-98fb-283926e47295','deserunt','Commodi quae corrupti eos.',58,10,'1993-10-23 06:01:46','1976-05-17 02:26:36'),(59,'e2ee43c0-bb95-11eb-98fb-283926e47295','eius','Asperiores velit necessitatibus enim.',59,11,'1986-05-03 17:40:43','2018-02-20 03:00:34'),(60,'e2ef33a6-bb95-11eb-98fb-283926e47295','minus','Aperiam a id itaque et quia eligendi sint.',60,12,'1991-12-26 04:28:14','2004-12-24 06:33:47'),(61,'e2f000a1-bb95-11eb-98fb-283926e47295','beatae','Excepturi in ut occaecati non.',61,1,'1991-08-14 18:08:15','1993-11-11 12:44:17'),(62,'e2f0d71e-bb95-11eb-98fb-283926e47295','voluptatem','Voluptates deleniti dolores hic deserunt non ut illo.',62,2,'1971-05-27 10:55:40','1981-04-25 19:55:49'),(63,'e2f1d460-bb95-11eb-98fb-283926e47295','magni','Pariatur vero error accusantium dolorem.',63,3,'1999-08-13 00:00:27','2016-11-13 20:19:00'),(64,'e2f2c43f-bb95-11eb-98fb-283926e47295','blanditiis','Velit eligendi illum placeat aut aut et.',64,4,'1992-05-23 17:28:53','2006-11-19 05:16:17'),(65,'e2f394f8-bb95-11eb-98fb-283926e47295','ipsum','Dolore perferendis nulla itaque ipsum aspernatur et.',65,5,'1972-10-26 17:43:06','2018-03-19 17:58:14'),(66,'e2f46031-bb95-11eb-98fb-283926e47295','et','Nihil id ratione doloribus est perspiciatis facilis eum.',66,6,'2017-05-24 20:26:49','1977-02-09 08:26:38'),(67,'e2f53055-bb95-11eb-98fb-283926e47295','debitis','Saepe architecto quae corporis quos.',67,7,'1997-05-06 04:49:57','2010-01-14 04:54:03'),(68,'e2f640cc-bb95-11eb-98fb-283926e47295','nihil','Quo sapiente qui ab eum quis dolor.',68,8,'1992-02-29 15:58:34','2015-02-26 16:59:09'),(69,'e2f72e37-bb95-11eb-98fb-283926e47295','voluptas','Praesentium maxime quo itaque recusandae.',69,9,'1984-12-26 00:22:43','2015-02-05 23:22:03'),(70,'e2f7e020-bb95-11eb-98fb-283926e47295','magnam','Sit error inventore inventore quae voluptatem.',70,10,'1984-03-28 06:44:54','1981-07-03 13:26:19'),(71,'e2f8d5b1-bb95-11eb-98fb-283926e47295','error','Et dolores dolor eum est nostrum.',71,11,'2003-10-12 09:40:16','2005-07-27 22:48:24'),(72,'e2f99f6b-bb95-11eb-98fb-283926e47295','non','Adipisci eveniet atque ratione eos.',72,12,'1978-11-14 03:29:32','2006-12-31 12:10:08'),(73,'e2fa6bf1-bb95-11eb-98fb-283926e47295','sint','Hic odio laboriosam qui quibusdam.',73,1,'2001-09-09 07:11:06','2007-12-13 02:57:18'),(74,'e2fb98ac-bb95-11eb-98fb-283926e47295','vel','Porro ut consectetur impedit adipisci consequatur ad amet eius.',74,2,'2008-01-14 06:53:53','2000-07-23 10:37:12'),(75,'e2fc8df6-bb95-11eb-98fb-283926e47295','ea','Qui iste nesciunt aliquid nulla.',75,3,'1980-03-16 18:59:46','1981-06-17 09:27:43'),(76,'e2fd67a9-bb95-11eb-98fb-283926e47295','ipsum','Cumque libero aliquam voluptatibus fugiat quae.',76,4,'1990-01-12 10:03:36','1989-03-29 19:25:45'),(77,'e2fe3f9e-bb95-11eb-98fb-283926e47295','aliquid','Numquam distinctio natus sit molestiae excepturi quas est.',77,5,'1986-05-10 07:21:41','1996-05-25 07:45:10'),(78,'e2ff0140-bb95-11eb-98fb-283926e47295','dolorem','Vitae quas nobis et corporis accusamus.',78,6,'1974-10-09 16:50:32','1976-04-23 20:23:49'),(79,'e2ffce0e-bb95-11eb-98fb-283926e47295','dolor','Sunt accusantium dolorem praesentium autem.',79,7,'1974-04-27 11:27:17','2006-10-05 17:19:08'),(80,'e300a10a-bb95-11eb-98fb-283926e47295','voluptatum','Sunt voluptatum adipisci molestiae modi repellat possimus ut.',80,8,'1975-01-03 10:37:23','1997-12-29 08:53:10'),(81,'e301649d-bb95-11eb-98fb-283926e47295','incidunt','Voluptas omnis ipsam voluptatem.',81,9,'1974-12-21 08:10:58','1982-03-06 16:18:01'),(82,'e3023b1f-bb95-11eb-98fb-283926e47295','ducimus','Autem expedita ea delectus vitae quia.',82,10,'2011-03-05 16:09:06','1974-04-09 07:56:12'),(83,'e30334e0-bb95-11eb-98fb-283926e47295','sint','Et quia porro enim odio.',83,11,'1985-03-01 12:40:17','1988-06-23 06:47:07'),(84,'e303ed22-bb95-11eb-98fb-283926e47295','sit','Quia eius repudiandae non est assumenda.',84,12,'2008-12-20 07:46:25','2009-02-26 16:32:11'),(85,'e304bc8d-bb95-11eb-98fb-283926e47295','et','Nostrum consequuntur esse necessitatibus cum non blanditiis.',85,1,'2012-08-15 18:35:23','1989-03-07 09:59:48'),(86,'e305d6ae-bb95-11eb-98fb-283926e47295','aspernatur','Exercitationem exercitationem aperiam ut tenetur facilis.',86,2,'1989-09-15 10:53:46','1996-03-27 18:17:29'),(87,'e306a273-bb95-11eb-98fb-283926e47295','aut','Voluptas perferendis explicabo corrupti nihil voluptates.',87,3,'1999-12-23 20:43:45','1973-12-20 13:38:10'),(88,'e307841a-bb95-11eb-98fb-283926e47295','architecto','Distinctio et reiciendis reprehenderit in.',88,4,'2018-01-18 05:58:04','1986-10-26 00:40:58'),(89,'e3087688-bb95-11eb-98fb-283926e47295','ea','Tempore ut dolores sint quae earum.',89,5,'1996-07-27 00:25:30','1990-02-18 16:39:44'),(90,'e3096a0d-bb95-11eb-98fb-283926e47295','voluptatem','Quia facilis officia porro et est.',90,6,'2010-07-25 15:47:16','2010-12-01 15:24:29'),(91,'e30a294e-bb95-11eb-98fb-283926e47295','corporis','Ut debitis illum quos autem quo.',91,7,'2013-02-22 05:01:13','1976-01-25 14:53:24'),(92,'e30ad18e-bb95-11eb-98fb-283926e47295','sed','Rerum similique atque saepe provident.',92,8,'2015-09-08 22:32:56','1982-10-15 05:04:38'),(93,'e30bb678-bb95-11eb-98fb-283926e47295','non','Et repellat animi id fuga eos sunt perspiciatis.',93,9,'2008-01-06 04:18:44','1995-04-11 21:08:35'),(94,'e30ca13b-bb95-11eb-98fb-283926e47295','animi','Ratione id in placeat porro nisi.',94,10,'1993-10-19 22:40:09','2021-05-14 09:21:22'),(95,'e30db4e6-bb95-11eb-98fb-283926e47295','quod','Recusandae eos totam natus omnis odit magni.',95,11,'2015-01-07 12:05:22','1988-09-25 19:27:22'),(96,'e30ee5d2-bb95-11eb-98fb-283926e47295','qui','Pariatur reiciendis nesciunt quia aut consequatur assumenda.',96,12,'2008-10-02 00:24:26','2011-07-06 20:27:05'),(97,'e30fc75c-bb95-11eb-98fb-283926e47295','et','Excepturi ullam fuga commodi sed soluta.',97,1,'2000-03-23 14:40:47','1998-10-20 09:28:24'),(98,'e310beb1-bb95-11eb-98fb-283926e47295','eos','Officiis eum ex commodi sunt veniam dolores.',98,2,'1974-10-03 07:14:37','1999-01-08 19:18:08'),(99,'e3119276-bb95-11eb-98fb-283926e47295','quos','Ea praesentium aut non eum.',99,3,'2013-09-10 04:11:04','1978-08-19 12:46:17'),(100,'e3127891-bb95-11eb-98fb-283926e47295','qui','Sapiente asperiores et in enim nihil ut eaque porro.',100,4,'2004-09-05 01:56:46','1985-06-21 07:17:10'),(101,'e313580a-bb95-11eb-98fb-283926e47295','rerum','Culpa eligendi voluptatum et voluptas rerum sed temporibus.',1,5,'1984-01-31 05:54:00','2011-03-12 09:46:47'),(102,'e314a5ba-bb95-11eb-98fb-283926e47295','est','Eum aut sit nisi ut totam non quae.',2,6,'1970-07-11 15:49:40','2020-04-07 04:58:03'),(103,'e315acb7-bb95-11eb-98fb-283926e47295','beatae','Voluptates a necessitatibus fuga quam.',3,7,'2010-12-31 09:31:31','1997-10-01 17:11:34'),(104,'e3167bb0-bb95-11eb-98fb-283926e47295','aut','Et sed reprehenderit deleniti sint.',4,8,'1985-04-21 06:11:13','2020-03-18 07:45:58'),(105,'e317700b-bb95-11eb-98fb-283926e47295','voluptas','Autem nostrum distinctio quibusdam necessitatibus.',5,9,'2010-07-20 23:05:29','2015-07-31 07:56:10'),(106,'e3183d37-bb95-11eb-98fb-283926e47295','inventore','Harum rerum quia explicabo unde earum molestiae labore labore.',6,10,'1975-02-23 14:37:21','1974-01-20 09:11:28'),(107,'e3190f94-bb95-11eb-98fb-283926e47295','quod','Soluta aperiam qui vel.',7,11,'1987-06-06 08:26:30','2017-01-19 01:43:06'),(108,'e319df44-bb95-11eb-98fb-283926e47295','dolores','Laborum laborum laborum ab.',8,12,'1992-01-21 15:28:12','1989-11-27 17:10:02'),(109,'e31aa9c0-bb95-11eb-98fb-283926e47295','maxime','Cumque laudantium qui aut totam aut incidunt alias et.',9,1,'1984-12-15 00:56:24','1982-08-27 12:18:25'),(110,'e31ca34a-bb95-11eb-98fb-283926e47295','voluptatibus','Accusantium maxime reiciendis autem.',10,2,'1995-09-24 03:47:49','2002-02-04 14:07:02'),(111,'e31d6fa7-bb95-11eb-98fb-283926e47295','dolorum','Rem perferendis aut officia perferendis.',11,3,'1998-10-08 13:57:19','1999-06-23 16:08:19'),(112,'e31e21cb-bb95-11eb-98fb-283926e47295','sed','Aut velit qui minus eveniet aliquam quia.',12,4,'1979-03-22 18:39:25','1994-05-01 19:10:51'),(113,'e31ed7f3-bb95-11eb-98fb-283926e47295','dignissimos','Voluptas accusamus soluta beatae aut ad.',13,5,'1995-04-28 00:39:25','1988-05-09 12:46:16'),(114,'e31fa773-bb95-11eb-98fb-283926e47295','qui','Dolorum ex soluta dolor aut.',14,6,'1986-09-18 19:05:38','2005-06-24 03:52:54'),(115,'e320871d-bb95-11eb-98fb-283926e47295','a','Ratione totam et illo sit voluptatem ullam ab.',15,7,'2005-06-02 08:08:10','1976-09-21 00:55:46'),(116,'e32178e8-bb95-11eb-98fb-283926e47295','earum','Voluptatum quas rerum natus consectetur dignissimos hic quis.',16,8,'1979-12-17 09:37:16','1996-10-07 01:48:47'),(117,'e3227b88-bb95-11eb-98fb-283926e47295','qui','Consequatur vel consequatur laborum.',17,9,'2008-07-30 19:36:20','2002-12-09 04:57:34'),(118,'e323bed2-bb95-11eb-98fb-283926e47295','quos','Pariatur accusamus illo odit natus unde cupiditate.',18,10,'1994-09-22 07:23:45','1985-02-16 17:02:38'),(119,'e324fdb8-bb95-11eb-98fb-283926e47295','et','Beatae est mollitia dignissimos at.',19,11,'1986-08-20 01:17:50','1994-01-14 03:52:54'),(120,'e325ad0f-bb95-11eb-98fb-283926e47295','nobis','Qui autem dolore sit illo sapiente doloremque qui.',20,12,'2010-12-10 00:33:59','2010-11-26 00:28:16'),(121,'e32699cf-bb95-11eb-98fb-283926e47295','voluptatum','Quia eum est eligendi repudiandae.',21,1,'2011-06-14 19:29:30','1981-09-07 23:03:03'),(122,'e3276c80-bb95-11eb-98fb-283926e47295','non','Ea atque reiciendis delectus.',22,2,'2001-01-26 23:40:49','2013-01-21 07:20:18'),(123,'e328199d-bb95-11eb-98fb-283926e47295','tempore','Soluta soluta odit culpa.',23,3,'2012-08-26 05:54:10','1994-04-13 04:01:42'),(124,'e328db4a-bb95-11eb-98fb-283926e47295','cum','At deleniti aperiam voluptatem nihil.',24,4,'2018-12-26 21:50:03','1988-09-01 04:09:28'),(125,'e329a5ed-bb95-11eb-98fb-283926e47295','est','Qui est nisi ipsam optio.',25,5,'1997-11-11 19:44:25','1996-05-10 04:58:42'),(126,'e32a5b56-bb95-11eb-98fb-283926e47295','sequi','Voluptatum facere fugit perspiciatis tempore.',26,6,'1992-03-02 11:04:09','2020-03-26 17:09:43'),(127,'e32b4574-bb95-11eb-98fb-283926e47295','architecto','Omnis voluptate saepe ut inventore alias similique fuga.',27,7,'1973-02-15 08:29:25','2010-06-14 03:01:25'),(128,'e32c4299-bb95-11eb-98fb-283926e47295','blanditiis','Eum eius incidunt nihil quae.',28,8,'2003-04-08 01:18:49','2013-03-09 16:09:30'),(129,'e32d0456-bb95-11eb-98fb-283926e47295','occaecati','Non ipsam nobis amet reprehenderit harum itaque.',29,9,'1980-12-23 16:12:10','1998-12-12 21:27:11'),(130,'e32dd7ed-bb95-11eb-98fb-283926e47295','repellat','Officia vel assumenda blanditiis ut saepe ipsam expedita.',30,10,'1989-09-04 15:31:35','2012-04-07 20:48:34'),(131,'e32eada7-bb95-11eb-98fb-283926e47295','odio','Similique aut voluptas nemo et nostrum consequatur animi magnam.',31,11,'1984-12-25 19:41:09','1978-10-04 00:11:51'),(132,'e32f949a-bb95-11eb-98fb-283926e47295','voluptas','Sunt ex expedita qui voluptatem est.',32,12,'1989-02-01 10:56:16','1987-08-25 13:31:55'),(133,'e330f3a9-bb95-11eb-98fb-283926e47295','ipsum','Commodi ad quod molestiae aliquam ut non.',33,1,'2003-04-21 06:36:31','1994-12-27 12:30:24'),(134,'e331917a-bb95-11eb-98fb-283926e47295','velit','Explicabo enim labore rerum velit occaecati quae dignissimos.',34,2,'1982-05-31 09:01:27','1999-12-02 07:38:30'),(135,'e3325e82-bb95-11eb-98fb-283926e47295','aut','Eius iusto commodi sit hic inventore voluptas sit.',35,3,'1979-03-18 01:15:33','2016-01-11 16:42:18'),(136,'e332fdd0-bb95-11eb-98fb-283926e47295','rerum','Pariatur odit quis delectus dolore ducimus dolorem enim.',36,4,'1970-11-14 14:29:05','2011-08-27 04:00:18'),(137,'e333c323-bb95-11eb-98fb-283926e47295','quia','Temporibus dolores vero nisi.',37,5,'1975-07-05 20:18:06','1984-01-28 00:57:58'),(138,'e3349dda-bb95-11eb-98fb-283926e47295','maxime','Et optio ratione nam recusandae.',38,6,'1992-04-25 19:13:38','1991-07-24 22:26:00'),(139,'e335f71e-bb95-11eb-98fb-283926e47295','quia','Quo iure quae ea praesentium.',39,7,'2020-12-13 12:50:48','2013-11-10 11:10:41'),(140,'e336cb89-bb95-11eb-98fb-283926e47295','ipsum','Voluptate eum dolorem fugit ab repellendus esse.',40,8,'1997-08-29 21:28:59','1981-06-06 05:38:29'),(141,'e337a532-bb95-11eb-98fb-283926e47295','voluptatem','Perspiciatis officia officia culpa iste iusto praesentium.',41,9,'2009-10-28 17:02:49','1999-02-20 14:33:54'),(142,'e338828c-bb95-11eb-98fb-283926e47295','rem','Earum debitis exercitationem alias voluptatem omnis iure odio exercitationem.',42,10,'2003-07-04 23:39:07','1990-05-05 01:49:06'),(143,'e339575e-bb95-11eb-98fb-283926e47295','tempora','Praesentium omnis reprehenderit tempore sunt ea perspiciatis cumque.',43,11,'1992-08-29 02:55:33','1973-01-21 23:33:59'),(144,'e33a41b3-bb95-11eb-98fb-283926e47295','nulla','Totam provident aut veritatis dolor esse.',44,12,'2012-10-09 03:44:05','1984-07-03 12:58:04'),(145,'e33b3cf0-bb95-11eb-98fb-283926e47295','nesciunt','Maiores veritatis ipsa id quis.',45,1,'1994-03-11 15:27:19','1975-09-28 11:28:13'),(146,'e33c10f0-bb95-11eb-98fb-283926e47295','qui','Harum delectus praesentium deleniti exercitationem quidem aliquid et.',46,2,'1971-04-24 08:56:55','1979-12-30 10:07:27'),(147,'e33ccb83-bb95-11eb-98fb-283926e47295','quaerat','Maxime ut hic tenetur suscipit provident ut est.',47,3,'1970-07-05 18:21:28','2020-09-12 19:19:31'),(148,'e33d6ed0-bb95-11eb-98fb-283926e47295','in','Cum neque molestiae non est aut.',48,4,'1980-10-17 05:18:33','1981-12-23 16:03:43'),(149,'e33e2a7e-bb95-11eb-98fb-283926e47295','in','Vitae qui labore veniam qui et.',49,5,'2020-06-05 10:16:02','1975-07-10 13:34:40'),(150,'e33f78c9-bb95-11eb-98fb-283926e47295','dicta','Ut amet veritatis dolor in.',50,6,'1978-03-27 12:05:53','1983-05-10 07:51:19'),(151,'e3406570-bb95-11eb-98fb-283926e47295','temporibus','Id excepturi et vel inventore vitae voluptates.',51,7,'2009-09-04 11:02:43','1993-02-13 09:01:10'),(152,'e341488e-bb95-11eb-98fb-283926e47295','nulla','Accusantium optio eveniet odio est ab.',52,8,'1987-09-29 14:59:37','1970-10-21 16:37:33'),(153,'e34238d5-bb95-11eb-98fb-283926e47295','iure','Harum cupiditate tempora sit deleniti veniam.',53,9,'2012-03-24 12:28:40','1985-06-10 08:31:13'),(154,'e342fc71-bb95-11eb-98fb-283926e47295','nulla','Similique voluptatibus voluptatum dolores modi qui.',54,10,'1976-10-02 23:24:56','1978-05-29 05:03:57'),(155,'e343dd2b-bb95-11eb-98fb-283926e47295','veritatis','Odio magni voluptates et.',55,11,'1980-01-28 03:03:01','1975-04-05 00:35:54'),(156,'e344b931-bb95-11eb-98fb-283926e47295','qui','Et quia ullam quia.',56,12,'2016-01-27 14:21:19','1976-01-17 02:26:27'),(157,'e345c7f3-bb95-11eb-98fb-283926e47295','ut','Deleniti officia soluta officia dolores id ut cumque sapiente.',57,1,'1973-10-27 00:00:24','1971-10-01 15:22:45'),(158,'e346746f-bb95-11eb-98fb-283926e47295','aut','Vel debitis nisi voluptate quis.',58,2,'2017-02-17 00:57:10','2016-01-23 13:11:21'),(159,'e3473816-bb95-11eb-98fb-283926e47295','molestiae','Debitis voluptas ut aperiam aperiam.',59,3,'1984-11-01 14:10:07','1973-02-06 21:15:32'),(160,'e347e5a2-bb95-11eb-98fb-283926e47295','recusandae','Neque voluptatum ipsum odit consequatur provident quia.',60,4,'2006-02-11 09:49:10','2012-11-06 06:02:21'),(161,'e348b91a-bb95-11eb-98fb-283926e47295','ut','Maiores consequatur iusto et ipsum provident dolores.',61,5,'1985-10-01 01:34:33','2010-04-05 13:13:13'),(162,'e349b8cd-bb95-11eb-98fb-283926e47295','architecto','Amet impedit consequatur iusto quo natus.',62,6,'1986-08-01 21:22:53','2002-07-17 12:24:55'),(163,'e34aa1e7-bb95-11eb-98fb-283926e47295','et','Distinctio quisquam ea placeat voluptas esse magnam officia.',63,7,'1981-11-22 11:40:35','2020-05-24 12:18:27'),(164,'e34c18d8-bb95-11eb-98fb-283926e47295','quibusdam','Adipisci dolor minus quas doloremque officiis aut non aut.',64,8,'1983-03-14 14:47:40','2013-01-17 20:46:30'),(165,'e34d0265-bb95-11eb-98fb-283926e47295','sed','Delectus consectetur eos non voluptatibus.',65,9,'1983-10-11 07:22:39','1989-10-24 06:36:14'),(166,'e34df944-bb95-11eb-98fb-283926e47295','aut','Deleniti temporibus fugit quo est tempora est.',66,10,'1988-05-20 19:24:05','1974-01-16 13:57:31'),(167,'e34ee5e2-bb95-11eb-98fb-283926e47295','animi','Ad nobis ad repellat ipsum et aut.',67,11,'2003-08-04 09:19:08','2005-06-05 16:34:47'),(168,'e34fec08-bb95-11eb-98fb-283926e47295','neque','Aliquam dicta ducimus id rerum blanditiis ut qui.',68,12,'1976-12-19 18:54:12','1995-03-28 21:18:45'),(169,'e350e1df-bb95-11eb-98fb-283926e47295','sint','A est perferendis est maxime.',69,1,'1985-01-18 05:50:06','2019-01-12 14:05:28'),(170,'e351c006-bb95-11eb-98fb-283926e47295','et','Nostrum et hic occaecati et nam eum voluptas.',70,2,'1996-10-11 23:58:05','1997-04-25 22:36:38'),(171,'e352a7a0-bb95-11eb-98fb-283926e47295','ducimus','Fuga exercitationem neque sit et animi.',71,3,'2015-03-04 18:13:35','1985-10-11 03:14:23'),(172,'e3537666-bb95-11eb-98fb-283926e47295','aspernatur','Aperiam similique dicta tempora ut.',72,4,'1974-05-31 18:38:44','1998-10-19 19:54:38'),(173,'e35452a1-bb95-11eb-98fb-283926e47295','sequi','Sed voluptatem voluptatibus repellendus sed iure qui sed.',73,5,'1986-08-18 08:08:42','2008-04-09 01:46:45'),(174,'e355517f-bb95-11eb-98fb-283926e47295','illo','Debitis occaecati non aliquid perspiciatis.',74,6,'2019-01-30 19:57:22','1977-06-01 09:33:07'),(175,'e35637ac-bb95-11eb-98fb-283926e47295','voluptatem','Laboriosam voluptate et necessitatibus aspernatur.',75,7,'1973-02-09 06:30:31','2008-02-13 05:17:40'),(176,'e3570424-bb95-11eb-98fb-283926e47295','rerum','Unde inventore enim itaque ratione quibusdam fugiat.',76,8,'2012-11-13 08:04:50','1991-10-13 06:59:00'),(177,'e357d4e8-bb95-11eb-98fb-283926e47295','eaque','Porro illum in optio sed qui.',77,9,'2004-07-13 09:24:29','1984-06-02 10:55:25'),(178,'e358b35d-bb95-11eb-98fb-283926e47295','id','Voluptatibus est nihil eligendi velit in quia non.',78,10,'2003-01-13 05:51:43','2008-08-27 08:16:08'),(179,'e3599171-bb95-11eb-98fb-283926e47295','voluptas','Et et delectus totam pariatur.',79,11,'1986-07-31 15:25:12','1998-09-11 08:54:36'),(180,'e35aac98-bb95-11eb-98fb-283926e47295','quia','Laboriosam doloribus commodi non ut enim sunt.',80,12,'2019-05-14 23:13:22','1995-06-27 21:21:56'),(181,'e35b61e6-bb95-11eb-98fb-283926e47295','cupiditate','Vel vero eius quia.',81,1,'1971-02-20 14:06:00','1993-07-22 03:56:50'),(182,'e35c47d9-bb95-11eb-98fb-283926e47295','nihil','Quae et dicta dolor facere voluptatem et.',82,2,'1982-08-31 20:23:49','1988-01-10 02:54:43'),(183,'e35d27e8-bb95-11eb-98fb-283926e47295','officiis','Optio odit soluta ducimus placeat quae dolores.',83,3,'2007-12-02 22:02:16','2006-11-15 22:03:36'),(184,'e35e07ee-bb95-11eb-98fb-283926e47295','vel','Cum atque saepe commodi cupiditate numquam.',84,4,'2001-12-04 07:42:25','2015-04-29 09:14:34'),(185,'e35ee746-bb95-11eb-98fb-283926e47295','totam','Alias dolore omnis eius dolor suscipit.',85,5,'1980-09-10 14:43:19','1999-04-21 14:09:33'),(186,'e35fe390-bb95-11eb-98fb-283926e47295','ut','Perferendis adipisci sit tempora ad consequatur enim ut distinctio.',86,6,'1977-08-02 00:43:16','1986-09-30 19:14:45'),(187,'e360a9ee-bb95-11eb-98fb-283926e47295','ea','Fugiat est sequi cupiditate est corrupti doloribus quia qui.',87,7,'2002-07-07 08:25:47','1987-10-05 17:48:44'),(188,'e3617562-bb95-11eb-98fb-283926e47295','repellat','Deleniti asperiores est ex et maiores aliquam qui vel.',88,8,'1980-02-19 23:36:36','1986-09-12 04:58:51'),(189,'e3624800-bb95-11eb-98fb-283926e47295','voluptatibus','Harum ut corrupti fuga corporis.',89,9,'2001-11-23 23:47:53','1985-06-14 11:16:09'),(190,'e3634b10-bb95-11eb-98fb-283926e47295','quo','Recusandae qui modi neque corrupti hic.',90,10,'1979-01-02 02:05:15','1988-08-31 13:51:45'),(191,'e36419fc-bb95-11eb-98fb-283926e47295','odio','Inventore animi eaque dolorum et.',91,11,'2016-08-09 21:34:02','1982-07-06 17:36:00'),(192,'e3655fd5-bb95-11eb-98fb-283926e47295','culpa','Laborum quas praesentium adipisci possimus quo laboriosam ex.',92,12,'1994-09-04 06:40:48','1973-02-19 15:01:16'),(193,'e3662449-bb95-11eb-98fb-283926e47295','et','Quod est nobis nemo iste sed fugiat pariatur.',93,1,'1973-09-14 01:15:10','1991-11-05 08:08:11'),(194,'e366da62-bb95-11eb-98fb-283926e47295','consequuntur','Doloribus officia aut consequatur iste corporis ipsum molestias qui.',94,2,'2016-11-19 17:39:17','1986-03-15 15:49:40'),(195,'e36796d8-bb95-11eb-98fb-283926e47295','ea','Repellendus fugit eligendi qui dolorem error quasi.',95,3,'2003-11-02 00:47:45','2020-10-04 15:55:51'),(196,'e3686337-bb95-11eb-98fb-283926e47295','velit','Est mollitia consequatur molestiae eaque.',96,4,'2012-01-16 07:02:10','2001-07-29 11:07:58'),(197,'e3693897-bb95-11eb-98fb-283926e47295','ut','Sit porro debitis harum iste nobis.',97,5,'2015-08-28 05:43:47','1985-11-23 14:52:29'),(198,'e36a2860-bb95-11eb-98fb-283926e47295','laborum','Non ipsam quae qui.',98,6,'1983-09-12 05:49:21','2020-04-21 16:31:01'),(199,'e36aeacf-bb95-11eb-98fb-283926e47295','repellat','Fugiat quos occaecati quia est.',99,7,'2003-05-29 09:20:16','2016-10-10 00:55:19'),(200,'e36b977d-bb95-11eb-98fb-283926e47295','voluptatem','Iste nulla quidem vitae iusto.',100,8,'2008-12-27 11:22:34','1987-06-20 18:47:06'),(201,'e36c59e0-bb95-11eb-98fb-283926e47295','unde','Deleniti est totam blanditiis quia aliquam adipisci.',1,9,'1972-02-20 13:54:39','1970-08-27 06:33:33'),(202,'e36d0719-bb95-11eb-98fb-283926e47295','voluptate','Quibusdam error asperiores sit et molestiae minus sed.',2,10,'1975-10-31 13:02:29','2016-02-24 13:30:18'),(203,'e36dc8b0-bb95-11eb-98fb-283926e47295','quis','Hic ut ipsum consequatur aut autem eaque.',3,11,'2006-10-03 20:41:43','1995-06-03 08:49:56'),(204,'e36eb626-bb95-11eb-98fb-283926e47295','cumque','Nulla odio qui sed et culpa dolorum consequatur.',4,12,'1988-12-04 01:10:12','1981-01-21 00:54:13'),(205,'e36f8453-bb95-11eb-98fb-283926e47295','eum','Qui et et adipisci harum.',5,1,'2020-03-13 13:42:28','2002-09-26 22:48:05'),(206,'e3707dba-bb95-11eb-98fb-283926e47295','ab','Sit tempora sunt eos harum in ut quia dolorem.',6,2,'1997-03-22 19:18:27','2002-11-24 21:51:02'),(207,'e3716919-bb95-11eb-98fb-283926e47295','eum','Ad libero et dignissimos laudantium.',7,3,'2002-06-01 17:52:20','2020-10-14 22:44:57'),(208,'e372470e-bb95-11eb-98fb-283926e47295','est','Voluptas illum velit consequuntur enim.',8,4,'1971-05-08 03:05:48','1989-11-26 05:21:58'),(209,'e3733d96-bb95-11eb-98fb-283926e47295','veritatis','Autem corrupti quod tempore dolorem aliquid consectetur aliquid.',9,5,'1973-02-07 00:18:21','1992-05-14 03:31:32'),(210,'e37460d0-bb95-11eb-98fb-283926e47295','sunt','Eveniet laboriosam non autem labore et quos aspernatur perferendis.',10,6,'1974-01-14 08:37:15','1974-09-05 06:27:27'),(211,'e37526c7-bb95-11eb-98fb-283926e47295','eum','A dolor atque quam quia.',11,7,'1973-01-20 09:49:37','2003-04-30 18:53:31'),(212,'e375f4b2-bb95-11eb-98fb-283926e47295','optio','Nostrum in quo ducimus magni qui.',12,8,'1994-06-06 18:12:26','1978-05-14 00:05:52'),(213,'e376e747-bb95-11eb-98fb-283926e47295','minus','Reiciendis earum eos voluptas deleniti reiciendis quia.',13,9,'2009-02-20 04:17:31','1983-01-24 03:19:43'),(214,'e377f196-bb95-11eb-98fb-283926e47295','temporibus','Quisquam odio unde consequatur quo accusantium enim impedit doloribus.',14,10,'2019-08-16 23:06:29','2007-07-31 02:05:24'),(215,'e37994e1-bb95-11eb-98fb-283926e47295','mollitia','Ut omnis quisquam mollitia hic.',15,11,'1987-02-04 21:21:37','1988-03-20 16:18:48'),(216,'e37a75f9-bb95-11eb-98fb-283926e47295','nihil','Minima laboriosam maiores in.',16,12,'1977-02-05 20:09:49','1974-01-19 18:55:12'),(217,'e37b400c-bb95-11eb-98fb-283926e47295','officia','Natus veniam sed et sed minus.',17,1,'1970-08-10 17:54:24','1971-10-26 07:37:30'),(218,'e37c1696-bb95-11eb-98fb-283926e47295','sapiente','Blanditiis quasi dignissimos numquam non dolor consectetur corrupti.',18,2,'1997-08-25 06:10:01','1998-10-26 07:46:22'),(219,'e37ccd1d-bb95-11eb-98fb-283926e47295','aut','Rem consequuntur autem at inventore sed quia neque.',19,3,'1991-12-16 11:13:03','2000-08-24 14:36:55'),(220,'e37da0a9-bb95-11eb-98fb-283926e47295','error','Nostrum error recusandae optio sed molestias consequatur.',20,4,'2018-01-02 12:32:33','1985-03-07 22:05:56'),(221,'e37ed492-bb95-11eb-98fb-283926e47295','dolores','Voluptatum eaque architecto quo debitis provident molestiae voluptas.',21,5,'2002-03-18 22:48:55','2000-05-27 11:44:27'),(222,'e37feac5-bb95-11eb-98fb-283926e47295','illum','Totam enim perferendis et cupiditate quo omnis nobis.',22,6,'1980-12-18 05:37:45','2000-06-23 14:36:49'),(223,'e3809816-bb95-11eb-98fb-283926e47295','error','Impedit inventore consequatur ducimus iure.',23,7,'2005-06-16 01:55:03','1976-03-13 14:36:45'),(224,'e3814f22-bb95-11eb-98fb-283926e47295','accusantium','Ex voluptatibus velit facere vero unde.',24,8,'1992-02-03 04:54:22','1987-08-13 00:19:53'),(225,'e38222ea-bb95-11eb-98fb-283926e47295','harum','Laboriosam porro et atque.',25,9,'1987-09-19 22:13:12','1975-12-18 03:04:25'),(226,'e38311fb-bb95-11eb-98fb-283926e47295','dolores','Nihil odio exercitationem enim dolorem velit.',26,10,'2008-07-22 08:42:13','1991-11-05 11:30:59'),(227,'e383f9e4-bb95-11eb-98fb-283926e47295','et','Adipisci est voluptas sit eos maxime eligendi.',27,11,'1987-03-30 00:10:08','1992-09-26 17:13:25'),(228,'e384f0fc-bb95-11eb-98fb-283926e47295','asperiores','Veniam et qui dolorem quis.',28,12,'1988-11-14 18:06:38','2001-07-02 23:51:46'),(229,'e385e6a0-bb95-11eb-98fb-283926e47295','qui','Amet voluptates sit molestiae sunt eum debitis facilis.',29,1,'1972-09-14 09:33:56','1986-12-05 20:33:02'),(230,'e386d195-bb95-11eb-98fb-283926e47295','aperiam','Corrupti nesciunt sed soluta quis.',30,2,'1974-05-25 01:21:35','1997-09-21 00:37:24'),(231,'e387a8b9-bb95-11eb-98fb-283926e47295','eum','Et officiis inventore sunt illum.',31,3,'2018-05-14 15:14:38','2014-09-06 12:24:40'),(232,'e388b1dd-bb95-11eb-98fb-283926e47295','non','Molestiae accusantium accusamus distinctio quis.',32,4,'2004-08-26 20:11:48','1971-09-07 07:56:15'),(233,'e3898517-bb95-11eb-98fb-283926e47295','hic','Ratione aut est hic aliquid ut dignissimos alias.',33,5,'1984-04-06 03:33:09','1996-01-22 01:31:13'),(234,'e38a4090-bb95-11eb-98fb-283926e47295','et','Repellat culpa sed et autem quam.',34,6,'2011-12-07 02:20:11','1975-04-27 15:39:11'),(235,'e38b034c-bb95-11eb-98fb-283926e47295','consequatur','Minus enim vel fugit id.',35,7,'1973-02-25 18:59:00','1972-12-14 15:49:17'),(236,'e38bddc5-bb95-11eb-98fb-283926e47295','sit','Nihil fuga incidunt similique cumque doloribus rerum omnis.',36,8,'2005-10-13 17:24:57','1970-03-26 07:59:27'),(237,'e38cb9bf-bb95-11eb-98fb-283926e47295','eius','Aut error deserunt omnis.',37,9,'1985-08-26 00:36:55','2014-06-10 02:24:22'),(238,'e38da45c-bb95-11eb-98fb-283926e47295','quis','Ipsam magnam repellendus quae ut sed nemo.',38,10,'1998-04-04 01:06:47','2020-06-12 05:35:28'),(239,'e38e72cd-bb95-11eb-98fb-283926e47295','hic','Et ab quas neque voluptatem dolores incidunt.',39,11,'1994-09-08 01:31:45','1989-03-02 01:06:10'),(240,'e38f963b-bb95-11eb-98fb-283926e47295','tempore','Ullam necessitatibus rerum cumque quisquam.',40,12,'2016-08-12 03:42:11','2002-02-09 15:03:53'),(241,'e3904d1e-bb95-11eb-98fb-283926e47295','earum','Inventore est earum voluptas iure voluptatibus.',41,1,'1972-09-01 03:26:13','1999-06-21 06:39:19'),(242,'e390f6e8-bb95-11eb-98fb-283926e47295','libero','Maiores ducimus deserunt ut nemo.',42,2,'2005-11-21 15:22:16','2013-06-10 12:05:10'),(243,'e391c334-bb95-11eb-98fb-283926e47295','cum','Dolorem repellendus distinctio dolorem aliquam.',43,3,'1995-05-07 00:53:09','1974-03-04 07:34:31'),(244,'e3929b6c-bb95-11eb-98fb-283926e47295','vel','Neque sunt placeat exercitationem ut magnam totam sed consequuntur.',44,4,'1984-03-14 14:06:30','2009-04-28 16:53:58'),(245,'e39380e7-bb95-11eb-98fb-283926e47295','quo','Dolorum autem laboriosam et minus molestiae corrupti repellat nulla.',45,5,'2002-11-15 04:16:24','2021-03-27 21:40:52'),(246,'e39458c1-bb95-11eb-98fb-283926e47295','ipsam','Maiores qui corrupti autem impedit dolor.',46,6,'1974-11-09 16:19:56','1998-02-12 08:04:52'),(247,'e3953cd1-bb95-11eb-98fb-283926e47295','voluptatem','Ut ea aspernatur cum.',47,7,'2006-12-17 13:54:26','2010-01-01 02:40:18'),(248,'e396311e-bb95-11eb-98fb-283926e47295','adipisci','Dignissimos pariatur ut quidem ut eum assumenda ut.',48,8,'1994-08-17 12:10:00','2021-02-06 01:03:39'),(249,'e3972684-bb95-11eb-98fb-283926e47295','officiis','Veritatis voluptatibus animi voluptatem ducimus et.',49,9,'2000-02-03 01:50:39','2007-09-07 04:59:55'),(250,'e397e421-bb95-11eb-98fb-283926e47295','magnam','Voluptates exercitationem magni dolor dolor molestiae consectetur iste.',50,10,'2000-06-08 15:15:19','1978-10-19 23:06:35'),(251,'e3989d3a-bb95-11eb-98fb-283926e47295','ea','Sit sapiente aut qui aliquam quibusdam totam.',51,11,'1994-08-17 06:32:56','2012-01-09 15:47:39'),(252,'e3996da9-bb95-11eb-98fb-283926e47295','explicabo','Voluptates quo qui perferendis natus ut quaerat adipisci.',52,12,'1983-01-24 11:04:05','1979-01-18 14:24:49'),(253,'e39a33bc-bb95-11eb-98fb-283926e47295','earum','Sit ex quia quod voluptas.',53,1,'1999-02-04 11:24:49','1975-05-22 01:32:51'),(254,'e39ad4c0-bb95-11eb-98fb-283926e47295','expedita','Cum quo praesentium ipsum debitis alias inventore quia.',54,2,'2001-08-06 16:21:02','2007-06-26 13:52:46'),(255,'e39b9aab-bb95-11eb-98fb-283926e47295','deleniti','Corporis ipsa quisquam ut consectetur consectetur sed.',55,3,'2003-10-27 02:10:40','2014-04-23 07:48:52'),(256,'e39c69f6-bb95-11eb-98fb-283926e47295','voluptatem','Est quia eos ut rem.',56,4,'2006-12-19 07:15:44','1992-01-08 10:51:00'),(257,'e39d51a5-bb95-11eb-98fb-283926e47295','nemo','Est suscipit possimus quo doloribus autem mollitia libero cum.',57,5,'2016-11-07 10:19:54','2020-02-13 13:00:35'),(258,'e39e4e02-bb95-11eb-98fb-283926e47295','ipsa','Aut asperiores odit sit ad itaque accusantium.',58,6,'2006-08-16 15:54:02','2014-06-19 04:21:22'),(259,'e39f30ab-bb95-11eb-98fb-283926e47295','omnis','Impedit omnis aut quae ratione nobis.',59,7,'2004-09-03 21:36:51','1984-07-02 03:32:05'),(260,'e3a00d41-bb95-11eb-98fb-283926e47295','consequatur','Repudiandae animi molestiae culpa et sit sit ea.',60,8,'1985-02-15 03:08:27','2002-03-24 06:27:38'),(261,'e3a0f55c-bb95-11eb-98fb-283926e47295','laborum','Odio voluptas cupiditate ipsam rerum.',61,9,'1989-02-23 16:34:28','1986-10-20 18:19:48'),(262,'e3a20f2c-bb95-11eb-98fb-283926e47295','sed','Omnis animi eaque debitis maiores impedit.',62,10,'2018-10-16 07:37:19','2007-03-11 04:54:56'),(263,'e3a2f5bc-bb95-11eb-98fb-283926e47295','vel','Atque et consequuntur laudantium alias.',63,11,'1974-10-04 21:09:06','1990-12-09 10:34:49'),(264,'e3a3ccd1-bb95-11eb-98fb-283926e47295','et','Quia sit laboriosam nemo labore.',64,12,'1974-10-01 15:12:48','1975-11-16 05:05:52'),(265,'e3a4b9d4-bb95-11eb-98fb-283926e47295','nisi','Aut illum iusto et atque dolore amet.',65,1,'1974-08-14 05:07:09','1993-09-04 21:05:01'),(266,'e3a58ae9-bb95-11eb-98fb-283926e47295','libero','Porro quibusdam repellat possimus ea.',66,2,'2005-11-12 18:57:52','1983-05-13 00:06:28'),(267,'e3a670df-bb95-11eb-98fb-283926e47295','magnam','Dolores eos excepturi doloremque delectus dolore omnis.',67,3,'2018-10-21 13:06:12','1994-12-27 14:06:09'),(268,'e3a78278-bb95-11eb-98fb-283926e47295','fuga','Aspernatur quam dolorem voluptas at minus.',68,4,'1977-09-17 16:36:58','1998-02-28 02:34:48'),(269,'e3a830d3-bb95-11eb-98fb-283926e47295','ducimus','Perferendis ad et ad dolorem ad.',69,5,'1983-01-14 04:25:06','1972-04-18 17:15:09'),(270,'e3a8f3ab-bb95-11eb-98fb-283926e47295','expedita','Beatae libero adipisci ullam perspiciatis officia ut beatae.',70,6,'2000-12-07 07:07:06','1983-06-27 02:08:02'),(271,'e3aa342f-bb95-11eb-98fb-283926e47295','facere','Laborum a consectetur totam qui quo.',71,7,'1976-08-06 17:38:14','1989-01-17 12:03:59'),(272,'e3ab0ad7-bb95-11eb-98fb-283926e47295','eos','Recusandae quisquam similique laborum.',72,8,'1981-12-10 16:43:34','1993-11-26 21:30:54'),(273,'e3ac1a15-bb95-11eb-98fb-283926e47295','magni','Recusandae sed ducimus amet sed qui quis.',73,9,'2019-11-23 19:30:53','1989-10-14 00:51:00'),(274,'e3aceac5-bb95-11eb-98fb-283926e47295','velit','Tempora dolorem aut officia.',74,10,'1984-12-28 20:39:49','2015-05-31 15:08:15'),(275,'e3adfa11-bb95-11eb-98fb-283926e47295','culpa','Exercitationem optio voluptas esse.',75,11,'1992-12-07 00:10:32','1995-07-23 19:07:16'),(276,'e3aed8ca-bb95-11eb-98fb-283926e47295','distinctio','Omnis distinctio qui quis necessitatibus mollitia est.',76,12,'2013-10-25 13:00:03','1995-12-05 01:15:02'),(277,'e3afbdc0-bb95-11eb-98fb-283926e47295','voluptatem','Repudiandae ipsam tenetur voluptates laborum laborum id.',77,1,'1993-05-22 15:10:40','1974-01-30 12:54:46'),(278,'e3b09aaf-bb95-11eb-98fb-283926e47295','enim','Dignissimos occaecati vel libero doloribus voluptate distinctio.',78,2,'2017-05-13 08:32:57','1996-06-13 08:30:00'),(279,'e3b17e7d-bb95-11eb-98fb-283926e47295','officia','Voluptatem neque rerum dolorum voluptas aliquid.',79,3,'2000-02-03 07:19:31','1973-10-05 03:36:53'),(280,'e3b28496-bb95-11eb-98fb-283926e47295','enim','Et hic voluptate qui saepe delectus ipsam tempora.',80,4,'2000-07-25 23:55:05','1985-04-08 14:04:19'),(281,'e3b3b5b4-bb95-11eb-98fb-283926e47295','laborum','Sed in adipisci et voluptatem iste ratione nulla impedit.',81,5,'1979-11-21 21:16:45','2003-07-28 15:01:12'),(282,'e3b4987f-bb95-11eb-98fb-283926e47295','omnis','Impedit animi molestias provident delectus aspernatur.',82,6,'2005-03-11 08:41:34','1974-07-05 05:24:03'),(283,'e3b56a3c-bb95-11eb-98fb-283926e47295','consequatur','Fuga nobis minus voluptatum unde.',83,7,'1991-06-17 21:41:43','2007-07-05 15:42:29'),(284,'e3b64488-bb95-11eb-98fb-283926e47295','nihil','Voluptate omnis ut voluptate qui.',84,8,'2017-09-07 06:50:08','1987-06-09 11:06:06'),(285,'e3b7296b-bb95-11eb-98fb-283926e47295','et','Et veniam delectus nisi qui libero sunt ab magnam.',85,9,'1984-11-16 18:50:20','1997-04-27 15:57:06'),(286,'e3b8983d-bb95-11eb-98fb-283926e47295','illo','Quis debitis earum sit cupiditate eaque magnam ut.',86,10,'1984-08-20 02:42:53','1977-06-02 02:23:16'),(287,'e3b95049-bb95-11eb-98fb-283926e47295','illum','Distinctio qui culpa sunt ad iusto.',87,11,'2006-02-23 13:48:02','1970-02-20 14:02:48'),(288,'e3ba0a34-bb95-11eb-98fb-283926e47295','nisi','Fugit quisquam neque soluta et et.',88,12,'2006-10-19 21:20:59','2003-03-23 00:40:06'),(289,'e3bade10-bb95-11eb-98fb-283926e47295','omnis','Blanditiis soluta omnis maxime earum et sequi doloremque placeat.',89,1,'1973-03-04 04:59:12','2020-06-04 02:47:01'),(290,'e3bbb3dd-bb95-11eb-98fb-283926e47295','neque','Commodi eum minus maiores qui et ea.',90,2,'1985-12-26 23:50:02','1981-02-06 16:04:15'),(291,'e3bc9fdd-bb95-11eb-98fb-283926e47295','voluptatem','Quidem necessitatibus qui perferendis dignissimos et repudiandae.',91,3,'1990-05-23 04:24:36','1986-10-13 17:27:21'),(292,'e3bd7861-bb95-11eb-98fb-283926e47295','occaecati','Officia sit modi exercitationem necessitatibus.',92,4,'2004-05-06 05:34:53','1985-04-05 02:01:38'),(293,'e3be2c78-bb95-11eb-98fb-283926e47295','ea','At veniam nostrum voluptatibus molestias ipsa vel quis.',93,5,'1975-09-15 05:26:46','1994-08-08 06:41:52'),(294,'e3bef3b0-bb95-11eb-98fb-283926e47295','dignissimos','Cupiditate corrupti rerum ut vitae in vero repudiandae qui.',94,6,'1999-06-15 09:18:34','1974-09-14 06:40:44'),(295,'e3bfcef7-bb95-11eb-98fb-283926e47295','non','Ad placeat dolores alias similique quos necessitatibus minus.',95,7,'2005-06-01 22:24:36','2021-03-16 20:45:30'),(296,'e3c0b6a4-bb95-11eb-98fb-283926e47295','molestiae','Asperiores non accusamus incidunt itaque voluptatem mollitia hic.',96,8,'2004-07-24 07:10:08','1983-07-31 00:50:06'),(297,'e3c1b0f6-bb95-11eb-98fb-283926e47295','perspiciatis','Aliquam est dolorem autem molestiae nostrum reprehenderit velit.',97,9,'1992-09-26 02:19:42','1975-04-30 20:12:55'),(298,'e3c299e3-bb95-11eb-98fb-283926e47295','voluptas','Dolor quia est maxime ipsum libero iste quos.',98,10,'1990-06-15 09:40:41','1987-03-11 18:47:23'),(299,'e3c394b5-bb95-11eb-98fb-283926e47295','iste','Dolor esse laudantium velit aperiam reprehenderit delectus excepturi.',99,11,'1970-01-13 09:27:48','2017-05-04 15:28:20'),(300,'e52468ba-bb95-11eb-98fb-283926e47295','occaecati','Dolor accusamus minus vel numquam consequatur.',100,12,'2002-09-21 18:57:29','2008-03-11 23:23:35');
/*!40000 ALTER TABLE `products` ENABLE KEYS */;
UNLOCK TABLES;
/*!50003 SET @saved_cs_client      = @@character_set_client */ ;
/*!50003 SET @saved_cs_results     = @@character_set_results */ ;
/*!50003 SET @saved_col_connection = @@collation_connection */ ;
/*!50003 SET character_set_client  = utf8mb4 */ ;
/*!50003 SET character_set_results = utf8mb4 */ ;
/*!50003 SET collation_connection  = utf8mb4_0900_ai_ci */ ;
/*!50003 SET @saved_sql_mode       = @@sql_mode */ ;
/*!50003 SET sql_mode              = 'ONLY_FULL_GROUP_BY,STRICT_TRANS_TABLES,NO_ZERO_IN_DATE,NO_ZERO_DATE,ERROR_FOR_DIVISION_BY_ZERO,NO_ENGINE_SUBSTITUTION' */ ;
DELIMITER ;;
/*!50003 CREATE*/ /*!50017 DEFINER=`root`@`localhost`*/ /*!50003 TRIGGER `before_insert_p` BEFORE INSERT ON `products` FOR EACH ROW BEGIN
  IF new.external_id IS NULL THEN
    SET new.external_id = uuid();
  END IF;
END */;;
DELIMITER ;
/*!50003 SET sql_mode              = @saved_sql_mode */ ;
/*!50003 SET character_set_client  = @saved_cs_client */ ;
/*!50003 SET character_set_results = @saved_cs_results */ ;
/*!50003 SET collation_connection  = @saved_col_connection */ ;

--
-- Table structure for table `sales`
--

DROP TABLE IF EXISTS `sales`;
/*!40101 SET @saved_cs_client     = @@character_set_client */;
/*!50503 SET character_set_client = utf8mb4 */;
CREATE TABLE `sales` (
  `id` bigint unsigned NOT NULL AUTO_INCREMENT,
  `external_id` varchar(255) NOT NULL,
  `client_id` bigint unsigned NOT NULL,
  `sale_type` enum('sale','return') NOT NULL DEFAULT 'sale' COMMENT 'Продажа или возврат',
  `discount` int unsigned NOT NULL DEFAULT '0' COMMENT 'Процент скидки',
  `total_sum` decimal(15,2) NOT NULL DEFAULT '0.00' COMMENT 'Сумма без скидки',
  `discount_sum` decimal(15,2) NOT NULL DEFAULT '0.00' COMMENT 'Сумма скидки',
  `sum` decimal(15,2) NOT NULL DEFAULT '0.00' COMMENT 'Сумма со скидкой',
  `payed_bonus` int unsigned NOT NULL DEFAULT '0' COMMENT 'Оплачено бонусами',
  `added_bonus` int unsigned NOT NULL DEFAULT '0' COMMENT 'Начислено бонусов',
  `sale_date` datetime DEFAULT CURRENT_TIMESTAMP,
  `shop_id` int unsigned NOT NULL,
  PRIMARY KEY (`id`),
  UNIQUE KEY `id` (`id`),
  KEY `client_id` (`client_id`),
  KEY `shop_id` (`shop_id`),
  KEY `external_id` (`external_id`),
  KEY `sum` (`sum`,`total_sum`,`discount_sum`),
  CONSTRAINT `sales_ibfk_1` FOREIGN KEY (`client_id`) REFERENCES `clients` (`id`),
  CONSTRAINT `sales_ibfk_2` FOREIGN KEY (`shop_id`) REFERENCES `shops` (`id`)
) ENGINE=InnoDB AUTO_INCREMENT=801 DEFAULT CHARSET=utf8mb4 COLLATE=utf8mb4_0900_ai_ci COMMENT='Продажи и возвраты';
/*!40101 SET character_set_client = @saved_cs_client */;

--
-- Dumping data for table `sales`
--

LOCK TABLES `sales` WRITE;
/*!40000 ALTER TABLE `sales` DISABLE KEYS */;
INSERT INTO `sales` VALUES (1,'afabad8d-bb96-11eb-98fb-283926e47295',1,'sale',10,1037031.55,16247982.00,4925.41,149,237,'1994-02-11 19:55:20',1),(2,'afacd291-bb96-11eb-98fb-283926e47295',2,'sale',20,686853.81,3780.00,4637.50,808,225,'1988-06-28 02:19:06',2),(3,'afadd98a-bb96-11eb-98fb-283926e47295',3,'return',2,193.54,7916358.00,11.69,795,270,'1999-07-06 08:07:21',3),(4,'afaec0c0-bb96-11eb-98fb-283926e47295',4,'return',4,175478.50,28250371.00,13.26,495,107,'1981-02-07 06:32:53',4),(5,'afafb444-bb96-11eb-98fb-283926e47295',5,'return',44,17514.00,95687.00,8241.76,682,298,'1982-10-07 09:46:59',5),(6,'afb12566-bb96-11eb-98fb-283926e47295',6,'return',0,246384.90,7284240.00,21.55,499,10,'1995-02-07 07:41:38',6),(7,'afb1f9c1-bb96-11eb-98fb-283926e47295',7,'return',18,0.00,4.00,565935853.00,613,37,'1979-12-16 01:47:02',7),(8,'afb2a85a-bb96-11eb-98fb-283926e47295',8,'sale',29,257.39,7907352.00,10972904.89,505,236,'1985-10-07 20:05:50',8),(9,'afb36d57-bb96-11eb-98fb-283926e47295',9,'return',38,74.82,35.00,66281.75,975,223,'2012-03-16 18:46:55',9),(10,'afb44337-bb96-11eb-98fb-283926e47295',10,'return',27,203.41,734137341.00,253756.01,485,177,'2009-03-01 12:35:45',10),(11,'afb52909-bb96-11eb-98fb-283926e47295',11,'sale',38,0.00,55.00,541090192.70,881,225,'1971-05-02 16:40:05',11),(12,'afb617f2-bb96-11eb-98fb-283926e47295',12,'sale',22,1899.32,682512969.00,8276729.20,552,205,'1999-10-30 22:48:36',12),(13,'afb6fab1-bb96-11eb-98fb-283926e47295',13,'return',44,180.57,207938045.00,1202911.30,425,297,'2004-10-28 13:56:38',13),(14,'afb80140-bb96-11eb-98fb-283926e47295',14,'sale',4,455.10,782.00,308.00,439,128,'1975-07-23 02:26:00',14),(15,'afb8bc6a-bb96-11eb-98fb-283926e47295',15,'sale',6,58070.00,67707015.00,0.00,559,30,'2014-10-29 20:32:17',15),(16,'afb98537-bb96-11eb-98fb-283926e47295',16,'sale',27,407426.47,70509267.00,157115033.20,620,111,'1971-03-06 14:19:48',16),(17,'afba69c7-bb96-11eb-98fb-283926e47295',17,'return',18,377919.26,79.00,669.24,364,162,'1993-05-04 13:05:14',17),(18,'afbb6e38-bb96-11eb-98fb-283926e47295',18,'return',35,117.20,33.00,114510339.18,647,272,'2006-06-09 10:48:55',18),(19,'afbc610a-bb96-11eb-98fb-283926e47295',19,'sale',32,406432886.34,625.00,71.40,909,268,'2014-03-17 23:08:47',19),(20,'afbd368b-bb96-11eb-98fb-283926e47295',20,'return',29,27418.00,461316610.00,177725.00,492,265,'1986-03-30 10:42:01',20),(21,'afbe2ac4-bb96-11eb-98fb-283926e47295',21,'return',7,177.52,5766.00,0.00,989,270,'2001-12-20 01:37:47',21),(22,'afbf0a21-bb96-11eb-98fb-283926e47295',22,'sale',3,0.00,6138986.00,10327969.18,456,241,'1984-06-10 03:52:24',22),(23,'afbffd97-bb96-11eb-98fb-283926e47295',23,'return',31,2032586.57,9.00,4.95,598,213,'2019-12-22 20:38:07',23),(24,'afc0e05b-bb96-11eb-98fb-283926e47295',24,'return',11,6115779.00,762.00,1.13,474,116,'1986-01-20 03:48:09',24),(25,'afc1bbee-bb96-11eb-98fb-283926e47295',25,'sale',6,34069.50,85372.00,2.70,599,102,'1982-02-27 21:03:33',25),(26,'afc2aa02-bb96-11eb-98fb-283926e47295',26,'return',2,28.98,725302.00,9588845.95,898,65,'1972-04-16 23:42:04',26),(27,'afc3bd10-bb96-11eb-98fb-283926e47295',27,'sale',34,405433.66,9163.00,0.00,86,184,'1984-04-03 11:46:16',27),(28,'afc4b932-bb96-11eb-98fb-283926e47295',28,'sale',34,14659520.03,33.00,5831.92,352,36,'2008-12-13 22:54:14',28),(29,'afc5857f-bb96-11eb-98fb-283926e47295',29,'sale',40,172832.61,35.00,0.00,308,65,'1974-10-25 11:01:20',29),(30,'afc64ab1-bb96-11eb-98fb-283926e47295',30,'sale',23,0.00,12546933.00,0.00,8,118,'1999-02-13 17:21:22',30),(31,'afc708da-bb96-11eb-98fb-283926e47295',31,'return',9,61.32,827582825.00,199953.00,890,238,'2017-09-15 01:08:53',31),(32,'afc7ebb8-bb96-11eb-98fb-283926e47295',32,'return',45,2545918.67,503.00,0.00,898,2,'1995-07-06 20:09:01',32),(33,'afc8d443-bb96-11eb-98fb-283926e47295',33,'sale',32,0.08,9432.00,2.14,158,177,'2012-01-21 16:45:18',33),(34,'afc9fa48-bb96-11eb-98fb-283926e47295',34,'sale',22,192775.26,92.00,33889.87,823,153,'2001-04-09 05:27:55',34),(35,'afcafced-bb96-11eb-98fb-283926e47295',35,'sale',19,49.92,5.00,5.60,776,213,'1990-02-18 16:44:03',35),(36,'afcc3d17-bb96-11eb-98fb-283926e47295',36,'return',23,5643737.71,562085.00,3.89,141,248,'2001-08-24 19:30:33',36),(37,'afcd1508-bb96-11eb-98fb-283926e47295',37,'return',38,429.40,545872603.00,95253332.50,307,218,'1988-08-21 00:15:46',37),(38,'afce0ed7-bb96-11eb-98fb-283926e47295',38,'return',37,634962.47,6487.00,703489896.22,889,137,'2020-03-18 23:29:17',38),(39,'afcefa9b-bb96-11eb-98fb-283926e47295',39,'return',10,88.03,4436.00,3222242.80,300,217,'2003-10-03 19:48:43',39),(40,'afcff3da-bb96-11eb-98fb-283926e47295',40,'return',25,0.32,9970.00,2105.50,880,91,'2013-05-20 00:24:35',40),(41,'afd0fb3d-bb96-11eb-98fb-283926e47295',41,'sale',30,37.54,16977309.00,0.00,872,144,'1990-04-05 23:28:58',41),(42,'afd1bf5f-bb96-11eb-98fb-283926e47295',42,'sale',6,37061.63,584601.00,98782135.30,170,189,'1970-07-04 05:48:34',42),(43,'afd27528-bb96-11eb-98fb-283926e47295',43,'sale',39,17563963.73,861836.00,4895227.04,300,229,'2012-12-21 12:26:46',43),(44,'afd336dd-bb96-11eb-98fb-283926e47295',44,'return',4,2.05,72.00,0.00,244,105,'1997-03-12 01:26:27',44),(45,'afd42415-bb96-11eb-98fb-283926e47295',45,'return',34,454.34,0.00,1085.59,194,281,'1997-04-11 14:51:55',45),(46,'afd50337-bb96-11eb-98fb-283926e47295',46,'sale',19,6611507.00,68.00,184636384.63,140,126,'2008-03-24 05:14:13',46),(47,'afd5eede-bb96-11eb-98fb-283926e47295',47,'sale',42,0.00,765.00,72602.91,368,73,'2002-12-25 19:47:08',47),(48,'afd6e1f3-bb96-11eb-98fb-283926e47295',48,'sale',44,3797.00,679654143.00,26075335.70,747,100,'2020-03-25 11:20:22',48),(49,'afd7dc77-bb96-11eb-98fb-283926e47295',49,'return',38,3.00,43651000.00,4235124.63,444,228,'2017-04-20 09:53:31',49),(50,'afd8a5ce-bb96-11eb-98fb-283926e47295',50,'return',9,0.00,8921.00,0.90,441,288,'2018-05-30 12:16:54',50),(51,'afd9a78d-bb96-11eb-98fb-283926e47295',51,'return',2,23.19,6696.00,2406.76,723,12,'1984-08-08 11:57:07',51),(52,'afda7e95-bb96-11eb-98fb-283926e47295',52,'return',9,31.36,48219210.00,1526096.41,261,164,'2011-08-23 16:12:19',52),(53,'afdb5d8a-bb96-11eb-98fb-283926e47295',53,'sale',42,5158.92,668.00,392.48,329,132,'2019-07-04 19:59:46',53),(54,'afdc8396-bb96-11eb-98fb-283926e47295',54,'return',43,21.70,5101513.00,565879340.76,840,252,'1989-12-08 21:36:42',54),(55,'afdd8fc1-bb96-11eb-98fb-283926e47295',55,'return',0,604947049.61,6617.00,31840651.70,157,30,'1975-08-28 19:33:28',55),(56,'afdeabfe-bb96-11eb-98fb-283926e47295',56,'return',10,699.76,0.00,174867926.60,284,42,'1985-01-12 16:46:55',56),(57,'afdf9e46-bb96-11eb-98fb-283926e47295',57,'return',12,3576.80,24811.00,22208240.53,437,213,'1990-07-20 04:51:52',57),(58,'afe07f33-bb96-11eb-98fb-283926e47295',58,'return',38,29550.11,9.00,425.08,309,175,'2014-01-04 17:23:08',58),(59,'afe163e6-bb96-11eb-98fb-283926e47295',59,'sale',45,55938.50,1.00,32.53,99,1,'1995-11-29 18:12:39',59),(60,'afe24edb-bb96-11eb-98fb-283926e47295',60,'sale',37,423.00,0.00,368.42,656,149,'2016-06-19 18:53:53',60),(61,'afe3390b-bb96-11eb-98fb-283926e47295',61,'sale',41,25084.70,7242749.00,6515757.00,675,207,'2021-02-05 09:56:30',61),(62,'afe42fef-bb96-11eb-98fb-283926e47295',62,'sale',43,4.70,89418760.00,13073226.09,388,16,'1988-10-29 20:19:42',62),(63,'afe5082f-bb96-11eb-98fb-283926e47295',63,'return',9,0.00,38.00,4157281.86,748,88,'1974-04-03 11:30:47',63),(64,'afe607ad-bb96-11eb-98fb-283926e47295',64,'sale',40,2.42,3472906.00,3.70,44,39,'1991-11-22 02:22:26',64),(65,'afe6eb6f-bb96-11eb-98fb-283926e47295',65,'return',31,143915537.76,602026611.00,1594.67,944,80,'1989-06-30 04:55:14',65),(66,'afe7e38f-bb96-11eb-98fb-283926e47295',66,'return',34,0.00,28533357.00,0.35,326,155,'2010-06-19 23:26:25',66),(67,'afe8c9e2-bb96-11eb-98fb-283926e47295',67,'return',36,0.00,70312907.00,0.00,181,165,'1974-03-04 18:35:50',67),(68,'afe9c5a3-bb96-11eb-98fb-283926e47295',68,'sale',2,1154814.88,4397.00,546.80,975,71,'1989-10-26 11:27:17',68),(69,'afeacdfb-bb96-11eb-98fb-283926e47295',69,'sale',17,596.90,2409.00,230942888.60,233,127,'2000-06-10 02:54:15',69),(70,'afebbb4f-bb96-11eb-98fb-283926e47295',70,'return',32,4143256.33,2717.00,1877803.72,163,127,'1986-10-03 03:17:03',70),(71,'afec931b-bb96-11eb-98fb-283926e47295',71,'return',37,0.00,607002.00,6.46,79,166,'2010-01-18 11:27:34',71),(72,'afed8f95-bb96-11eb-98fb-283926e47295',72,'return',6,314.94,409478.00,4614.80,994,273,'1987-11-23 05:18:41',72),(73,'afee7d09-bb96-11eb-98fb-283926e47295',73,'sale',40,7188193.00,340509.00,491.10,941,280,'2017-10-26 21:45:39',73),(74,'afef6b41-bb96-11eb-98fb-283926e47295',74,'return',23,544342.28,67.00,662833050.74,231,120,'1996-05-06 04:24:12',74),(75,'aff05477-bb96-11eb-98fb-283926e47295',75,'return',0,75095227.44,9852352.00,5752546.82,72,74,'1985-04-03 13:31:21',75),(76,'aff26bfd-bb96-11eb-98fb-283926e47295',76,'return',39,10.47,942.00,413245.71,495,159,'1995-05-31 03:01:08',76),(77,'aff3b10a-bb96-11eb-98fb-283926e47295',77,'return',13,60.82,0.00,0.00,510,225,'1984-09-22 22:12:19',77),(78,'aff4e36e-bb96-11eb-98fb-283926e47295',78,'return',21,2580569.25,425.00,0.00,865,300,'2017-06-04 11:29:03',78),(79,'aff62b9c-bb96-11eb-98fb-283926e47295',79,'sale',8,62248.30,33388969.00,10994.15,412,36,'1974-08-14 11:26:00',79),(80,'aff7e0b6-bb96-11eb-98fb-283926e47295',80,'sale',38,259.58,15199.00,546052811.55,663,296,'2008-07-16 19:07:45',80),(81,'affa256d-bb96-11eb-98fb-283926e47295',81,'sale',31,242.95,61316842.00,7009770.90,693,147,'1988-04-12 15:15:37',81),(82,'affb7953-bb96-11eb-98fb-283926e47295',82,'return',36,421.09,44.00,0.00,271,241,'1979-12-24 10:06:20',82),(83,'affc9e37-bb96-11eb-98fb-283926e47295',83,'sale',28,2.47,3032160.00,156930.13,227,124,'2001-12-19 23:15:13',83),(84,'affde4e7-bb96-11eb-98fb-283926e47295',84,'return',32,10.80,23.00,488290.93,377,38,'2018-01-16 08:06:09',84),(85,'affeec94-bb96-11eb-98fb-283926e47295',85,'return',18,208.57,0.00,40.22,507,291,'2009-10-07 08:36:15',85),(86,'b000394a-bb96-11eb-98fb-283926e47295',86,'return',0,235.18,19234.00,3252.07,40,62,'1994-02-14 21:03:33',86),(87,'b0010eee-bb96-11eb-98fb-283926e47295',87,'return',27,15405.00,32431859.00,692427974.96,88,67,'1982-02-25 08:03:47',87),(88,'b0020280-bb96-11eb-98fb-283926e47295',88,'return',28,2863360.14,8692.00,239156.73,399,213,'2000-12-16 13:51:45',88),(89,'b002f06c-bb96-11eb-98fb-283926e47295',89,'sale',23,12780725.74,0.00,3634226.00,328,199,'1975-12-15 20:14:43',89),(90,'b003bc90-bb96-11eb-98fb-283926e47295',90,'return',4,8.00,891864975.00,11.65,439,39,'2005-06-14 11:58:05',90),(91,'b0048314-bb96-11eb-98fb-283926e47295',91,'return',20,0.00,7.00,392.32,323,230,'2012-04-04 16:00:04',91),(92,'b0056f7a-bb96-11eb-98fb-283926e47295',92,'sale',44,10.42,0.00,4041.29,481,183,'1995-05-09 09:46:15',92),(93,'b0065aa2-bb96-11eb-98fb-283926e47295',93,'sale',3,4.38,672171.00,0.32,979,97,'1974-11-01 09:33:56',93),(94,'b0074e6c-bb96-11eb-98fb-283926e47295',94,'sale',23,184925147.61,505027928.00,0.00,224,198,'1986-06-09 09:29:22',94),(95,'b008611b-bb96-11eb-98fb-283926e47295',95,'sale',0,525557.73,5.00,1926088.61,201,42,'1984-07-04 10:29:44',95),(96,'b0093c75-bb96-11eb-98fb-283926e47295',96,'return',24,6690.93,42675.00,0.00,893,160,'1983-05-20 20:47:37',96),(97,'b009ea2e-bb96-11eb-98fb-283926e47295',97,'return',17,1656131.88,7571.00,26.66,75,127,'2005-12-19 10:43:49',97),(98,'b00acca5-bb96-11eb-98fb-283926e47295',98,'return',22,35.80,8618.00,142803.00,825,285,'1992-05-19 13:17:26',98),(99,'b00badf5-bb96-11eb-98fb-283926e47295',99,'return',0,142.00,0.00,40182019.87,490,63,'2000-03-04 00:39:49',99),(100,'b00c965c-bb96-11eb-98fb-283926e47295',100,'return',2,4724220.60,59545337.00,268354.80,530,120,'2004-04-02 15:59:29',100),(101,'b00d8cd6-bb96-11eb-98fb-283926e47295',101,'sale',19,1453.60,0.00,0.00,765,33,'2011-01-23 08:50:53',101),(102,'b00e6a8f-bb96-11eb-98fb-283926e47295',102,'return',27,0.23,780701.00,0.00,73,229,'1972-01-10 04:00:09',102),(103,'b00f5f22-bb96-11eb-98fb-283926e47295',103,'sale',4,589431739.96,9085.00,666.99,288,279,'1993-10-28 06:35:54',103),(104,'b0103a76-bb96-11eb-98fb-283926e47295',104,'sale',39,258724.70,9170.00,4222870.70,409,277,'1980-07-01 13:21:50',104),(105,'b01112cb-bb96-11eb-98fb-283926e47295',105,'sale',9,22862.81,320913.00,24636526.50,1000,178,'1992-09-03 07:56:57',105),(106,'b0127485-bb96-11eb-98fb-283926e47295',106,'sale',15,402.00,36627010.00,33599.10,26,239,'1978-12-03 13:49:49',106),(107,'b01347a4-bb96-11eb-98fb-283926e47295',107,'sale',10,2.83,90648088.00,1780.46,229,229,'1993-02-22 11:10:20',107),(108,'b0147059-bb96-11eb-98fb-283926e47295',108,'return',19,0.40,42878495.00,106267562.00,105,295,'1981-07-21 15:30:10',108),(109,'b0156699-bb96-11eb-98fb-283926e47295',109,'return',37,8.45,3812.00,6006090.94,119,237,'2007-11-16 15:42:21',109),(110,'b0161d2d-bb96-11eb-98fb-283926e47295',110,'return',5,67.10,5118.00,498769.25,335,100,'2007-05-30 08:02:30',110),(111,'b016e357-bb96-11eb-98fb-283926e47295',111,'sale',35,20606282.88,135823.00,37.61,756,70,'1979-05-31 01:27:51',111),(112,'b017dc92-bb96-11eb-98fb-283926e47295',112,'sale',41,2.87,0.00,4089.95,961,128,'1978-10-08 16:24:42',112),(113,'b018b1da-bb96-11eb-98fb-283926e47295',113,'return',9,9.00,45951002.00,118471502.53,130,21,'1981-11-04 12:01:15',113),(114,'b01a2023-bb96-11eb-98fb-283926e47295',114,'sale',39,0.00,204.00,4017442.27,579,149,'1981-10-12 13:56:05',114),(115,'b01b0694-bb96-11eb-98fb-283926e47295',115,'return',10,72826134.47,0.00,62.07,792,186,'2017-07-16 07:22:25',115),(116,'b01bf639-bb96-11eb-98fb-283926e47295',116,'return',20,0.00,4188.00,1533.51,577,67,'2008-09-19 09:30:01',116),(117,'b01ced38-bb96-11eb-98fb-283926e47295',117,'sale',8,45.73,16985.00,0.00,831,22,'1972-11-11 09:25:10',117),(118,'b01dd359-bb96-11eb-98fb-283926e47295',118,'sale',37,6.54,7.00,0.00,623,23,'2008-09-07 17:58:52',118),(119,'b01eb45e-bb96-11eb-98fb-283926e47295',119,'sale',36,21199272.05,786444.00,24312037.00,680,46,'1987-04-23 01:24:17',119),(120,'b01fe51f-bb96-11eb-98fb-283926e47295',120,'sale',23,43228375.69,518517.00,1.78,513,168,'2008-04-24 07:09:27',120),(121,'b020f372-bb96-11eb-98fb-283926e47295',121,'sale',21,305860.89,0.00,4760.96,790,10,'1979-08-04 12:19:49',121),(122,'b021be11-bb96-11eb-98fb-283926e47295',122,'sale',22,5284.66,0.00,6708493.86,473,159,'1982-04-22 22:30:09',122),(123,'b022712f-bb96-11eb-98fb-283926e47295',123,'sale',31,72608.90,0.00,284407.79,589,291,'2015-01-22 14:49:37',123),(124,'b0232680-bb96-11eb-98fb-283926e47295',124,'return',45,14395605.07,750821070.00,684943.23,810,230,'2006-12-28 08:47:14',124),(125,'b0240ef4-bb96-11eb-98fb-283926e47295',125,'return',8,0.22,5.00,17.10,858,87,'1974-05-29 15:57:49',125),(126,'b024fe0e-bb96-11eb-98fb-283926e47295',126,'return',8,238467.89,680130656.00,451052290.22,978,20,'2020-06-20 04:27:30',126),(127,'b025d894-bb96-11eb-98fb-283926e47295',127,'return',12,51.45,46730325.00,32562472.17,104,53,'1989-07-10 19:56:36',127),(128,'b026c2c4-bb96-11eb-98fb-283926e47295',128,'return',0,4806.04,88935.00,103261.00,506,71,'1971-08-11 06:31:22',128),(129,'b027c64c-bb96-11eb-98fb-283926e47295',129,'return',27,21319469.19,51843.00,12226356.10,139,72,'1989-03-04 20:27:48',129),(130,'b0287887-bb96-11eb-98fb-283926e47295',130,'return',4,9.00,4321.00,435.94,646,22,'2004-07-14 00:55:13',130),(131,'b0292f41-bb96-11eb-98fb-283926e47295',131,'return',30,1332.87,11086681.00,562981.42,301,125,'1989-01-06 05:16:25',131),(132,'b029fb4e-bb96-11eb-98fb-283926e47295',132,'return',23,1982.05,9596.00,0.00,176,238,'1975-07-29 17:13:12',132),(133,'b02bd5b7-bb96-11eb-98fb-283926e47295',133,'sale',1,8.46,5.00,540350303.23,689,149,'1989-06-14 09:44:54',133),(134,'b02cb8d2-bb96-11eb-98fb-283926e47295',134,'sale',43,3678.83,9661446.00,965.45,199,254,'1972-03-06 19:14:11',134),(135,'b02da69c-bb96-11eb-98fb-283926e47295',135,'return',28,286315459.71,9.00,7423849.22,803,116,'2016-07-10 05:15:54',135),(136,'b02e85ed-bb96-11eb-98fb-283926e47295',136,'return',39,5709391.31,5477261.00,28110.28,827,151,'1989-10-12 23:48:18',136),(137,'b02f73f3-bb96-11eb-98fb-283926e47295',137,'sale',41,418144850.00,14536572.00,275077.80,401,239,'1996-06-09 02:57:49',137),(138,'b0305d09-bb96-11eb-98fb-283926e47295',138,'return',20,2464.78,370024912.00,5699.47,702,116,'1998-11-04 02:46:41',138),(139,'b03154af-bb96-11eb-98fb-283926e47295',139,'return',12,0.00,740508101.00,80.20,835,210,'1991-07-17 14:32:14',139),(140,'b0322351-bb96-11eb-98fb-283926e47295',140,'return',19,1.78,20605.00,0.00,904,159,'1980-11-11 11:10:26',140),(141,'b032e716-bb96-11eb-98fb-283926e47295',141,'sale',18,3296185.18,1919605.00,53441.50,134,300,'1988-10-23 06:08:04',141),(142,'b033cb82-bb96-11eb-98fb-283926e47295',142,'sale',0,1541.00,8597.00,39007493.00,508,3,'1980-08-27 10:06:18',142),(143,'b034a42b-bb96-11eb-98fb-283926e47295',143,'sale',20,6691.68,5040.00,78.00,78,116,'1988-06-27 16:24:00',143),(144,'b03575fa-bb96-11eb-98fb-283926e47295',144,'return',27,0.63,1618.00,57.00,601,7,'2013-05-25 02:57:56',144),(145,'b0367af8-bb96-11eb-98fb-283926e47295',145,'return',22,95.00,0.00,71942503.80,376,224,'2001-08-22 04:18:05',145),(146,'b037560b-bb96-11eb-98fb-283926e47295',146,'sale',37,17612.00,21.00,104020.83,614,3,'1988-08-28 14:49:12',146),(147,'b038276c-bb96-11eb-98fb-283926e47295',147,'return',40,4074.06,247979.00,3143.45,96,75,'2016-10-14 10:28:02',147),(148,'b038e2c2-bb96-11eb-98fb-283926e47295',148,'return',28,92011.00,79885992.00,686100.18,579,45,'1989-07-08 19:48:54',148),(149,'b039a945-bb96-11eb-98fb-283926e47295',149,'sale',38,135804494.31,0.00,4312.84,682,243,'2018-03-11 20:39:34',149),(150,'b03a8438-bb96-11eb-98fb-283926e47295',150,'return',7,61.00,2038.00,0.56,253,72,'1988-06-11 22:12:14',150),(151,'b03b8e41-bb96-11eb-98fb-283926e47295',151,'sale',18,422353884.15,2527.00,21.01,421,209,'2018-10-09 08:59:51',151),(152,'b03c7c61-bb96-11eb-98fb-283926e47295',152,'return',34,0.00,0.00,2027.87,311,202,'2018-08-26 09:00:30',152),(153,'b03d8caa-bb96-11eb-98fb-283926e47295',153,'return',10,4792.40,40946.00,7228.30,827,115,'1976-03-12 02:17:59',153),(154,'b03e620a-bb96-11eb-98fb-283926e47295',154,'sale',28,0.00,0.00,4978825.80,359,282,'2001-09-15 14:30:01',154),(155,'b03f0c4f-bb96-11eb-98fb-283926e47295',155,'sale',22,22013.26,8180547.00,42099297.41,108,107,'2020-12-31 02:25:12',155),(156,'b03fd7c0-bb96-11eb-98fb-283926e47295',156,'sale',17,0.00,4829460.00,0.00,391,151,'1994-07-19 14:13:54',156),(157,'b040da48-bb96-11eb-98fb-283926e47295',157,'sale',2,15.05,0.00,0.00,552,242,'1984-08-28 05:30:30',157),(158,'b04232ec-bb96-11eb-98fb-283926e47295',158,'return',37,16379.95,0.00,20262638.37,200,40,'2008-02-22 01:39:38',158),(159,'b04321c9-bb96-11eb-98fb-283926e47295',159,'return',5,214829963.78,2675.00,7.69,338,189,'1981-02-12 12:00:39',159),(160,'b043dcc9-bb96-11eb-98fb-283926e47295',160,'return',44,6170774.70,409.00,1463965.90,79,186,'1988-01-05 10:32:14',160),(161,'b04496d1-bb96-11eb-98fb-283926e47295',161,'sale',15,213360877.83,0.00,61670.81,591,195,'1971-08-12 04:25:40',161),(162,'b04580aa-bb96-11eb-98fb-283926e47295',162,'sale',5,2148436.90,799809.00,244.00,181,160,'1992-05-05 04:27:29',162),(163,'b04647e9-bb96-11eb-98fb-283926e47295',163,'return',42,12178.00,0.00,2.56,940,208,'2018-07-27 12:02:29',163),(164,'b046f74c-bb96-11eb-98fb-283926e47295',164,'sale',42,3.00,166.00,33028333.10,414,224,'1976-05-22 13:31:48',164),(165,'b047baa0-bb96-11eb-98fb-283926e47295',165,'return',9,0.00,3830404.00,13917.12,308,80,'2013-03-19 08:42:30',165),(166,'b049164f-bb96-11eb-98fb-283926e47295',166,'sale',19,2.00,26856.00,427690371.26,964,238,'1995-05-15 21:00:17',166),(167,'b04a18d0-bb96-11eb-98fb-283926e47295',167,'sale',14,34338162.25,31427.00,33.72,148,240,'1985-07-25 19:20:34',167),(168,'b04aecc1-bb96-11eb-98fb-283926e47295',168,'return',37,53478.79,85035.00,3.38,766,188,'2002-12-27 22:50:36',168),(169,'b04bd1fa-bb96-11eb-98fb-283926e47295',169,'sale',21,22253.45,7.00,153177.01,798,143,'1991-10-22 17:39:03',169),(170,'b04cc14c-bb96-11eb-98fb-283926e47295',170,'sale',14,0.95,98.00,41520148.54,12,255,'2009-12-01 05:51:41',170),(171,'b04d961d-bb96-11eb-98fb-283926e47295',171,'sale',3,0.00,7.00,0.00,20,144,'1991-06-19 22:53:40',171),(172,'b04e81de-bb96-11eb-98fb-283926e47295',172,'return',15,53.68,253526.00,2664.28,175,115,'1998-09-18 10:20:34',172),(173,'b04f7fe2-bb96-11eb-98fb-283926e47295',173,'sale',30,0.00,0.00,271.64,9,84,'1998-07-17 07:18:21',173),(174,'b0506154-bb96-11eb-98fb-283926e47295',174,'sale',26,39.92,8.00,1394.42,119,288,'1999-04-16 22:04:43',174),(175,'b0514ad4-bb96-11eb-98fb-283926e47295',175,'sale',24,2.00,973312.00,4206671.91,975,164,'1988-08-25 04:11:15',175),(176,'b05237c7-bb96-11eb-98fb-283926e47295',176,'return',1,1845089.71,157.00,26379.53,236,98,'1993-11-06 13:38:21',176),(177,'b05317a1-bb96-11eb-98fb-283926e47295',177,'sale',27,18653857.84,0.00,17507.63,344,10,'1992-03-09 12:56:16',177),(178,'b054092a-bb96-11eb-98fb-283926e47295',178,'return',35,68418.24,3391.00,109955762.92,811,88,'2013-04-08 20:20:33',178),(179,'b055212c-bb96-11eb-98fb-283926e47295',179,'sale',4,26064451.89,45380827.00,0.00,217,160,'2000-08-25 23:11:46',179),(180,'b05602f1-bb96-11eb-98fb-283926e47295',180,'return',20,1261471.38,1972.00,0.55,14,52,'1996-06-18 14:35:51',180),(181,'b05706ed-bb96-11eb-98fb-283926e47295',181,'return',33,0.00,894621388.00,0.00,34,191,'1978-02-03 16:37:55',181),(182,'b05818e7-bb96-11eb-98fb-283926e47295',182,'return',23,311610470.48,0.00,360663491.62,40,244,'2013-11-07 09:38:06',182),(183,'b058e80d-bb96-11eb-98fb-283926e47295',183,'return',4,0.00,3469.00,660.16,179,171,'1986-08-23 07:13:41',183),(184,'b059e14d-bb96-11eb-98fb-283926e47295',184,'return',43,0.00,84307.00,47.74,219,7,'1994-10-23 10:35:11',184),(185,'b05aba3b-bb96-11eb-98fb-283926e47295',185,'sale',38,38918111.30,244866351.00,142.53,621,126,'1997-12-15 20:46:54',185),(186,'b05ba0d9-bb96-11eb-98fb-283926e47295',186,'return',9,14158.39,1829120.00,6542.57,885,191,'2001-09-13 09:17:34',186),(187,'b05ca0dd-bb96-11eb-98fb-283926e47295',187,'sale',33,0.00,3314.00,158667467.69,966,233,'1986-05-23 21:39:43',187),(188,'b05e1951-bb96-11eb-98fb-283926e47295',188,'sale',15,17.71,0.00,806006.16,695,227,'1994-12-13 17:52:57',188),(189,'b05f12e3-bb96-11eb-98fb-283926e47295',189,'sale',20,7919.43,7221893.00,4.65,297,27,'1972-09-22 20:48:22',189),(190,'b05fe2b4-bb96-11eb-98fb-283926e47295',190,'sale',33,496.51,937.00,258270025.00,511,207,'2013-12-01 02:13:07',190),(191,'b06099db-bb96-11eb-98fb-283926e47295',191,'sale',2,4637380.11,7.00,79.38,410,234,'1999-11-10 22:29:50',191),(192,'b061579a-bb96-11eb-98fb-283926e47295',192,'sale',14,5498611.89,357691.00,0.00,644,218,'2008-11-18 03:35:32',192),(193,'b062784b-bb96-11eb-98fb-283926e47295',193,'sale',24,10.53,492791401.00,84031197.80,401,54,'1971-11-27 20:49:06',193),(194,'b0633a98-bb96-11eb-98fb-283926e47295',194,'return',24,15.00,96433539.00,2766.00,667,168,'2018-10-04 06:15:23',194),(195,'b064301b-bb96-11eb-98fb-283926e47295',195,'return',35,96306389.00,7264.00,49163546.58,743,97,'2018-01-01 12:19:21',195),(196,'b065125f-bb96-11eb-98fb-283926e47295',196,'sale',34,693.20,52.00,42864906.18,974,225,'2008-03-23 17:06:41',196),(197,'b06605bc-bb96-11eb-98fb-283926e47295',197,'return',29,0.73,390.00,498063239.35,566,142,'1994-12-02 03:19:58',197),(198,'b0679dc4-bb96-11eb-98fb-283926e47295',198,'sale',4,24.72,123646.00,0.00,877,30,'2017-10-14 09:20:29',198),(199,'b068a935-bb96-11eb-98fb-283926e47295',199,'sale',20,6380.65,9145897.00,68047.16,192,291,'2014-10-02 10:27:16',199),(200,'b0699c92-bb96-11eb-98fb-283926e47295',200,'return',43,2728896.62,4246072.00,7198741.21,842,105,'1994-04-24 21:40:20',200),(201,'b06a78fa-bb96-11eb-98fb-283926e47295',201,'sale',30,3.04,41915369.00,2.60,604,221,'1973-07-13 07:03:36',201),(202,'b06b6cbb-bb96-11eb-98fb-283926e47295',202,'sale',3,83148.61,4367.00,11795.22,617,72,'1971-03-28 14:03:05',202),(203,'b06c5ac2-bb96-11eb-98fb-283926e47295',203,'sale',27,1275320.77,251756.00,1.14,669,121,'1979-06-10 02:58:52',203),(204,'b06d8ea7-bb96-11eb-98fb-283926e47295',204,'return',40,3776365.21,91.00,0.39,635,155,'1998-11-17 06:48:40',204),(205,'b06e90b0-bb96-11eb-98fb-283926e47295',205,'sale',13,5.37,206285.00,70443.70,879,83,'2006-10-13 01:34:24',205),(206,'b06f7bde-bb96-11eb-98fb-283926e47295',206,'sale',7,0.90,585980738.00,2.00,811,241,'2005-04-23 17:35:24',206),(207,'b0704f6e-bb96-11eb-98fb-283926e47295',207,'return',27,184972.20,6992.00,3228811.61,897,124,'1990-08-03 10:29:54',207),(208,'b0713fae-bb96-11eb-98fb-283926e47295',208,'return',4,5901557.90,0.00,30.70,237,113,'1997-03-10 22:14:09',208),(209,'b072185f-bb96-11eb-98fb-283926e47295',209,'sale',23,1549.37,85531.00,5698.56,263,8,'2000-02-25 02:00:42',209),(210,'b07324a1-bb96-11eb-98fb-283926e47295',210,'sale',11,41624781.05,209570635.00,5457.02,326,3,'1976-10-07 04:21:26',210),(211,'b0741d06-bb96-11eb-98fb-283926e47295',211,'return',30,0.00,86117974.00,38.38,616,252,'1999-06-12 11:19:12',211),(212,'b074fa16-bb96-11eb-98fb-283926e47295',212,'sale',28,66204958.31,794469717.00,5.45,295,0,'1986-07-17 17:42:32',212),(213,'b0760b56-bb96-11eb-98fb-283926e47295',213,'sale',24,41.59,22794.00,1928.64,478,84,'2019-02-07 15:59:41',213),(214,'b076c0c5-bb96-11eb-98fb-283926e47295',214,'sale',16,9.90,10102052.00,4107.00,901,100,'1996-03-29 03:06:13',214),(215,'b077b14b-bb96-11eb-98fb-283926e47295',215,'sale',0,166.66,8312.00,1870.00,169,85,'1989-11-24 22:05:04',215),(216,'b078b0c1-bb96-11eb-98fb-283926e47295',216,'return',9,42372.10,76443382.00,109614.02,606,179,'1977-07-09 13:04:14',1),(217,'b079a775-bb96-11eb-98fb-283926e47295',217,'return',22,2759663.77,8099.00,1601.98,409,7,'1989-05-23 09:18:11',2),(218,'b07a856e-bb96-11eb-98fb-283926e47295',218,'sale',26,2466.91,7550.00,17.98,167,220,'1988-06-03 21:42:08',3),(219,'b07bc654-bb96-11eb-98fb-283926e47295',219,'return',41,4.00,363201.00,179859.00,240,234,'1974-03-12 21:48:17',4),(220,'b07cacde-bb96-11eb-98fb-283926e47295',220,'sale',40,45175.95,8366.00,19.82,718,4,'1989-09-04 23:35:21',5),(221,'b07dae18-bb96-11eb-98fb-283926e47295',221,'return',6,21.90,6.00,251814170.22,572,57,'1977-07-15 01:27:10',6),(222,'b07e9087-bb96-11eb-98fb-283926e47295',222,'return',1,54.00,245.00,369379358.18,361,72,'1991-04-26 14:48:53',7),(223,'b07f56b1-bb96-11eb-98fb-283926e47295',223,'sale',37,0.00,0.00,64254.91,451,151,'1981-05-20 13:35:42',8),(224,'b08030da-bb96-11eb-98fb-283926e47295',224,'return',5,460.84,306819.00,42454274.36,868,63,'1987-10-10 15:21:32',9),(225,'b081255b-bb96-11eb-98fb-283926e47295',225,'sale',35,4.70,0.00,16487686.27,958,223,'2010-06-05 02:32:25',10),(226,'b0820ceb-bb96-11eb-98fb-283926e47295',226,'return',39,55777.61,31879905.00,5812392.12,900,255,'2015-06-08 22:15:30',11),(227,'b08315a0-bb96-11eb-98fb-283926e47295',227,'sale',6,60875967.69,76727.00,4438270.38,11,300,'2008-01-24 02:56:41',12),(228,'b08406dc-bb96-11eb-98fb-283926e47295',228,'sale',29,1630321.00,821822301.00,330654902.50,626,276,'2013-11-12 12:33:25',13),(229,'b084f430-bb96-11eb-98fb-283926e47295',229,'return',31,298053756.70,511852683.00,2.33,553,235,'1977-02-27 16:14:04',14),(230,'b085dbde-bb96-11eb-98fb-283926e47295',230,'return',20,4049338.70,93.00,0.00,443,43,'2018-02-07 10:47:50',15),(231,'b086f3f6-bb96-11eb-98fb-283926e47295',231,'sale',8,5087772.73,45984.00,4153593.36,981,93,'1970-11-27 20:26:03',16),(232,'b087b5ea-bb96-11eb-98fb-283926e47295',232,'return',32,109.30,7180675.00,1.74,535,138,'1987-06-15 22:40:55',17),(233,'b088afb0-bb96-11eb-98fb-283926e47295',233,'return',43,47682.68,133698238.00,29458.49,867,186,'1972-10-04 20:25:14',18),(234,'b08a2cc8-bb96-11eb-98fb-283926e47295',234,'return',27,3644080.90,42.00,53.47,44,249,'2017-11-16 08:00:10',19),(235,'b08b2d94-bb96-11eb-98fb-283926e47295',235,'return',36,19777087.85,2461473.00,830163.07,574,59,'2003-01-14 23:57:48',20),(236,'b08bf625-bb96-11eb-98fb-283926e47295',236,'return',23,3.80,506153861.00,11.67,987,109,'1982-01-08 10:30:26',21),(237,'b08caef3-bb96-11eb-98fb-283926e47295',237,'sale',43,0.00,15.00,1458073.39,934,65,'2005-10-10 05:04:40',22),(238,'b08d9f9c-bb96-11eb-98fb-283926e47295',238,'return',37,4.00,534.00,0.50,477,108,'2018-04-25 02:54:50',23),(239,'b08e7b77-bb96-11eb-98fb-283926e47295',239,'return',16,34863595.17,38.00,7020006.00,801,197,'2010-09-20 07:03:20',24),(240,'b08f5d47-bb96-11eb-98fb-283926e47295',240,'sale',11,86827756.47,7873510.00,951.00,788,18,'2004-08-30 04:08:52',25),(241,'b0905dab-bb96-11eb-98fb-283926e47295',241,'sale',40,6438868.81,95365671.00,12944.13,549,53,'1970-08-26 20:57:49',26),(242,'b0914d1f-bb96-11eb-98fb-283926e47295',242,'sale',33,233400993.11,50092.00,339519.85,254,22,'1989-10-03 23:56:04',27),(243,'b09241bf-bb96-11eb-98fb-283926e47295',243,'sale',4,2008739.69,99.00,0.60,305,112,'2010-08-17 13:44:22',28),(244,'b09338f9-bb96-11eb-98fb-283926e47295',244,'sale',5,340358.12,15410220.00,4862.92,962,152,'1986-06-16 04:02:39',29),(245,'b09431fb-bb96-11eb-98fb-283926e47295',245,'return',10,292.51,208.00,13124.71,699,56,'2005-05-12 14:33:46',30),(246,'b095bc23-bb96-11eb-98fb-283926e47295',246,'sale',18,14.43,0.00,14992.81,473,106,'1971-09-05 20:37:49',31),(247,'b096d595-bb96-11eb-98fb-283926e47295',247,'return',13,34903.72,476785692.00,202569375.19,112,159,'1979-12-29 16:00:22',32),(248,'b0979cf5-bb96-11eb-98fb-283926e47295',248,'return',19,474.13,445.00,0.00,999,199,'1975-01-17 14:06:09',33),(249,'b0985c6b-bb96-11eb-98fb-283926e47295',249,'return',4,84704354.44,42072338.00,10.00,556,203,'2010-08-25 13:36:41',34),(250,'b099b6ee-bb96-11eb-98fb-283926e47295',250,'sale',8,363.83,0.00,547.00,44,44,'1987-03-18 00:46:37',35),(251,'b09a9970-bb96-11eb-98fb-283926e47295',251,'return',33,3.64,45476.00,0.95,44,58,'1999-09-04 13:36:45',36),(252,'b09b6f86-bb96-11eb-98fb-283926e47295',252,'sale',21,0.00,4973.00,34131.60,983,131,'1975-12-13 13:15:09',37),(253,'b09c6722-bb96-11eb-98fb-283926e47295',253,'return',21,699185.50,25.00,0.00,0,138,'1972-10-04 10:06:56',38),(254,'b09d4785-bb96-11eb-98fb-283926e47295',254,'return',31,6747.11,53.00,16.00,118,60,'2011-10-25 14:43:25',39),(255,'b09e31a8-bb96-11eb-98fb-283926e47295',255,'return',40,11190442.33,33423931.00,16979.20,687,180,'2005-03-12 21:09:32',40),(256,'b09f2181-bb96-11eb-98fb-283926e47295',256,'sale',5,714064113.68,3519.00,527200.20,334,88,'1971-07-29 07:46:35',41),(257,'b09ffde5-bb96-11eb-98fb-283926e47295',257,'sale',23,1149.18,30172789.00,6.72,740,170,'1970-09-29 11:43:40',42),(258,'b0a10843-bb96-11eb-98fb-283926e47295',258,'sale',25,25253490.12,0.00,0.00,50,187,'1970-10-16 22:47:06',43),(259,'b0a1f9ed-bb96-11eb-98fb-283926e47295',259,'sale',26,434392.19,395.00,45.51,259,71,'1975-05-26 15:28:46',44),(260,'b0a306fe-bb96-11eb-98fb-283926e47295',260,'return',14,6738108.50,5.00,66038.27,337,64,'2000-08-26 12:45:12',45),(261,'b0a3ba7f-bb96-11eb-98fb-283926e47295',261,'sale',26,216678.73,377.00,2.40,89,65,'1993-04-22 23:24:09',46),(262,'b0a48fe1-bb96-11eb-98fb-283926e47295',262,'sale',26,0.00,0.00,333488208.00,331,115,'2005-05-01 06:12:40',47),(263,'b0a5867d-bb96-11eb-98fb-283926e47295',263,'sale',15,0.70,5553.00,317799.48,374,242,'1984-12-29 18:33:13',48),(264,'b0a66754-bb96-11eb-98fb-283926e47295',264,'return',2,0.00,99.00,0.00,161,198,'2016-03-07 08:56:34',49),(265,'b0a74bfa-bb96-11eb-98fb-283926e47295',265,'return',38,9459.46,0.00,806369383.99,606,263,'1973-12-25 00:54:34',50),(266,'b0a8286a-bb96-11eb-98fb-283926e47295',266,'return',37,3412.96,23805971.00,4.84,484,198,'1987-09-25 05:56:35',51),(267,'b0a939dd-bb96-11eb-98fb-283926e47295',267,'return',16,3139409.40,78.00,5542.76,595,24,'2017-08-23 17:11:45',52),(268,'b0aa07d1-bb96-11eb-98fb-283926e47295',268,'sale',23,1228.30,0.00,0.00,968,2,'1981-04-14 01:41:49',53),(269,'b0ab5244-bb96-11eb-98fb-283926e47295',269,'return',30,270177.10,0.00,28952.09,241,55,'1983-04-16 11:07:15',54),(270,'b0ac5958-bb96-11eb-98fb-283926e47295',270,'sale',7,81616.14,1205.00,2054358.71,243,212,'2020-12-20 17:32:42',55),(271,'b0ad2165-bb96-11eb-98fb-283926e47295',271,'sale',0,225198725.61,76.00,1439337.57,755,87,'2014-07-21 08:32:59',56),(272,'b0ae0993-bb96-11eb-98fb-283926e47295',272,'sale',38,331893.00,937901.00,0.00,538,57,'1998-11-27 20:39:04',57),(273,'b0aefa92-bb96-11eb-98fb-283926e47295',273,'sale',45,2459.00,0.00,1296837.55,346,57,'1990-10-07 21:03:36',58),(274,'b0afd300-bb96-11eb-98fb-283926e47295',274,'sale',42,636.21,286841.00,161762741.98,385,152,'2005-05-13 21:03:59',59),(275,'b0b0d37d-bb96-11eb-98fb-283926e47295',275,'sale',28,520287653.73,2890.00,0.00,333,188,'1982-03-12 03:01:46',60),(276,'b0b1cafe-bb96-11eb-98fb-283926e47295',276,'sale',0,13.81,273.00,634074.87,643,203,'1974-01-25 14:36:39',61),(277,'b0b29a7c-bb96-11eb-98fb-283926e47295',277,'return',18,21.25,2.00,7054268.35,389,155,'1984-07-24 09:15:06',62),(278,'b0b36bdd-bb96-11eb-98fb-283926e47295',278,'sale',41,288519779.58,64.00,0.10,586,130,'1984-12-29 22:17:23',63),(279,'b0b4607f-bb96-11eb-98fb-283926e47295',279,'sale',25,6106488.20,9895770.00,10.36,356,170,'2016-05-26 13:26:25',64),(280,'b0b55863-bb96-11eb-98fb-283926e47295',280,'return',7,0.67,906013.00,560692056.40,786,234,'1973-06-27 20:10:29',65),(281,'b0b6382f-bb96-11eb-98fb-283926e47295',281,'return',12,0.00,3764.00,0.00,733,282,'1978-10-16 09:06:56',66),(282,'b0b70a11-bb96-11eb-98fb-283926e47295',282,'return',21,204.68,2972.00,7.73,941,206,'2019-02-23 13:18:57',67),(283,'b0b7efd6-bb96-11eb-98fb-283926e47295',283,'sale',38,8038044.85,9442888.00,21125.98,945,221,'1973-10-20 20:40:24',68),(284,'b0b8c7f1-bb96-11eb-98fb-283926e47295',284,'return',30,0.00,601041437.00,10.00,50,223,'1980-06-13 20:11:05',69),(285,'b0b9e1bb-bb96-11eb-98fb-283926e47295',285,'sale',36,1423.09,3.00,131145118.29,356,103,'2021-01-13 13:30:56',70),(286,'b0bac981-bb96-11eb-98fb-283926e47295',286,'sale',20,37.00,51271.00,23464.86,900,48,'1972-10-16 22:31:30',71),(287,'b0bc3d63-bb96-11eb-98fb-283926e47295',287,'sale',28,113336.92,90683.00,0.00,103,15,'2007-12-26 00:57:39',72),(288,'b0bd0721-bb96-11eb-98fb-283926e47295',288,'sale',1,719355.91,44041993.00,218679980.85,627,246,'1975-07-07 18:18:32',73),(289,'b0bde78c-bb96-11eb-98fb-283926e47295',289,'sale',12,7688942.69,51.00,2693.48,633,106,'1978-11-19 20:04:51',74),(290,'b0bedef0-bb96-11eb-98fb-283926e47295',290,'return',35,492218.28,598247887.00,115830.50,394,53,'2012-10-16 12:21:49',75),(291,'b0bfdd1b-bb96-11eb-98fb-283926e47295',291,'sale',16,0.00,8799196.00,3046.00,499,259,'1996-07-18 23:48:48',76),(292,'b0c0c14a-bb96-11eb-98fb-283926e47295',292,'return',36,0.00,5.00,392062.60,144,209,'1995-02-26 09:37:53',77),(293,'b0c1968c-bb96-11eb-98fb-283926e47295',293,'sale',42,28.83,7522092.00,37.87,735,164,'1982-11-16 09:49:47',78),(294,'b0c24e5d-bb96-11eb-98fb-283926e47295',294,'sale',31,60413388.80,7021111.00,0.00,596,259,'2018-10-17 17:12:03',79),(295,'b0c378ac-bb96-11eb-98fb-283926e47295',295,'sale',21,2668921.51,8611.00,20870.57,731,51,'1994-05-23 13:19:06',80),(296,'b0c44e43-bb96-11eb-98fb-283926e47295',296,'sale',27,86368.09,185525.00,59127.78,653,137,'1981-12-25 06:29:27',81),(297,'b0c54e2c-bb96-11eb-98fb-283926e47295',297,'return',44,0.00,98.00,16254.88,127,89,'1984-11-26 18:03:26',82),(298,'b0c63717-bb96-11eb-98fb-283926e47295',298,'return',1,40268182.30,5736960.00,0.00,80,209,'1994-09-14 19:31:57',83),(299,'b0c71071-bb96-11eb-98fb-283926e47295',299,'return',25,69.00,229.00,45.17,315,104,'1998-01-13 15:30:26',84),(300,'b0c84740-bb96-11eb-98fb-283926e47295',300,'sale',26,23117.48,491417.00,484.14,396,197,'2015-08-16 11:06:06',85),(301,'b0c92aee-bb96-11eb-98fb-283926e47295',301,'sale',10,668.35,365142987.00,619801.41,539,67,'2011-06-29 14:14:54',86),(302,'b0ca11e2-bb96-11eb-98fb-283926e47295',302,'sale',43,1.60,576484225.00,6353588.55,296,150,'1989-10-14 07:02:04',87),(303,'b0cb6064-bb96-11eb-98fb-283926e47295',303,'sale',38,51605.90,56.00,0.00,587,231,'2012-05-09 15:01:01',88),(304,'b0cc441a-bb96-11eb-98fb-283926e47295',304,'return',15,302.78,13605.00,71608.00,627,113,'1992-03-29 16:21:23',89),(305,'b0cd2790-bb96-11eb-98fb-283926e47295',305,'sale',18,32903288.36,93.00,466692332.73,407,15,'1998-08-31 12:03:15',90),(306,'b0ce0824-bb96-11eb-98fb-283926e47295',306,'return',16,23101.00,82550329.00,470032.01,686,134,'2020-08-22 10:07:45',91),(307,'b0cf18e8-bb96-11eb-98fb-283926e47295',307,'return',42,438.32,541026579.00,0.00,809,167,'2012-02-14 00:13:01',92),(308,'b0cfd418-bb96-11eb-98fb-283926e47295',308,'return',19,43.80,212128.00,5913751.17,981,201,'2005-04-11 00:18:59',93),(309,'b0d0a4dc-bb96-11eb-98fb-283926e47295',309,'sale',33,1351.64,0.00,627269567.18,841,268,'2011-09-27 03:30:15',94),(310,'b0d16ffd-bb96-11eb-98fb-283926e47295',310,'return',10,0.00,0.00,996841.44,690,81,'1975-09-29 21:20:52',95),(311,'b0d23e4b-bb96-11eb-98fb-283926e47295',311,'return',20,711972.10,167157026.00,3.08,4,227,'1993-06-05 17:27:29',96),(312,'b0d2ec2f-bb96-11eb-98fb-283926e47295',312,'sale',29,475.54,109922.00,87320117.00,555,32,'1972-12-22 22:29:52',97),(313,'b0d3df42-bb96-11eb-98fb-283926e47295',313,'sale',0,13.18,359018510.00,2616.79,856,127,'2003-12-25 05:12:19',98),(314,'b0d4eaec-bb96-11eb-98fb-283926e47295',314,'sale',21,2.10,23901.00,4322641.96,872,175,'1982-12-05 16:46:43',99),(315,'b0d5b067-bb96-11eb-98fb-283926e47295',315,'return',0,18531.51,8878.00,3.94,123,82,'2012-06-12 02:10:28',100),(316,'b0d67168-bb96-11eb-98fb-283926e47295',316,'return',12,0.00,5.00,311026285.37,981,266,'2016-03-25 12:11:22',101),(317,'b0d734e4-bb96-11eb-98fb-283926e47295',317,'return',28,2667.00,0.00,311748.71,202,250,'1971-07-03 10:33:59',102),(318,'b0d82356-bb96-11eb-98fb-283926e47295',318,'return',22,4.80,8140892.00,830.07,917,1,'1975-08-22 17:58:52',103),(319,'b0d92200-bb96-11eb-98fb-283926e47295',319,'sale',19,88705250.32,749164.00,6.22,24,158,'1977-04-19 20:21:28',104),(320,'b0da0800-bb96-11eb-98fb-283926e47295',320,'return',36,75.90,0.00,89.05,385,155,'2011-04-20 13:10:36',105),(321,'b0dae208-bb96-11eb-98fb-283926e47295',321,'sale',13,1273794.38,9.00,0.00,870,80,'1978-06-23 01:56:03',106),(322,'b0dbcfcd-bb96-11eb-98fb-283926e47295',322,'sale',9,192.50,979734.00,9103204.10,142,26,'1991-06-03 22:54:44',107),(323,'b0de25f2-bb96-11eb-98fb-283926e47295',323,'sale',7,0.00,0.00,463.25,419,56,'1975-12-13 08:27:09',108),(324,'b0df12ec-bb96-11eb-98fb-283926e47295',324,'sale',11,2.42,890458909.00,0.00,983,106,'1991-04-02 19:37:38',109),(325,'b0dfff1f-bb96-11eb-98fb-283926e47295',325,'return',38,50174.00,83.00,0.00,249,291,'2018-07-28 09:18:48',110),(326,'b0e0d9c6-bb96-11eb-98fb-283926e47295',326,'return',36,0.00,0.00,24426.90,910,47,'1999-11-17 01:15:32',111),(327,'b0e1d096-bb96-11eb-98fb-283926e47295',327,'sale',42,0.00,0.00,376967450.00,212,157,'2017-04-17 19:39:59',112),(328,'b0e29ad0-bb96-11eb-98fb-283926e47295',328,'sale',36,750512.86,11.00,252.35,485,116,'1980-07-17 21:19:15',113),(329,'b0e40de5-bb96-11eb-98fb-283926e47295',329,'return',42,3833.40,75175201.00,107.00,683,205,'2018-02-18 17:05:07',114),(330,'b0e4f349-bb96-11eb-98fb-283926e47295',330,'sale',33,0.00,2.00,7.68,733,136,'1983-09-10 07:21:22',115),(331,'b0e5d52d-bb96-11eb-98fb-283926e47295',331,'return',30,49.81,745756569.00,1244946.28,769,262,'1977-12-18 22:28:17',116),(332,'b0e6e473-bb96-11eb-98fb-283926e47295',332,'return',31,1098.55,235589616.00,83832.48,339,106,'2000-11-08 18:29:49',117),(333,'b0e7a9ec-bb96-11eb-98fb-283926e47295',333,'return',26,278225015.91,71897.00,651.41,477,17,'2005-05-10 01:38:28',118),(334,'b0e88dd9-bb96-11eb-98fb-283926e47295',334,'sale',36,0.00,8643.00,170099.00,290,2,'2007-03-12 23:24:04',119),(335,'b0e9794a-bb96-11eb-98fb-283926e47295',335,'sale',14,371153.00,974.00,881823.50,798,102,'1981-10-22 13:01:24',120),(336,'b0ea7f4f-bb96-11eb-98fb-283926e47295',336,'return',20,3062635.86,8997263.00,397423.13,684,151,'1975-11-14 01:02:05',121),(337,'b0ebe917-bb96-11eb-98fb-283926e47295',337,'sale',43,1922876.49,22.00,42.75,49,50,'2017-09-01 16:39:09',122),(338,'b0ecc265-bb96-11eb-98fb-283926e47295',338,'return',12,0.00,76995.00,160125854.66,28,110,'1982-04-13 21:02:09',123),(339,'b0edb100-bb96-11eb-98fb-283926e47295',339,'return',6,9859403.52,1.00,150.26,703,202,'2009-05-12 07:14:52',124),(340,'b0ee9919-bb96-11eb-98fb-283926e47295',340,'sale',30,0.00,223198556.00,17.87,391,167,'1979-01-05 07:57:37',125),(341,'b0ef71b1-bb96-11eb-98fb-283926e47295',341,'sale',12,0.40,2402402.00,112.22,863,200,'2014-10-28 08:09:49',126),(342,'b0f06746-bb96-11eb-98fb-283926e47295',342,'sale',25,64.45,23.00,1309376.04,37,171,'2010-03-31 23:04:39',127),(343,'b0f13726-bb96-11eb-98fb-283926e47295',343,'sale',35,6.92,7074957.00,6577.04,874,10,'1984-08-11 15:50:04',128),(344,'b0f1f0de-bb96-11eb-98fb-283926e47295',344,'return',28,18451.78,4873.00,157260.30,558,152,'2013-02-21 07:48:07',129),(345,'b0f2bc53-bb96-11eb-98fb-283926e47295',345,'return',0,55.01,434201.00,1733.43,631,247,'1978-06-30 08:28:50',130),(346,'b0f3efad-bb96-11eb-98fb-283926e47295',346,'return',7,280.79,2098.00,22260.30,776,251,'1985-04-04 10:13:13',131),(347,'b0f4d611-bb96-11eb-98fb-283926e47295',347,'return',26,8729.37,0.00,1833.85,57,277,'1979-08-08 03:03:41',132),(348,'b0f635f5-bb96-11eb-98fb-283926e47295',348,'sale',7,33.00,0.00,3.76,605,129,'2016-05-18 21:33:54',133),(349,'b0f6f4fe-bb96-11eb-98fb-283926e47295',349,'return',12,18.79,0.00,18050307.99,67,211,'1976-01-05 13:03:56',134),(350,'b0f7d351-bb96-11eb-98fb-283926e47295',350,'sale',26,16857961.47,676068.00,2025954.15,448,54,'1983-10-10 18:08:58',135),(351,'b0f8d440-bb96-11eb-98fb-283926e47295',351,'sale',15,307132.22,202429543.00,214.95,485,35,'2016-12-28 20:17:06',136),(352,'b0f9d08e-bb96-11eb-98fb-283926e47295',352,'return',26,0.40,24802.00,0.00,422,291,'1973-02-17 12:53:52',137),(353,'b0fa9f95-bb96-11eb-98fb-283926e47295',353,'sale',35,354445967.38,624987282.00,404.14,739,223,'2011-04-17 19:45:07',138),(354,'b0fb8ab8-bb96-11eb-98fb-283926e47295',354,'return',22,527.00,98.00,2.70,577,75,'2013-10-26 12:27:59',139),(355,'b0fc6925-bb96-11eb-98fb-283926e47295',355,'sale',40,0.00,377837.00,46548416.00,853,136,'1975-10-22 13:37:16',140),(356,'b0fda438-bb96-11eb-98fb-283926e47295',356,'sale',4,44.03,68971747.00,1401.76,325,294,'1971-07-06 23:22:46',141),(357,'b0fe8c5c-bb96-11eb-98fb-283926e47295',357,'return',32,3591.07,897747993.00,67441745.92,508,86,'1982-07-31 23:09:24',142),(358,'b0ff69b0-bb96-11eb-98fb-283926e47295',358,'sale',33,0.00,4380.00,0.00,821,178,'2012-12-30 17:22:05',143),(359,'b10096a7-bb96-11eb-98fb-283926e47295',359,'return',29,2563.11,44.00,7389.17,55,238,'1992-05-22 11:54:11',144),(360,'b1019333-bb96-11eb-98fb-283926e47295',360,'sale',12,437.48,35111.00,3457166.95,43,167,'1984-10-06 12:40:39',145),(361,'b1027304-bb96-11eb-98fb-283926e47295',361,'sale',13,908.43,0.00,208671.50,3,236,'1985-02-05 06:47:57',146),(362,'b10368e2-bb96-11eb-98fb-283926e47295',362,'return',37,38.30,933055.00,133353621.16,978,100,'2003-05-03 15:19:56',147),(363,'b1043b1e-bb96-11eb-98fb-283926e47295',363,'sale',38,13470.87,8120.00,0.00,747,54,'1981-12-22 09:00:47',148),(364,'b104fdaa-bb96-11eb-98fb-283926e47295',364,'sale',8,1.61,94951.00,2.41,875,280,'1988-05-06 12:43:57',149),(365,'b105df21-bb96-11eb-98fb-283926e47295',365,'sale',23,34.40,5817.00,2714.79,592,277,'2016-11-02 12:40:23',150),(366,'b106f98b-bb96-11eb-98fb-283926e47295',366,'sale',31,18642.33,6155635.00,1957740.62,514,147,'1970-11-20 05:09:53',151),(367,'b108589e-bb96-11eb-98fb-283926e47295',367,'sale',11,4388.99,11799565.00,208.40,125,22,'1990-10-01 13:55:02',152),(368,'b1091ad5-bb96-11eb-98fb-283926e47295',368,'sale',2,3.70,50860.00,327.50,42,281,'1973-12-14 20:49:36',153),(369,'b109d990-bb96-11eb-98fb-283926e47295',369,'sale',21,0.00,6426.00,2329419.60,217,215,'1977-08-22 17:14:28',154),(370,'b10aae69-bb96-11eb-98fb-283926e47295',370,'return',15,472878.78,2034999.00,1090.63,478,288,'2020-07-18 12:18:18',155),(371,'b10bb294-bb96-11eb-98fb-283926e47295',371,'sale',9,5691.57,1.00,242689.34,261,87,'1978-05-12 04:02:04',156),(372,'b10c9bb8-bb96-11eb-98fb-283926e47295',372,'return',19,3.37,407.00,63223.21,67,279,'1993-05-06 21:43:20',157),(373,'b10daaa4-bb96-11eb-98fb-283926e47295',373,'sale',37,13641507.09,76376028.00,32.00,954,88,'1999-10-13 13:22:49',158),(374,'b10e7c80-bb96-11eb-98fb-283926e47295',374,'return',10,495367.93,137568717.00,58989.77,147,65,'1990-08-06 07:34:34',159),(375,'b10f6c1c-bb96-11eb-98fb-283926e47295',375,'sale',8,347191331.20,3525120.00,0.00,795,103,'2012-12-04 20:42:11',160),(376,'b110438e-bb96-11eb-98fb-283926e47295',376,'sale',7,28550.82,0.00,5.20,952,176,'1986-04-18 04:33:12',161),(377,'b1110bb5-bb96-11eb-98fb-283926e47295',377,'return',37,0.00,49.00,238.28,120,107,'1999-07-04 07:37:26',162),(378,'b111c696-bb96-11eb-98fb-283926e47295',378,'sale',6,0.00,31.00,0.00,513,93,'2020-11-02 12:59:09',163),(379,'b112ae89-bb96-11eb-98fb-283926e47295',379,'sale',7,2657058.30,323484.00,0.00,972,65,'1970-10-23 23:10:17',164),(380,'b1138006-bb96-11eb-98fb-283926e47295',380,'return',43,222428.37,4247.00,0.00,625,243,'2021-04-28 20:44:48',165),(381,'b1145c71-bb96-11eb-98fb-283926e47295',381,'sale',13,6024.68,0.00,13.50,631,0,'2007-04-14 08:32:45',166),(382,'b1154225-bb96-11eb-98fb-283926e47295',382,'return',21,1078822.40,8600.00,11200220.51,632,42,'2014-12-13 20:18:31',167),(383,'b1164253-bb96-11eb-98fb-283926e47295',383,'sale',45,2038304.81,1270.00,32788586.00,245,134,'1988-05-26 10:11:27',168),(384,'b11712fc-bb96-11eb-98fb-283926e47295',384,'return',13,23.05,758160.00,5.66,792,118,'1990-09-11 20:14:26',169),(385,'b117ccb6-bb96-11eb-98fb-283926e47295',385,'sale',7,2.46,929703.00,255793.29,139,163,'2004-04-05 12:16:51',170),(386,'b11898e0-bb96-11eb-98fb-283926e47295',386,'return',40,414828961.00,37.00,16884.58,163,60,'1994-04-05 23:00:04',171),(387,'b1197c66-bb96-11eb-98fb-283926e47295',387,'sale',2,4208.40,401139.00,2.00,915,211,'2010-02-13 19:28:36',172),(388,'b11a65ed-bb96-11eb-98fb-283926e47295',388,'sale',31,34448027.52,8166.00,453945080.69,330,110,'1986-11-09 19:36:03',173),(389,'b11b49e1-bb96-11eb-98fb-283926e47295',389,'return',28,82691370.00,0.00,199483.68,116,199,'1985-07-18 04:23:15',174),(390,'b11c4375-bb96-11eb-98fb-283926e47295',390,'sale',22,7363250.94,59726.00,0.00,997,253,'2000-06-17 07:42:58',175),(391,'b11d2c8c-bb96-11eb-98fb-283926e47295',391,'sale',38,37.30,0.00,0.00,670,74,'1997-06-22 03:21:39',176),(392,'b11dd1a9-bb96-11eb-98fb-283926e47295',392,'sale',29,0.28,6136318.00,1902934.56,421,120,'1971-10-19 04:13:14',177),(393,'b11e9c77-bb96-11eb-98fb-283926e47295',393,'sale',40,6027941.00,478768.00,55689.10,238,170,'2005-11-05 07:43:28',178),(394,'b11f5c84-bb96-11eb-98fb-283926e47295',394,'return',40,2.84,21680695.00,47.39,598,83,'1987-06-23 14:47:45',179),(395,'b12036c1-bb96-11eb-98fb-283926e47295',395,'return',17,0.72,305468881.00,25684.89,49,176,'2007-08-02 16:54:30',180),(396,'b1210ed4-bb96-11eb-98fb-283926e47295',396,'return',14,654.35,7058530.00,61900.67,349,2,'2007-03-20 23:41:02',181),(397,'b1225f1a-bb96-11eb-98fb-283926e47295',397,'sale',45,80978869.34,416.00,23510357.86,991,95,'1975-06-24 02:53:41',182),(398,'b1236562-bb96-11eb-98fb-283926e47295',398,'return',5,0.00,82333.00,505296.00,556,251,'2020-03-25 10:33:12',183),(399,'b12438d0-bb96-11eb-98fb-283926e47295',399,'sale',15,33890.52,918228724.00,326.40,850,27,'1998-08-05 00:33:25',184),(400,'b125213e-bb96-11eb-98fb-283926e47295',400,'return',28,2372357.97,8571.00,2.20,505,10,'2005-07-16 12:03:33',185),(401,'b1260641-bb96-11eb-98fb-283926e47295',401,'sale',4,506678.80,943065347.00,3416397.68,288,211,'2001-06-25 03:02:21',186),(402,'b1270e76-bb96-11eb-98fb-283926e47295',402,'return',1,617922.67,89778642.00,512.43,136,148,'1988-05-28 04:40:18',187),(403,'b127e85f-bb96-11eb-98fb-283926e47295',403,'return',32,50.00,73712.00,0.00,758,298,'1975-12-12 18:41:02',188),(404,'b128e09d-bb96-11eb-98fb-283926e47295',404,'return',25,630.60,52994.00,750052.03,324,245,'1998-09-24 00:27:18',189),(405,'b129b4bc-bb96-11eb-98fb-283926e47295',405,'sale',41,23380.11,3.00,70.00,985,38,'1978-02-05 03:55:14',190),(406,'b12ab53f-bb96-11eb-98fb-283926e47295',406,'sale',40,469615916.00,881.00,4374125.85,654,4,'2001-05-04 10:41:33',191),(407,'b12b85ad-bb96-11eb-98fb-283926e47295',407,'return',34,328553083.50,23829.00,0.00,253,62,'2003-06-09 14:08:16',192),(408,'b12c7460-bb96-11eb-98fb-283926e47295',408,'sale',18,345.09,0.00,620093.90,772,236,'1986-10-04 14:10:46',193),(409,'b12d51b6-bb96-11eb-98fb-283926e47295',409,'sale',1,80.30,970557.00,860790162.92,359,179,'2016-09-23 08:59:41',194),(410,'b12e34fd-bb96-11eb-98fb-283926e47295',410,'sale',23,47.62,270780405.00,0.00,562,58,'2021-02-22 00:01:31',195),(411,'b12f170f-bb96-11eb-98fb-283926e47295',411,'return',6,549233993.52,25.00,68.36,501,140,'2004-04-13 01:12:24',196),(412,'b130491e-bb96-11eb-98fb-283926e47295',412,'return',38,4507753.54,8974.00,11325743.73,847,71,'1985-09-17 22:45:59',197),(413,'b1319695-bb96-11eb-98fb-283926e47295',413,'sale',43,0.89,4978.00,466546450.98,437,203,'2004-07-30 13:33:04',198),(414,'b1327f39-bb96-11eb-98fb-283926e47295',414,'return',18,268795.56,37267.00,23406324.99,843,138,'1979-09-29 20:16:51',199),(415,'b1337eea-bb96-11eb-98fb-283926e47295',415,'return',42,8713.26,916.00,1.52,394,138,'2020-06-18 09:14:34',200),(416,'b13454bb-bb96-11eb-98fb-283926e47295',416,'return',16,40177.96,7.00,262075.50,917,92,'1983-07-06 05:35:52',201),(417,'b13534ae-bb96-11eb-98fb-283926e47295',417,'return',8,1.28,840828.00,414425.13,7,2,'2016-08-24 16:51:12',202),(418,'b13631d9-bb96-11eb-98fb-283926e47295',418,'return',8,159393191.50,0.00,182204.84,761,14,'2020-12-30 01:10:25',203),(419,'b1370a3d-bb96-11eb-98fb-283926e47295',419,'sale',9,0.00,780078.00,1061.87,490,47,'1978-04-27 17:58:47',204),(420,'b137dd98-bb96-11eb-98fb-283926e47295',420,'return',30,26664254.49,50.00,9.01,24,182,'2001-04-14 19:41:11',205),(421,'b138dce1-bb96-11eb-98fb-283926e47295',421,'return',39,121.15,84806597.00,138.87,429,152,'1988-10-09 15:08:39',206),(422,'b139c591-bb96-11eb-98fb-283926e47295',422,'sale',38,12251329.10,58882003.00,446220238.03,280,165,'1976-04-18 04:03:45',207),(423,'b13ab159-bb96-11eb-98fb-283926e47295',423,'sale',2,0.54,732.00,0.00,68,73,'2003-09-22 05:09:38',208),(424,'b13bc493-bb96-11eb-98fb-283926e47295',424,'sale',3,14112.90,5542.00,0.00,506,126,'1970-01-31 04:00:25',209),(425,'b13c84d1-bb96-11eb-98fb-283926e47295',425,'return',38,6318559.60,0.00,57709.40,814,74,'2006-03-07 11:26:04',210),(426,'b13de185-bb96-11eb-98fb-283926e47295',426,'return',28,455.17,5037630.00,1844.20,363,109,'2021-01-27 03:22:23',211),(427,'b13efe22-bb96-11eb-98fb-283926e47295',427,'sale',5,48993436.56,85783643.00,67.97,86,257,'1990-01-19 03:10:50',212),(428,'b13fe8e4-bb96-11eb-98fb-283926e47295',428,'return',11,7474182.74,972093936.00,63473189.37,401,243,'1999-09-04 19:48:43',213),(429,'b140c7fd-bb96-11eb-98fb-283926e47295',429,'sale',22,32.00,91243.00,45190540.28,126,249,'1973-09-24 10:09:56',214),(430,'b141af09-bb96-11eb-98fb-283926e47295',430,'return',15,0.00,112.00,4421833.42,321,114,'2000-01-26 18:56:55',215),(431,'b1431718-bb96-11eb-98fb-283926e47295',431,'sale',31,1.53,32.00,4414.33,980,160,'1972-05-24 04:04:24',1),(432,'b143e7c0-bb96-11eb-98fb-283926e47295',432,'return',16,0.00,95.00,0.00,359,20,'2017-03-22 21:45:27',2),(433,'b144dc8b-bb96-11eb-98fb-283926e47295',433,'sale',3,1.30,146282.00,420.84,676,220,'1978-09-27 05:50:47',3),(434,'b145bf14-bb96-11eb-98fb-283926e47295',434,'return',19,243993162.83,26101015.00,343.13,906,287,'1997-02-20 00:33:17',4),(435,'b146b295-bb96-11eb-98fb-283926e47295',435,'return',2,50601795.55,65007.00,1913.34,142,208,'2006-07-17 02:41:45',5),(436,'b1478a4c-bb96-11eb-98fb-283926e47295',436,'return',6,10366.57,186312.00,3002159.66,929,190,'2004-10-09 14:25:20',6),(437,'b1487f19-bb96-11eb-98fb-283926e47295',437,'sale',7,670.25,131523.00,211.67,138,33,'1971-08-27 22:11:52',7),(438,'b14958b2-bb96-11eb-98fb-283926e47295',438,'sale',39,0.00,7450.00,0.00,799,212,'1986-09-24 12:21:37',8),(439,'b14a478d-bb96-11eb-98fb-283926e47295',439,'return',12,26.46,23429692.00,2334.46,3,84,'1988-12-29 08:14:45',9),(440,'b14b586e-bb96-11eb-98fb-283926e47295',440,'sale',37,95120157.18,81386327.00,6.27,696,241,'1985-03-20 01:54:58',10),(441,'b14c2bc4-bb96-11eb-98fb-283926e47295',441,'return',6,13089.25,7898.00,49388.20,534,225,'1983-01-17 09:32:21',11),(442,'b14ce737-bb96-11eb-98fb-283926e47295',442,'return',23,2141198.76,61498390.00,0.00,614,11,'2013-01-11 06:28:22',12),(443,'b14da219-bb96-11eb-98fb-283926e47295',443,'sale',8,0.95,0.00,1847.33,87,298,'1995-10-04 05:03:51',13),(444,'b14e87ef-bb96-11eb-98fb-283926e47295',444,'sale',8,13510.65,62.00,203714235.00,583,177,'2006-10-27 06:10:54',14),(445,'b14f66a3-bb96-11eb-98fb-283926e47295',445,'sale',7,605901.68,92.00,10.01,345,31,'1978-11-07 18:44:43',15),(446,'b1506845-bb96-11eb-98fb-283926e47295',446,'return',8,1.36,0.00,3057776.03,542,228,'1989-11-06 22:35:01',16),(447,'b15122d4-bb96-11eb-98fb-283926e47295',447,'sale',25,0.00,9755.00,0.00,804,136,'2014-08-14 19:31:17',17),(448,'b151d27e-bb96-11eb-98fb-283926e47295',448,'sale',5,18087.51,103.00,3317732.83,580,254,'1984-07-05 08:12:11',18),(449,'b152abba-bb96-11eb-98fb-283926e47295',449,'sale',18,4.00,953594179.00,12985942.42,802,267,'2002-04-25 06:16:00',19),(450,'b1541b02-bb96-11eb-98fb-283926e47295',450,'sale',39,128156.08,158.00,2.29,501,54,'1976-03-14 16:01:42',20),(451,'b154d680-bb96-11eb-98fb-283926e47295',451,'return',27,1322.01,931766.00,3923264.44,886,99,'2011-08-21 06:05:24',21),(452,'b1559700-bb96-11eb-98fb-283926e47295',452,'sale',39,71424.15,492.00,446252.00,25,146,'1973-06-22 17:39:29',22),(453,'b1566b3b-bb96-11eb-98fb-283926e47295',453,'sale',13,236055.80,993953711.00,39.80,770,27,'1985-08-18 08:50:24',23),(454,'b1577598-bb96-11eb-98fb-283926e47295',454,'sale',11,726980967.02,9001.00,2.45,27,283,'1992-08-26 05:40:55',24),(455,'b158457c-bb96-11eb-98fb-283926e47295',455,'return',5,13.01,548239.00,2.58,497,285,'2012-07-26 16:18:22',25),(456,'b158fb8c-bb96-11eb-98fb-283926e47295',456,'sale',5,7756238.20,8.00,5.75,193,178,'2007-03-04 08:26:40',26),(457,'b159c592-bb96-11eb-98fb-283926e47295',457,'sale',23,1264.95,623128531.00,19211.90,325,72,'2002-06-16 22:22:02',27),(458,'b15a9cba-bb96-11eb-98fb-283926e47295',458,'sale',33,637.89,8679.00,859782.40,509,53,'1995-03-31 05:36:55',28),(459,'b15b92c2-bb96-11eb-98fb-283926e47295',459,'return',29,759.10,0.00,4346791.22,394,272,'2013-08-22 00:46:16',29),(460,'b15cfed4-bb96-11eb-98fb-283926e47295',460,'return',37,1792.52,2805.00,39655200.97,883,44,'2020-01-23 10:38:30',30),(461,'b15dde61-bb96-11eb-98fb-283926e47295',461,'return',0,9990.00,147.00,58258.19,604,167,'2016-02-19 00:09:25',31),(462,'b15e9f82-bb96-11eb-98fb-283926e47295',462,'return',30,2.12,68644.00,0.00,456,73,'2008-09-03 05:32:31',32),(463,'b15f665c-bb96-11eb-98fb-283926e47295',463,'return',12,47728.26,25130180.00,29912.85,329,235,'1981-02-22 14:11:17',33),(464,'b1604788-bb96-11eb-98fb-283926e47295',464,'sale',40,0.00,69886.00,2002.66,40,48,'1990-04-27 03:53:32',34),(465,'b1610376-bb96-11eb-98fb-283926e47295',465,'return',35,4.55,378260335.00,597887.50,503,205,'1997-08-15 20:11:45',35),(466,'b162329e-bb96-11eb-98fb-283926e47295',466,'sale',18,43566827.90,414.00,0.00,591,170,'1987-01-02 06:53:51',36),(467,'b1633167-bb96-11eb-98fb-283926e47295',467,'return',25,0.00,924921.00,299544.68,11,253,'1985-02-24 05:46:15',37),(468,'b1640da4-bb96-11eb-98fb-283926e47295',468,'sale',7,393344.14,870690.00,208764095.00,622,26,'1970-09-15 07:49:07',38),(469,'b164cfe9-bb96-11eb-98fb-283926e47295',469,'sale',13,6.46,15.00,39135518.23,344,220,'2005-09-07 03:44:58',39),(470,'b165cacc-bb96-11eb-98fb-283926e47295',470,'sale',25,6587192.47,414.00,40218.68,710,25,'2000-10-21 06:10:59',40),(471,'b16684d8-bb96-11eb-98fb-283926e47295',471,'return',20,336075.30,5423.00,433762.90,703,272,'1979-01-07 18:03:48',41),(472,'b1674815-bb96-11eb-98fb-283926e47295',472,'return',17,4896213.40,582343.00,2358236.24,234,241,'2020-08-17 18:47:17',42),(473,'b169d97f-bb96-11eb-98fb-283926e47295',473,'sale',33,267.49,0.00,28.03,33,67,'2005-08-09 12:11:10',43),(474,'b16afd23-bb96-11eb-98fb-283926e47295',474,'return',17,380.20,295064.00,6213.81,79,29,'2007-10-17 21:41:18',44),(475,'b16bda7b-bb96-11eb-98fb-283926e47295',475,'return',3,52738.96,4089268.00,601483.58,381,81,'1994-02-09 09:24:57',45),(476,'b16cc984-bb96-11eb-98fb-283926e47295',476,'return',15,68.67,169146634.00,26362912.93,373,286,'2020-10-22 13:04:34',46),(477,'b16da991-bb96-11eb-98fb-283926e47295',477,'return',9,922108.71,1811.00,51.30,191,97,'1989-09-17 05:06:00',47),(478,'b16ea9ca-bb96-11eb-98fb-283926e47295',478,'return',25,489.14,86.00,57.57,775,89,'1984-12-28 20:18:51',48),(479,'b16f9a11-bb96-11eb-98fb-283926e47295',479,'return',25,240345.77,489269071.00,529373.94,701,123,'1991-01-28 15:55:26',49),(480,'b1707040-bb96-11eb-98fb-283926e47295',480,'sale',45,33862.00,96812.00,48014647.00,970,45,'2005-01-29 17:38:41',50),(481,'b171bf72-bb96-11eb-98fb-283926e47295',481,'sale',20,74713426.39,96.00,5283537.19,198,38,'1991-09-07 21:58:16',51),(482,'b1728cb1-bb96-11eb-98fb-283926e47295',482,'sale',24,2101.00,26036716.00,190659.00,578,62,'2010-07-03 09:34:31',52),(483,'b173d7eb-bb96-11eb-98fb-283926e47295',483,'sale',35,11157.00,41723820.00,140119335.55,704,49,'1991-07-18 18:56:05',53),(484,'b174aa29-bb96-11eb-98fb-283926e47295',484,'return',9,0.49,40433.00,0.00,348,207,'2013-04-08 17:53:08',54),(485,'b175abea-bb96-11eb-98fb-283926e47295',485,'sale',28,122329543.97,26.00,0.26,298,198,'2000-10-11 08:55:46',55),(486,'b1766df4-bb96-11eb-98fb-283926e47295',486,'sale',6,6304712.24,9788.00,1204.14,338,39,'2003-11-30 16:24:17',56),(487,'b1773472-bb96-11eb-98fb-283926e47295',487,'sale',22,715576.50,212.00,1708.80,840,223,'2020-11-13 13:35:23',57),(488,'b1781024-bb96-11eb-98fb-283926e47295',488,'sale',32,1832917.47,26086.00,43.00,30,160,'1977-06-04 20:05:22',58),(489,'b1794535-bb96-11eb-98fb-283926e47295',489,'sale',12,424479067.91,2046.00,130305615.35,782,192,'1986-11-05 13:35:21',59),(490,'b17a2798-bb96-11eb-98fb-283926e47295',490,'sale',43,33741.40,720755439.00,10744.92,639,227,'2006-09-29 09:48:42',60),(491,'b17b11a6-bb96-11eb-98fb-283926e47295',491,'sale',4,3704.50,763.00,2674730.34,781,239,'2009-08-02 18:31:28',61),(492,'b17bf441-bb96-11eb-98fb-283926e47295',492,'return',44,0.00,5489575.00,10374.00,872,157,'2003-12-03 07:02:10',62),(493,'b17d09b2-bb96-11eb-98fb-283926e47295',493,'return',32,6324994.41,29.00,0.00,124,15,'2009-04-19 14:45:37',63),(494,'b17ddc29-bb96-11eb-98fb-283926e47295',494,'sale',34,74241830.38,866.00,39125207.47,568,195,'2018-07-24 12:32:43',64),(495,'b17ebc4d-bb96-11eb-98fb-283926e47295',495,'sale',40,6.40,733725.00,5.69,948,92,'1993-08-27 05:21:46',65),(496,'b17f9db8-bb96-11eb-98fb-283926e47295',496,'return',32,68.82,151548.00,4606.22,73,121,'2009-06-21 14:51:03',66),(497,'b180a75b-bb96-11eb-98fb-283926e47295',497,'sale',8,16079.11,8585.00,53902689.04,291,49,'1980-10-26 17:17:20',67),(498,'b1816658-bb96-11eb-98fb-283926e47295',498,'sale',2,239.39,892978.00,3886.70,785,215,'1971-09-27 22:04:41',68),(499,'b1823690-bb96-11eb-98fb-283926e47295',499,'sale',25,0.00,554446.00,81198564.67,392,194,'2003-02-26 01:17:40',69),(500,'b1830e74-bb96-11eb-98fb-283926e47295',500,'return',26,81880.70,236060.00,52971.03,961,14,'2013-07-03 03:59:31',70),(501,'b183f79f-bb96-11eb-98fb-283926e47295',501,'sale',34,0.00,1.00,3360783.40,378,139,'2010-01-12 05:07:48',71),(502,'b184eadd-bb96-11eb-98fb-283926e47295',502,'sale',4,28646890.02,72038559.00,34.04,135,300,'2017-02-20 01:24:34',72),(503,'b186194a-bb96-11eb-98fb-283926e47295',503,'return',11,2300.50,92417722.00,713881.51,106,47,'1984-06-21 22:27:13',73),(504,'b186eb0c-bb96-11eb-98fb-283926e47295',504,'return',26,0.42,2416.00,65655.00,669,195,'1971-08-21 13:50:46',74),(505,'b187e4be-bb96-11eb-98fb-283926e47295',505,'return',28,17.02,1659277.00,96.98,673,181,'1977-10-01 06:34:36',75),(506,'b188b650-bb96-11eb-98fb-283926e47295',506,'sale',23,861691.47,158112.00,0.00,74,140,'1981-10-08 07:53:57',76),(507,'b1897550-bb96-11eb-98fb-283926e47295',507,'sale',17,37266456.42,20264029.00,0.00,990,22,'1987-10-03 08:22:55',77),(508,'b18a524b-bb96-11eb-98fb-283926e47295',508,'sale',37,2928.80,5871723.00,20072029.37,945,224,'1972-05-31 00:42:46',78),(509,'b18b33f4-bb96-11eb-98fb-283926e47295',509,'sale',37,0.00,154892225.00,14138.33,297,266,'1985-12-19 11:50:27',79),(510,'b18c5274-bb96-11eb-98fb-283926e47295',510,'return',23,20313968.38,26293428.00,2395737.97,781,21,'2015-01-23 05:43:01',80),(511,'b18d121e-bb96-11eb-98fb-283926e47295',511,'sale',0,0.00,61786875.00,470973520.22,917,151,'1998-09-29 15:55:41',81),(512,'b18de1d1-bb96-11eb-98fb-283926e47295',512,'return',45,406.00,26.00,2893785.90,476,68,'1981-01-28 21:22:28',82),(513,'b18eb505-bb96-11eb-98fb-283926e47295',513,'sale',17,34157.40,7604.00,29490.65,975,183,'2015-01-08 22:07:47',83),(514,'b18fa58f-bb96-11eb-98fb-283926e47295',514,'return',12,1848814.00,28791557.00,245054561.46,685,29,'2019-08-12 13:54:44',84),(515,'b1907fc7-bb96-11eb-98fb-283926e47295',515,'sale',45,34700424.60,37.00,9527.49,561,245,'1993-06-02 11:02:18',85),(516,'b19224dc-bb96-11eb-98fb-283926e47295',516,'sale',13,99.00,78177.00,2702.28,426,272,'1974-07-29 07:46:39',86),(517,'b192e98f-bb96-11eb-98fb-283926e47295',517,'sale',26,1005757.30,111679058.00,0.00,260,197,'1979-03-09 17:32:34',87),(518,'b193b99a-bb96-11eb-98fb-283926e47295',518,'sale',18,231952.67,43910.00,0.47,533,138,'1970-09-19 18:13:41',88),(519,'b194a66b-bb96-11eb-98fb-283926e47295',519,'return',26,0.00,2231022.00,2329030.22,49,189,'1987-01-05 18:03:46',89),(520,'b1957db1-bb96-11eb-98fb-283926e47295',520,'sale',6,206.17,182.00,174311445.90,279,240,'1984-12-30 17:21:59',90),(521,'b1967409-bb96-11eb-98fb-283926e47295',521,'sale',8,13292910.71,39.00,349408.52,392,233,'2007-07-09 13:47:20',91),(522,'b19736a6-bb96-11eb-98fb-283926e47295',522,'return',35,1965989.00,0.00,1724465.99,317,139,'1990-11-30 19:53:01',92),(523,'b197dd95-bb96-11eb-98fb-283926e47295',523,'return',7,32399296.99,50925.00,77.57,109,131,'1978-11-04 07:05:40',93),(524,'b198a3d1-bb96-11eb-98fb-283926e47295',524,'return',3,6.99,912822868.00,10772.24,514,105,'2014-06-22 15:35:00',94),(525,'b199830d-bb96-11eb-98fb-283926e47295',525,'sale',45,12043233.00,845829.00,24318782.93,906,41,'2000-09-11 04:46:50',95),(526,'b19a6460-bb96-11eb-98fb-283926e47295',526,'sale',21,6403784.60,4511.00,1.78,278,260,'1988-12-17 16:59:22',96),(527,'b19b6329-bb96-11eb-98fb-283926e47295',527,'return',18,6.47,6875.00,0.00,142,198,'1979-06-09 02:16:05',97),(528,'b19c3017-bb96-11eb-98fb-283926e47295',528,'return',25,77681.36,899.00,1212423.90,769,65,'1976-11-23 22:44:04',98),(529,'b19cdcf9-bb96-11eb-98fb-283926e47295',529,'sale',11,2867963.60,47.00,0.00,58,236,'1987-04-26 01:20:07',99),(530,'b19dc742-bb96-11eb-98fb-283926e47295',530,'sale',37,322106238.00,4.00,1521926.26,706,118,'1973-09-01 09:26:22',100),(531,'b19e9d1e-bb96-11eb-98fb-283926e47295',531,'return',7,1.00,5.00,2093.49,984,94,'1999-11-27 06:18:23',101),(532,'b1a01291-bb96-11eb-98fb-283926e47295',532,'return',41,17.25,7.00,30088.84,527,219,'1984-03-14 13:08:33',102),(533,'b1a0ef68-bb96-11eb-98fb-283926e47295',533,'sale',29,3.47,48.00,1123.85,343,236,'2008-09-24 17:47:01',103),(534,'b1a1d8b6-bb96-11eb-98fb-283926e47295',534,'sale',14,199835.14,660898384.00,0.00,286,230,'1989-08-30 09:53:56',104),(535,'b1a2f62d-bb96-11eb-98fb-283926e47295',535,'sale',26,535.21,4097031.00,962443645.78,839,256,'2019-05-23 03:15:34',105),(536,'b1a3cac5-bb96-11eb-98fb-283926e47295',536,'sale',42,235055.08,2685.00,32890.02,136,231,'2003-01-17 08:03:17',106),(537,'b1a4b79c-bb96-11eb-98fb-283926e47295',537,'return',4,2127552.13,0.00,574505286.70,844,277,'1974-11-29 11:52:09',107),(538,'b1a594eb-bb96-11eb-98fb-283926e47295',538,'sale',18,0.00,243.00,5.82,380,169,'1980-05-13 04:58:34',108),(539,'b1a68c97-bb96-11eb-98fb-283926e47295',539,'sale',40,3061505.34,4104.00,73.75,17,237,'1978-01-25 06:36:20',109),(540,'b1a756ae-bb96-11eb-98fb-283926e47295',540,'return',12,3244.58,11839.00,85.85,449,90,'1976-04-18 10:13:54',110),(541,'b1a83b6f-bb96-11eb-98fb-283926e47295',541,'sale',34,44.28,962.00,0.00,446,206,'2008-01-22 15:11:54',111),(542,'b1a92b7e-bb96-11eb-98fb-283926e47295',542,'return',40,127.80,4302.00,0.00,464,143,'2001-05-21 20:20:38',112),(543,'b1aa3c5e-bb96-11eb-98fb-283926e47295',543,'sale',42,106662.37,95.00,14089.89,238,144,'1990-06-19 00:40:45',113),(544,'b1ab15db-bb96-11eb-98fb-283926e47295',544,'sale',43,0.00,0.00,0.00,794,168,'1981-08-07 23:47:01',114),(545,'b1ac01be-bb96-11eb-98fb-283926e47295',545,'sale',11,316892918.38,13.00,158877.44,990,8,'1977-11-18 12:07:29',115),(546,'b1ad0219-bb96-11eb-98fb-283926e47295',546,'return',45,0.00,29041901.00,217995618.61,417,63,'1989-09-25 14:58:28',116),(547,'b1ade265-bb96-11eb-98fb-283926e47295',547,'sale',21,11.73,9.00,462.20,477,77,'1995-08-15 09:46:57',117),(548,'b1af1de3-bb96-11eb-98fb-283926e47295',548,'return',16,266764.45,42703.00,5063.21,648,1,'2017-05-06 04:29:38',118),(549,'b1b01134-bb96-11eb-98fb-283926e47295',549,'sale',10,1129814.00,114.00,129.62,821,0,'1970-06-02 11:49:23',119),(550,'b1b0f4cc-bb96-11eb-98fb-283926e47295',550,'return',45,1.32,0.00,31483030.50,421,208,'2003-10-24 03:34:01',120),(551,'b1b1e3e0-bb96-11eb-98fb-283926e47295',551,'sale',7,539.72,153.00,148392066.70,765,300,'2011-01-30 06:43:16',121),(552,'b1b2c4d1-bb96-11eb-98fb-283926e47295',552,'return',36,36570.56,451799.00,51761301.33,441,6,'1978-10-07 20:18:43',122),(553,'b1b3d193-bb96-11eb-98fb-283926e47295',553,'sale',44,21.36,1912894.00,0.75,912,300,'2018-02-14 12:48:31',123),(554,'b1b4b5e8-bb96-11eb-98fb-283926e47295',554,'sale',0,39724.37,772887.00,271918938.35,60,127,'1995-02-26 21:03:29',124),(555,'b1b5bd8c-bb96-11eb-98fb-283926e47295',555,'sale',38,347964306.54,943374.00,451500534.95,905,141,'2014-11-09 23:46:40',125),(556,'b1b688d6-bb96-11eb-98fb-283926e47295',556,'return',35,407688205.00,393821925.00,39436.27,542,248,'1984-07-15 11:34:05',126),(557,'b1b7ae50-bb96-11eb-98fb-283926e47295',557,'return',24,1450.34,0.00,0.00,794,44,'2008-11-30 03:43:37',127),(558,'b1b8731c-bb96-11eb-98fb-283926e47295',558,'return',32,1281887.82,390.00,1044.00,807,25,'1985-06-15 18:15:32',128),(559,'b1b9561b-bb96-11eb-98fb-283926e47295',559,'return',10,258702.00,51.00,7247496.90,22,202,'1986-03-15 10:58:02',129),(560,'b1ba83b8-bb96-11eb-98fb-283926e47295',560,'return',20,0.00,827889.00,321320.00,169,222,'2017-04-29 17:12:09',130),(561,'b1bb933b-bb96-11eb-98fb-283926e47295',1,'sale',20,5511.96,2859948.00,0.00,254,290,'2017-04-04 14:25:55',131),(562,'b1bc7555-bb96-11eb-98fb-283926e47295',2,'return',6,4836.84,72662838.00,239986.76,396,181,'2003-10-09 18:06:49',132),(563,'b1bd7b0a-bb96-11eb-98fb-283926e47295',3,'return',40,12.56,3392.00,0.46,100,232,'2019-12-23 14:08:02',133),(564,'b1be3c7a-bb96-11eb-98fb-283926e47295',4,'sale',19,38694.67,274.00,786471.59,225,123,'1997-04-12 18:36:51',134),(565,'b1beeba2-bb96-11eb-98fb-283926e47295',5,'sale',45,467227288.30,23.00,604641793.20,13,261,'2003-04-27 11:56:42',135),(566,'b1bfb29a-bb96-11eb-98fb-283926e47295',6,'return',8,59637588.56,0.00,3872.60,253,135,'1989-03-14 03:26:05',136),(567,'b1c09f9c-bb96-11eb-98fb-283926e47295',7,'sale',1,661.24,45.00,0.00,99,45,'2005-04-24 06:31:06',137),(568,'b1c18673-bb96-11eb-98fb-283926e47295',8,'return',31,4981514.10,57728833.00,4602.00,162,168,'2002-07-10 11:54:52',138),(569,'b1c2ad9d-bb96-11eb-98fb-283926e47295',9,'sale',0,41938234.87,35.00,66.23,100,196,'2017-09-18 09:26:15',139),(570,'b1c3ddaa-bb96-11eb-98fb-283926e47295',10,'sale',2,222477492.93,250001484.00,1189.28,365,81,'2020-08-14 15:15:21',140),(571,'b1c4928d-bb96-11eb-98fb-283926e47295',11,'sale',45,104.77,4.00,9.00,554,236,'1992-10-16 07:17:55',141),(572,'b1c573ba-bb96-11eb-98fb-283926e47295',12,'return',34,106.96,2358558.00,7105.97,176,244,'1998-10-09 07:08:47',142),(573,'b1c660a1-bb96-11eb-98fb-283926e47295',13,'sale',26,623.00,5.00,17.98,664,203,'1992-11-11 09:18:33',143),(574,'b1c794ef-bb96-11eb-98fb-283926e47295',14,'return',36,489.01,564804912.00,24300.57,296,184,'1997-08-14 07:48:21',144),(575,'b1c85387-bb96-11eb-98fb-283926e47295',15,'sale',24,2452.93,6.00,6691422.28,314,117,'1970-02-18 02:11:55',145),(576,'b1c9219d-bb96-11eb-98fb-283926e47295',16,'return',26,70518.29,923.00,43.83,709,73,'2010-05-10 16:41:49',146),(577,'b1c9f592-bb96-11eb-98fb-283926e47295',17,'return',13,1.60,865.00,1.99,205,164,'2009-07-16 15:09:47',147),(578,'b1caf4ba-bb96-11eb-98fb-283926e47295',18,'sale',40,57.28,30841164.00,82208781.86,26,2,'1984-11-11 17:27:47',148),(579,'b1cbd1c5-bb96-11eb-98fb-283926e47295',19,'sale',23,0.40,4953800.00,20708808.20,192,147,'2009-06-07 22:57:05',149),(580,'b1cca9b3-bb96-11eb-98fb-283926e47295',20,'sale',29,0.00,83998120.00,4328496.20,263,151,'1990-02-28 16:10:30',150),(581,'b1cd89f6-bb96-11eb-98fb-283926e47295',21,'return',21,2348635.59,8.00,132308.76,812,272,'1990-02-10 04:10:18',151),(582,'b1ce768e-bb96-11eb-98fb-283926e47295',22,'return',20,33994533.20,3650813.00,18.58,484,64,'1987-10-16 20:02:38',152),(583,'b1cf4949-bb96-11eb-98fb-283926e47295',23,'return',18,6808.86,6332153.00,132739283.33,193,81,'2005-08-01 03:22:01',153),(584,'b1d06e15-bb96-11eb-98fb-283926e47295',24,'sale',2,0.00,3.00,4.70,365,283,'1982-09-02 22:32:30',154),(585,'b1d161f8-bb96-11eb-98fb-283926e47295',25,'return',19,0.00,87.00,4.24,714,272,'2012-05-25 19:41:44',155),(586,'b1d268bf-bb96-11eb-98fb-283926e47295',26,'sale',18,39992103.81,908814882.00,39623877.39,255,279,'2003-04-10 00:12:54',156),(587,'b1d34c9b-bb96-11eb-98fb-283926e47295',27,'return',17,23216.71,220588006.00,106298250.15,697,103,'1992-01-11 13:21:29',157),(588,'b1d4444c-bb96-11eb-98fb-283926e47295',28,'sale',11,75626347.09,372705908.00,1.36,952,232,'1977-02-03 05:53:52',158),(589,'b1d51ae0-bb96-11eb-98fb-283926e47295',29,'sale',42,58.92,0.00,29129527.00,711,246,'2001-06-03 06:45:57',159),(590,'b1d6071e-bb96-11eb-98fb-283926e47295',30,'return',18,50486608.78,55557.00,955290.71,420,190,'1984-12-10 17:06:41',160),(591,'b1d78d5d-bb96-11eb-98fb-283926e47295',31,'sale',16,4.00,0.00,0.00,243,137,'1988-02-27 19:00:51',161),(592,'b1d8ac58-bb96-11eb-98fb-283926e47295',32,'sale',38,1139122.28,59192563.00,98000.78,226,188,'1981-11-06 01:47:49',162),(593,'b1d977fb-bb96-11eb-98fb-283926e47295',33,'return',1,2.52,67931.00,1820.47,19,186,'2018-05-25 17:34:13',163),(594,'b1da66bb-bb96-11eb-98fb-283926e47295',34,'return',25,768.41,776.00,1.00,347,291,'2017-05-04 20:50:03',164),(595,'b1db65c6-bb96-11eb-98fb-283926e47295',35,'sale',13,4738.00,2761.00,44733.23,932,272,'1976-01-02 03:37:42',165),(596,'b1dc425f-bb96-11eb-98fb-283926e47295',36,'return',11,20591650.36,63.00,1759646.81,46,135,'2008-04-02 15:09:18',166),(597,'b1dd3af3-bb96-11eb-98fb-283926e47295',37,'sale',39,576271.00,67034.00,29265.45,15,280,'1992-12-13 10:38:36',167),(598,'b1de1d59-bb96-11eb-98fb-283926e47295',38,'return',38,60946283.39,2933.00,187735.80,251,118,'1971-04-23 16:44:37',168),(599,'b1deda6b-bb96-11eb-98fb-283926e47295',39,'return',26,1.23,83996751.00,6296.32,385,12,'2009-08-21 10:28:02',169),(600,'b1dfce49-bb96-11eb-98fb-283926e47295',40,'return',41,0.00,8.00,12.85,260,266,'2007-07-04 06:10:33',170),(601,'b1e09c84-bb96-11eb-98fb-283926e47295',41,'return',20,153210.10,62499.00,455163.22,639,63,'2002-02-07 22:54:21',171),(602,'b1e15926-bb96-11eb-98fb-283926e47295',42,'return',29,396.60,975.00,1129.00,591,0,'1982-02-05 02:27:25',172),(603,'b1e25b4e-bb96-11eb-98fb-283926e47295',43,'sale',31,87855.44,28036.00,275899887.52,632,71,'1972-02-26 14:10:57',173),(604,'b1e3c35b-bb96-11eb-98fb-283926e47295',44,'return',21,214.56,0.00,31.49,845,180,'1975-07-23 11:15:31',174),(605,'b1e4cc34-bb96-11eb-98fb-283926e47295',45,'return',3,453778801.21,37852725.00,240.37,156,67,'2008-03-18 06:19:39',175),(606,'b1e59f76-bb96-11eb-98fb-283926e47295',46,'return',15,4966.40,697.00,1501.10,812,144,'2002-07-23 08:36:57',176),(607,'b1e66f0e-bb96-11eb-98fb-283926e47295',47,'return',6,44322.00,314.00,22.42,933,68,'1987-12-05 01:38:18',177),(608,'b1e73b6e-bb96-11eb-98fb-283926e47295',48,'return',25,999.73,944.00,2667.32,126,267,'1990-12-09 03:10:19',178),(609,'b1e8924d-bb96-11eb-98fb-283926e47295',49,'return',39,5817440.81,13.00,10158603.00,114,276,'1979-08-23 14:50:15',179),(610,'b1e97b28-bb96-11eb-98fb-283926e47295',50,'return',40,7554082.97,3609332.00,506930991.90,132,11,'2006-06-30 17:43:28',180),(611,'b1ea5a0b-bb96-11eb-98fb-283926e47295',51,'return',37,1.58,3.00,97.51,496,119,'1979-11-27 16:02:09',181),(612,'b1eb4508-bb96-11eb-98fb-283926e47295',52,'sale',42,16.86,2842276.00,15310.23,45,199,'1997-03-13 13:06:53',182),(613,'b1ec466d-bb96-11eb-98fb-283926e47295',53,'return',27,3.99,0.00,6061.09,997,230,'1970-04-07 21:11:17',183),(614,'b1ed506e-bb96-11eb-98fb-283926e47295',54,'sale',9,437.41,0.00,2.97,882,72,'2000-08-15 03:49:25',184),(615,'b1ee14f9-bb96-11eb-98fb-283926e47295',55,'sale',39,85929.68,45700.00,60809682.10,744,163,'1999-03-31 08:46:57',185),(616,'b1ef0c10-bb96-11eb-98fb-283926e47295',56,'return',25,129.95,19793771.00,4565465.00,709,216,'1988-07-26 08:39:09',186),(617,'b1efc8e8-bb96-11eb-98fb-283926e47295',57,'sale',21,0.00,5878.00,194789.97,559,209,'2004-06-16 05:45:05',187),(618,'b1f0880e-bb96-11eb-98fb-283926e47295',58,'return',44,1.39,45368844.00,0.00,676,209,'1997-01-09 05:59:59',188),(619,'b1f16774-bb96-11eb-98fb-283926e47295',59,'return',7,47.00,744.00,0.00,540,214,'2016-01-28 07:49:26',189),(620,'b1f279e4-bb96-11eb-98fb-283926e47295',60,'sale',25,2087789.26,6.00,272146.93,508,120,'2015-04-06 14:38:53',190),(621,'b1f37f21-bb96-11eb-98fb-283926e47295',61,'return',23,34058263.06,256383.00,55578.97,166,294,'2016-05-26 13:53:01',191),(622,'b1f47192-bb96-11eb-98fb-283926e47295',62,'sale',39,7966782.02,7.00,1542.19,79,280,'1996-08-04 20:06:53',192),(623,'b1f55c2f-bb96-11eb-98fb-283926e47295',63,'return',36,36058.99,38.00,12494807.00,1000,136,'2019-08-06 07:11:54',193),(624,'b1f6772d-bb96-11eb-98fb-283926e47295',64,'sale',14,428024654.39,8752.00,0.00,187,211,'1981-09-02 04:46:56',194),(625,'b1f72df3-bb96-11eb-98fb-283926e47295',65,'return',15,1.76,6.00,113.16,626,211,'1977-05-31 19:05:45',195),(626,'b1f7f685-bb96-11eb-98fb-283926e47295',66,'sale',13,0.32,60446050.00,524.50,431,180,'2008-01-08 07:12:40',196),(627,'b1f8d7d4-bb96-11eb-98fb-283926e47295',67,'return',11,4766.13,407745.00,7767126.68,602,138,'1994-10-10 23:01:14',197),(628,'b1fa27ff-bb96-11eb-98fb-283926e47295',68,'sale',42,0.00,647076603.00,0.88,954,77,'1974-03-11 22:24:10',198),(629,'b1faf383-bb96-11eb-98fb-283926e47295',69,'return',36,2704.81,3.00,1911614.82,271,231,'1994-05-14 14:57:25',199),(630,'b1fbe091-bb96-11eb-98fb-283926e47295',70,'sale',13,1247736.67,616777212.00,213.38,529,73,'1972-05-24 10:29:44',200),(631,'b1fcc053-bb96-11eb-98fb-283926e47295',71,'return',36,52168042.60,54633312.00,494381358.09,464,30,'2014-07-02 03:34:50',201),(632,'b1fdf511-bb96-11eb-98fb-283926e47295',72,'sale',17,886042319.74,2.00,340.78,775,142,'1983-02-03 07:43:43',202),(633,'b1fed5fe-bb96-11eb-98fb-283926e47295',73,'return',26,2944096.00,8.00,9928.00,140,154,'2004-10-02 10:33:06',203),(634,'b1ffda1b-bb96-11eb-98fb-283926e47295',74,'return',33,1.84,12346.00,33885.23,440,83,'2010-12-10 12:09:15',204),(635,'b200d255-bb96-11eb-98fb-283926e47295',75,'return',23,5.68,77.00,686.73,288,51,'1976-05-20 07:26:36',205),(636,'b201ba97-bb96-11eb-98fb-283926e47295',76,'return',2,57868.79,205975553.00,0.71,483,199,'1983-11-23 17:34:19',206),(637,'b202b3d9-bb96-11eb-98fb-283926e47295',77,'sale',23,225.27,3786.00,4747.16,790,244,'1984-06-10 03:23:04',207),(638,'b203b543-bb96-11eb-98fb-283926e47295',78,'sale',28,39.24,2426.00,5.12,873,268,'2008-06-03 09:19:32',208),(639,'b2048842-bb96-11eb-98fb-283926e47295',79,'return',40,5.28,6.00,2.44,139,105,'1986-05-06 04:44:38',209),(640,'b205460a-bb96-11eb-98fb-283926e47295',80,'sale',3,8.32,887312.00,31514780.76,982,211,'1971-03-19 10:55:39',210),(641,'b2061c66-bb96-11eb-98fb-283926e47295',81,'return',41,775533.00,657.00,330289.28,771,252,'1975-09-26 20:40:08',211),(642,'b2071948-bb96-11eb-98fb-283926e47295',82,'sale',0,364370.72,73741.00,325048858.00,599,242,'2016-10-05 17:25:11',212),(643,'b2082095-bb96-11eb-98fb-283926e47295',83,'return',16,2.00,0.00,29839.20,711,129,'1983-12-04 02:24:50',213),(644,'b208e757-bb96-11eb-98fb-283926e47295',84,'return',32,8.13,64.00,0.00,996,59,'1981-01-17 18:38:36',214),(645,'b2099e3c-bb96-11eb-98fb-283926e47295',85,'sale',17,33.93,13145.00,11.04,481,8,'2013-04-22 13:51:11',215),(646,'b20af542-bb96-11eb-98fb-283926e47295',86,'return',21,6313.00,305.00,29712293.81,976,214,'2000-02-05 14:32:59',1),(647,'b20bf05a-bb96-11eb-98fb-283926e47295',87,'sale',10,600.43,0.00,10457085.00,45,35,'1970-02-15 15:46:42',2),(648,'b20cdf8f-bb96-11eb-98fb-283926e47295',88,'return',2,18563.86,1084584.00,220323.80,473,41,'2010-05-13 14:51:50',3),(649,'b20dda58-bb96-11eb-98fb-283926e47295',89,'return',36,1.31,0.00,28170795.03,455,250,'2012-04-11 15:13:38',4),(650,'b20ea0ad-bb96-11eb-98fb-283926e47295',90,'return',37,52182.69,430.00,239.09,845,170,'2020-12-13 21:43:17',5),(651,'b20fd4f8-bb96-11eb-98fb-283926e47295',91,'return',15,5.37,518.00,2.82,488,171,'1987-09-20 01:58:55',6),(652,'b210ad90-bb96-11eb-98fb-283926e47295',92,'sale',17,177397655.00,642.00,39.53,515,286,'2020-07-31 02:54:03',7),(653,'b2119a0d-bb96-11eb-98fb-283926e47295',93,'return',9,70954.44,90380.00,71252.69,301,282,'1996-10-18 06:38:12',8),(654,'b212f362-bb96-11eb-98fb-283926e47295',94,'sale',18,56.77,187519.00,2.11,886,144,'1992-03-24 06:05:21',9),(655,'b213b2f9-bb96-11eb-98fb-283926e47295',95,'sale',2,7402.53,93.00,382292600.92,924,240,'1981-03-23 04:48:22',10),(656,'b214806c-bb96-11eb-98fb-283926e47295',96,'return',28,34598.97,14733545.00,5444607.27,308,85,'1985-01-20 08:12:44',11),(657,'b2154920-bb96-11eb-98fb-283926e47295',97,'return',38,2775885.69,4.00,0.00,287,209,'1999-05-21 13:52:20',12),(658,'b2164c5d-bb96-11eb-98fb-283926e47295',98,'return',16,0.00,11623690.00,20658521.00,249,99,'2018-01-27 06:00:47',13),(659,'b2171814-bb96-11eb-98fb-283926e47295',99,'sale',25,2354.09,1347.00,3889.00,315,47,'2019-10-24 10:26:33',14),(660,'b217f383-bb96-11eb-98fb-283926e47295',100,'sale',6,280916024.61,508336.00,0.06,793,260,'2019-10-03 00:20:36',15),(661,'b218b029-bb96-11eb-98fb-283926e47295',101,'sale',26,2660823.00,869.00,3176605.80,581,186,'1986-03-07 09:56:55',16),(662,'b2196f07-bb96-11eb-98fb-283926e47295',102,'sale',18,285651279.39,1002.00,14.58,434,82,'2019-12-31 01:53:18',17),(663,'b21ac611-bb96-11eb-98fb-283926e47295',103,'sale',11,0.00,4337904.00,3941.00,989,192,'2016-09-07 10:12:51',18),(664,'b21bd817-bb96-11eb-98fb-283926e47295',104,'sale',4,5767.21,93832179.00,8.99,159,73,'1988-04-08 12:19:30',19),(665,'b21cb218-bb96-11eb-98fb-283926e47295',105,'sale',18,2397587.53,315.00,19.39,965,222,'1978-12-07 04:08:54',20),(666,'b21d8365-bb96-11eb-98fb-283926e47295',106,'sale',19,68834.99,4640097.00,261468885.87,298,111,'1994-05-07 20:30:48',21),(667,'b21e445a-bb96-11eb-98fb-283926e47295',107,'return',23,0.00,1184792.00,826.53,962,151,'1985-12-30 07:52:22',22),(668,'b21f07d3-bb96-11eb-98fb-283926e47295',108,'sale',42,18196332.30,8.00,0.00,269,18,'1992-02-03 04:06:33',23),(669,'b21ff413-bb96-11eb-98fb-283926e47295',109,'sale',0,0.00,1456.00,167.66,520,3,'2005-09-11 02:09:49',24),(670,'b220eb72-bb96-11eb-98fb-283926e47295',110,'return',27,0.41,7.00,1.18,210,225,'2009-09-16 14:00:13',25),(671,'b221cb62-bb96-11eb-98fb-283926e47295',111,'sale',43,1.18,7801685.00,3.08,78,106,'2012-03-18 19:44:22',26),(672,'b2229030-bb96-11eb-98fb-283926e47295',112,'return',39,0.00,647412484.00,0.00,35,241,'1984-04-25 11:47:59',27),(673,'b2236f19-bb96-11eb-98fb-283926e47295',113,'return',29,139.73,51.00,32.94,371,185,'2004-10-08 10:58:21',28),(674,'b2247161-bb96-11eb-98fb-283926e47295',114,'sale',5,1.20,63225.00,2311.00,443,43,'1978-04-09 00:26:17',29),(675,'b2256dea-bb96-11eb-98fb-283926e47295',115,'sale',37,2884.51,695.00,6.80,124,14,'2017-09-29 00:34:50',30),(676,'b22649d7-bb96-11eb-98fb-283926e47295',116,'sale',5,28536297.48,60582124.00,144513.53,339,226,'1979-07-08 08:32:38',31),(677,'b227311d-bb96-11eb-98fb-283926e47295',117,'return',27,0.00,339660.00,0.99,610,300,'1997-03-07 17:56:27',32),(678,'b2281204-bb96-11eb-98fb-283926e47295',118,'sale',8,691.70,898789.00,2864792.00,404,227,'1975-09-28 20:35:28',33),(679,'b22920cd-bb96-11eb-98fb-283926e47295',119,'sale',13,0.00,0.00,15151001.00,208,63,'2018-10-13 05:47:58',34),(680,'b229e004-bb96-11eb-98fb-283926e47295',120,'return',8,434.33,900536.00,35.13,958,267,'2017-12-01 10:50:09',35),(681,'b22aa796-bb96-11eb-98fb-283926e47295',121,'return',34,0.00,14437.00,64.30,72,233,'1971-01-30 02:14:07',36),(682,'b22b7ce4-bb96-11eb-98fb-283926e47295',122,'sale',45,35499398.40,7777.00,741.00,605,89,'2012-10-24 00:21:54',37),(683,'b22c5995-bb96-11eb-98fb-283926e47295',123,'return',11,38.09,80218.00,0.00,767,165,'1981-08-21 08:42:26',38),(684,'b22d44d9-bb96-11eb-98fb-283926e47295',124,'return',23,0.00,31.00,1819302.32,646,172,'1971-12-01 14:08:31',39),(685,'b22e3d73-bb96-11eb-98fb-283926e47295',125,'sale',43,0.00,27406.00,1.31,653,236,'2021-03-29 04:47:58',40),(686,'b22f4393-bb96-11eb-98fb-283926e47295',126,'sale',22,0.00,236793331.00,16634.40,141,261,'2001-10-08 16:25:39',41),(687,'b2300dc7-bb96-11eb-98fb-283926e47295',127,'return',38,1207122.69,0.00,264113.40,548,103,'1981-07-14 17:52:20',42),(688,'b230ef52-bb96-11eb-98fb-283926e47295',128,'return',31,829678.27,753.00,0.00,680,1,'2009-08-02 09:57:36',43),(689,'b231d426-bb96-11eb-98fb-283926e47295',129,'return',19,0.00,579.00,8.53,136,239,'2014-03-31 00:18:07',44),(690,'b232d851-bb96-11eb-98fb-283926e47295',130,'sale',14,424317.84,3267.00,0.00,283,266,'2005-09-29 11:50:57',45),(691,'b233ac2e-bb96-11eb-98fb-283926e47295',131,'return',0,3742.00,4.00,297042.92,212,191,'1984-07-22 21:00:23',46),(692,'b234cd1a-bb96-11eb-98fb-283926e47295',132,'return',5,121.80,0.00,6092.00,440,118,'1972-11-20 12:10:52',47),(693,'b2358c08-bb96-11eb-98fb-283926e47295',133,'return',42,25003812.48,377479892.00,0.00,828,211,'1990-08-16 18:55:53',48),(694,'b2366107-bb96-11eb-98fb-283926e47295',134,'sale',16,274424867.90,7395994.00,0.00,266,109,'2016-06-13 13:29:23',49),(695,'b237331e-bb96-11eb-98fb-283926e47295',135,'sale',15,13.27,9.00,5.00,801,5,'1981-04-21 23:02:51',50),(696,'b2380061-bb96-11eb-98fb-283926e47295',136,'sale',7,3.54,20.00,2016260.70,904,57,'1988-09-15 23:22:08',51),(697,'b2390780-bb96-11eb-98fb-283926e47295',137,'return',37,1262.51,0.00,8.58,795,110,'2013-12-11 08:22:50',52),(698,'b239c331-bb96-11eb-98fb-283926e47295',138,'sale',18,19538531.10,30311.00,62.39,292,63,'1993-08-12 03:00:18',53),(699,'b23b1a62-bb96-11eb-98fb-283926e47295',139,'sale',25,43664.07,17233936.00,33.11,865,103,'1985-12-28 15:59:20',54),(700,'b23c2b10-bb96-11eb-98fb-283926e47295',140,'sale',5,2209452.01,12368004.00,0.00,34,27,'1973-05-31 11:56:36',55),(701,'b23d0245-bb96-11eb-98fb-283926e47295',141,'sale',27,447455.55,3770.00,7.26,705,116,'2000-11-12 17:13:35',56),(702,'b23dfd3c-bb96-11eb-98fb-283926e47295',142,'return',28,137582.61,886096.00,5199551.30,705,27,'2011-07-19 22:54:24',57),(703,'b23ebffd-bb96-11eb-98fb-283926e47295',143,'sale',0,154361.27,22.00,0.00,472,276,'2017-07-31 18:33:40',58),(704,'b23f8f36-bb96-11eb-98fb-283926e47295',144,'sale',21,0.00,8970.00,23.07,147,146,'2005-08-12 05:25:20',59),(705,'b2406465-bb96-11eb-98fb-283926e47295',145,'return',38,543.57,933078229.00,0.69,474,41,'1972-01-02 19:22:13',60),(706,'b241ae6f-bb96-11eb-98fb-283926e47295',146,'return',25,0.00,2500.00,5889.48,11,196,'1978-08-16 23:14:22',61),(707,'b242acbc-bb96-11eb-98fb-283926e47295',147,'sale',44,529.76,8803031.00,14341.40,38,97,'1999-05-10 15:35:06',62),(708,'b2436cdd-bb96-11eb-98fb-283926e47295',148,'sale',10,5.21,3.00,62594829.30,723,142,'1980-06-24 08:17:59',63),(709,'b2441ccc-bb96-11eb-98fb-283926e47295',149,'return',0,4.71,37.00,461444724.03,9,176,'1974-12-30 01:07:19',64),(710,'b244e0d6-bb96-11eb-98fb-283926e47295',150,'return',43,244421590.23,0.00,13251769.99,40,142,'2000-08-04 18:11:53',65),(711,'b245bffd-bb96-11eb-98fb-283926e47295',151,'return',3,428.92,58616.00,325182.73,200,228,'1979-03-10 07:29:40',66),(712,'b2468176-bb96-11eb-98fb-283926e47295',152,'return',40,50190.01,2.00,428451.00,55,228,'1991-08-23 07:39:00',67),(713,'b2474d0b-bb96-11eb-98fb-283926e47295',153,'sale',10,8967785.79,2.00,7127.11,744,237,'1982-12-18 17:25:44',68),(714,'b2482950-bb96-11eb-98fb-283926e47295',154,'return',29,677614.94,969400.00,22818640.48,24,35,'2017-01-12 09:25:35',69),(715,'b249114e-bb96-11eb-98fb-283926e47295',155,'sale',33,187316.00,63.00,2.47,655,285,'1982-01-21 10:36:49',70),(716,'b24a91ca-bb96-11eb-98fb-283926e47295',156,'sale',4,5751.00,56.00,1044747.53,627,216,'2019-12-04 02:17:29',71),(717,'b24b777f-bb96-11eb-98fb-283926e47295',157,'sale',41,2761985.97,65890196.00,51.81,843,140,'2017-08-16 01:10:51',72),(718,'b24c840e-bb96-11eb-98fb-283926e47295',158,'sale',16,40287784.50,596110018.00,47520307.90,400,133,'1971-06-12 04:27:01',73),(719,'b24d37f3-bb96-11eb-98fb-283926e47295',159,'sale',7,61.82,1.00,29659.45,625,110,'1995-12-26 18:05:15',74),(720,'b24e151c-bb96-11eb-98fb-283926e47295',160,'return',7,16.74,53483419.00,379418.95,0,160,'2018-04-24 21:45:44',75),(721,'b24ef584-bb96-11eb-98fb-283926e47295',161,'sale',40,606149.73,21.00,0.00,115,268,'1983-06-20 08:47:28',76),(722,'b2508aa7-bb96-11eb-98fb-283926e47295',162,'return',10,2618548.64,898.00,0.00,122,141,'1986-01-02 18:12:26',77),(723,'b25182b2-bb96-11eb-98fb-283926e47295',163,'sale',40,109.51,364978120.00,0.00,594,65,'1973-10-11 06:32:03',78),(724,'b2525b5e-bb96-11eb-98fb-283926e47295',164,'sale',20,5176.00,9251378.00,36557041.00,303,106,'1976-11-30 12:25:21',79),(725,'b2539806-bb96-11eb-98fb-283926e47295',165,'sale',24,4.47,90.00,3242.81,89,38,'1990-06-23 11:34:28',80),(726,'b254f2c0-bb96-11eb-98fb-283926e47295',166,'sale',35,223318450.89,608239276.00,16871743.03,384,207,'1979-09-21 02:36:26',81),(727,'b255b425-bb96-11eb-98fb-283926e47295',167,'sale',0,355.13,241.00,1.90,753,177,'1972-06-07 20:18:34',82),(728,'b256813a-bb96-11eb-98fb-283926e47295',168,'return',34,0.00,9879231.00,756.91,513,41,'1991-05-28 05:48:36',83),(729,'b2575f46-bb96-11eb-98fb-283926e47295',169,'return',25,51.04,73702072.00,0.00,295,237,'1996-02-29 09:48:49',84),(730,'b25843e4-bb96-11eb-98fb-283926e47295',170,'return',27,11149.00,26640692.00,65233729.63,54,24,'1989-09-16 17:18:11',85),(731,'b2595e4e-bb96-11eb-98fb-283926e47295',171,'return',19,11734752.87,47637903.00,1030672.88,107,191,'2018-08-20 13:09:01',86),(732,'b25a41e0-bb96-11eb-98fb-283926e47295',172,'return',39,5440064.55,240502.00,46354.37,229,294,'2016-03-27 03:06:02',87),(733,'b25b79f2-bb96-11eb-98fb-283926e47295',173,'return',36,207486887.69,6.00,222984429.00,866,193,'2014-09-30 21:33:04',88),(734,'b25c77c4-bb96-11eb-98fb-283926e47295',174,'return',39,4541.00,1874.00,52.30,748,214,'1971-11-26 00:56:01',89),(735,'b25d5583-bb96-11eb-98fb-283926e47295',175,'return',35,2.10,226104498.00,3815262.50,413,86,'2013-01-04 06:28:40',90),(736,'b25e3d76-bb96-11eb-98fb-283926e47295',176,'sale',15,142025511.20,6927460.00,41.30,520,18,'2003-05-05 05:00:05',91),(737,'b25f43eb-bb96-11eb-98fb-283926e47295',177,'sale',14,0.00,6376.00,217476.45,20,291,'1976-04-26 06:43:49',92),(738,'b26019ea-bb96-11eb-98fb-283926e47295',178,'return',36,26.88,296186197.00,43.37,467,154,'2011-06-16 14:49:46',93),(739,'b260e713-bb96-11eb-98fb-283926e47295',179,'return',14,426388267.72,0.00,13583.00,371,88,'1984-01-29 00:16:53',94),(740,'b261b3a0-bb96-11eb-98fb-283926e47295',180,'sale',1,3351.77,11.00,628.18,782,280,'2010-06-24 21:47:58',95),(741,'b262a70c-bb96-11eb-98fb-283926e47295',181,'sale',2,65431.00,1946.00,0.00,240,23,'2015-06-24 00:17:35',96),(742,'b263ad83-bb96-11eb-98fb-283926e47295',182,'sale',28,2716659.07,9.00,0.00,145,161,'1981-03-08 17:40:24',97),(743,'b2649545-bb96-11eb-98fb-283926e47295',183,'sale',18,707809084.72,27.00,69398.89,601,26,'1971-04-17 07:11:11',98),(744,'b2657831-bb96-11eb-98fb-283926e47295',184,'sale',26,2308424.34,4.00,4612.81,179,177,'2014-03-14 03:05:40',99),(745,'b2666113-bb96-11eb-98fb-283926e47295',185,'return',12,1011777.56,73109208.00,12444.22,337,283,'1989-11-28 20:52:37',100),(746,'b26777cf-bb96-11eb-98fb-283926e47295',186,'sale',15,2.69,291773251.00,830748556.52,126,179,'1978-01-10 04:23:04',101),(747,'b2688aca-bb96-11eb-98fb-283926e47295',187,'sale',27,381791852.92,44484.00,1509217.40,472,280,'2005-03-23 03:57:50',102),(748,'b269582c-bb96-11eb-98fb-283926e47295',188,'sale',11,2.22,0.00,32.01,699,238,'2002-07-28 12:46:02',103),(749,'b26a30a2-bb96-11eb-98fb-283926e47295',189,'sale',3,496863.77,453.00,65.39,117,290,'2007-01-04 15:33:06',104),(750,'b26b217a-bb96-11eb-98fb-283926e47295',190,'sale',1,35.37,0.00,14.94,931,293,'1989-10-06 15:11:58',105),(751,'b26bf86e-bb96-11eb-98fb-283926e47295',191,'return',2,0.00,24563979.00,298.33,791,20,'2001-05-08 02:33:30',106),(752,'b26cea4a-bb96-11eb-98fb-283926e47295',192,'return',0,144659.84,9682371.00,285203.84,624,279,'2007-01-30 01:36:23',107),(753,'b26ddb61-bb96-11eb-98fb-283926e47295',193,'sale',35,148744680.82,59807.00,0.00,645,157,'2008-01-20 05:38:27',108),(754,'b26ec649-bb96-11eb-98fb-283926e47295',194,'sale',14,38368.90,6475497.00,155.02,145,146,'2000-04-24 04:26:55',109),(755,'b26fc19b-bb96-11eb-98fb-283926e47295',195,'return',12,0.00,65218.00,8777216.88,593,131,'1987-05-29 09:52:36',110),(756,'b2708d31-bb96-11eb-98fb-283926e47295',196,'return',1,42.00,2190445.00,45818.10,45,174,'1999-06-01 00:54:24',111),(757,'b272e543-bb96-11eb-98fb-283926e47295',197,'sale',10,413091.35,0.00,6.24,778,283,'2002-10-07 07:14:25',112),(758,'b273e88b-bb96-11eb-98fb-283926e47295',198,'return',5,65.57,950211.00,1604.50,489,78,'2013-05-17 06:43:34',113),(759,'b274d6db-bb96-11eb-98fb-283926e47295',199,'return',16,18.09,56934699.00,156387519.96,520,6,'1996-07-28 00:43:47',114),(760,'b275bce0-bb96-11eb-98fb-283926e47295',200,'sale',27,48779320.74,863586.00,283241.00,427,294,'2009-06-13 11:54:05',115),(761,'b276bf0d-bb96-11eb-98fb-283926e47295',201,'sale',42,0.00,5441.00,10138416.40,624,181,'2002-11-19 03:38:37',116),(762,'b277a4be-bb96-11eb-98fb-283926e47295',202,'sale',28,0.00,77.00,21181305.50,323,5,'1985-10-14 12:37:44',117),(763,'b2787ebb-bb96-11eb-98fb-283926e47295',203,'return',26,68649086.92,94512.00,448689.64,619,26,'2002-03-06 12:52:21',118),(764,'b2794dba-bb96-11eb-98fb-283926e47295',204,'return',32,28.85,750.00,0.00,463,294,'2015-11-18 17:13:33',119),(765,'b27a1d0a-bb96-11eb-98fb-283926e47295',205,'sale',38,310766306.00,0.00,1.28,71,45,'1993-09-20 03:05:08',120),(766,'b27b02a9-bb96-11eb-98fb-283926e47295',206,'return',2,8175103.93,38893.00,3.40,170,226,'1982-11-15 22:37:04',121),(767,'b27bef68-bb96-11eb-98fb-283926e47295',207,'return',6,343612534.32,0.00,0.00,775,259,'1981-08-12 12:19:30',122),(768,'b27cf9ae-bb96-11eb-98fb-283926e47295',208,'sale',23,0.00,8563.00,1438286.54,784,268,'1970-06-10 14:32:24',123),(769,'b27e0efa-bb96-11eb-98fb-283926e47295',209,'sale',0,7.31,1249613.00,25710.00,818,284,'1989-05-03 08:48:53',124),(770,'b27f33cf-bb96-11eb-98fb-283926e47295',210,'return',15,0.96,8987027.00,7884.66,411,268,'1991-08-07 03:02:56',125),(771,'b280178c-bb96-11eb-98fb-283926e47295',211,'sale',33,835.44,949732.00,262810638.45,273,205,'2015-03-16 12:32:11',126),(772,'b281018e-bb96-11eb-98fb-283926e47295',212,'return',30,408984.29,0.00,57148.71,295,67,'2015-04-27 04:29:10',127),(773,'b281e432-bb96-11eb-98fb-283926e47295',213,'sale',33,328.20,62.00,29834.00,662,36,'2021-02-26 02:02:11',128),(774,'b282df4d-bb96-11eb-98fb-283926e47295',214,'return',25,588.00,0.00,2227.08,432,275,'1990-12-06 02:38:34',129),(775,'b283bb01-bb96-11eb-98fb-283926e47295',215,'return',22,36651832.00,7.00,75.70,145,11,'1975-07-10 05:39:31',130),(776,'b284b5b1-bb96-11eb-98fb-283926e47295',216,'sale',7,290518010.30,0.00,0.00,501,185,'1988-03-28 18:18:27',131),(777,'b285863f-bb96-11eb-98fb-283926e47295',217,'sale',36,1237016.30,12490664.00,657291.80,162,275,'1995-02-25 03:37:00',132),(778,'b2867ec4-bb96-11eb-98fb-283926e47295',218,'sale',16,2408.00,82074.00,10575.91,869,105,'2012-10-31 16:26:35',133),(779,'b28752a4-bb96-11eb-98fb-283926e47295',219,'return',3,12935.51,79345338.00,11056.86,728,21,'1989-11-13 16:55:05',134),(780,'b28847a1-bb96-11eb-98fb-283926e47295',220,'sale',4,253.88,10407863.00,0.00,919,253,'2001-10-07 15:54:31',135),(781,'b2893c94-bb96-11eb-98fb-283926e47295',221,'return',22,21.48,7335.00,1995.17,52,279,'1974-08-25 19:27:54',136),(782,'b28a0ec7-bb96-11eb-98fb-283926e47295',222,'return',45,2.23,39.00,272171470.00,101,85,'2009-01-14 22:24:20',137),(783,'b28ad2f7-bb96-11eb-98fb-283926e47295',223,'return',34,321738.32,136730342.00,51845884.06,363,75,'2018-06-16 16:43:54',138),(784,'b28c4237-bb96-11eb-98fb-283926e47295',224,'return',0,4.28,924.00,2377428.00,751,267,'1979-06-10 04:11:54',139),(785,'b28d2472-bb96-11eb-98fb-283926e47295',225,'return',23,25829.62,0.00,50406.80,652,67,'2001-07-25 15:33:33',140),(786,'b28e122d-bb96-11eb-98fb-283926e47295',226,'sale',13,7748171.27,152074.00,63494.23,938,201,'2005-11-09 12:40:44',141),(787,'b28f2fc3-bb96-11eb-98fb-283926e47295',227,'return',36,24761377.16,64203318.00,3125376.36,172,100,'2018-05-13 08:49:50',142),(788,'b2906902-bb96-11eb-98fb-283926e47295',228,'sale',5,2450719.45,0.00,74284.47,52,26,'1984-07-01 08:24:22',143),(789,'b2914954-bb96-11eb-98fb-283926e47295',229,'return',34,23106257.22,71728578.00,19917507.92,88,2,'1999-03-27 22:30:38',144),(790,'b2922607-bb96-11eb-98fb-283926e47295',230,'sale',38,0.00,0.00,176714074.61,638,284,'2012-08-14 06:31:57',145),(791,'b2930882-bb96-11eb-98fb-283926e47295',231,'return',8,122.88,5.00,6.00,83,71,'2020-03-08 23:31:08',146),(792,'b2940084-bb96-11eb-98fb-283926e47295',232,'sale',30,48.22,59.00,593.62,138,258,'2020-03-15 00:18:14',147),(793,'b294de98-bb96-11eb-98fb-283926e47295',233,'sale',37,229.38,74.00,5218399.00,514,31,'2016-06-11 02:53:08',148),(794,'b295f1fa-bb96-11eb-98fb-283926e47295',234,'return',18,856922.39,747083513.00,125363809.90,224,209,'2003-07-02 04:43:54',149),(795,'b296d11c-bb96-11eb-98fb-283926e47295',235,'sale',28,18629.92,514453.00,93000754.09,732,104,'1982-05-30 16:37:23',150),(796,'b2979e2b-bb96-11eb-98fb-283926e47295',236,'sale',10,493.42,9994.00,0.23,378,144,'2019-01-07 06:16:36',151),(797,'b298a168-bb96-11eb-98fb-283926e47295',237,'return',36,332.65,8028.00,6.90,491,245,'1980-06-25 17:44:45',152),(798,'b2996e2e-bb96-11eb-98fb-283926e47295',238,'return',44,0.89,93296.00,310.37,78,299,'2010-12-31 15:16:26',153),(799,'b29a2ce6-bb96-11eb-98fb-283926e47295',239,'sale',16,48154.18,57888809.00,0.00,209,227,'1988-01-25 06:55:30',154),(800,'19059076-bb97-11eb-98fb-283926e47295',240,'return',15,2564809.05,0.00,114.41,332,43,'1977-12-03 03:26:50',155);
/*!40000 ALTER TABLE `sales` ENABLE KEYS */;
UNLOCK TABLES;
/*!50003 SET @saved_cs_client      = @@character_set_client */ ;
/*!50003 SET @saved_cs_results     = @@character_set_results */ ;
/*!50003 SET @saved_col_connection = @@collation_connection */ ;
/*!50003 SET character_set_client  = utf8mb4 */ ;
/*!50003 SET character_set_results = utf8mb4 */ ;
/*!50003 SET collation_connection  = utf8mb4_0900_ai_ci */ ;
/*!50003 SET @saved_sql_mode       = @@sql_mode */ ;
/*!50003 SET sql_mode              = 'ONLY_FULL_GROUP_BY,STRICT_TRANS_TABLES,NO_ZERO_IN_DATE,NO_ZERO_DATE,ERROR_FOR_DIVISION_BY_ZERO,NO_ENGINE_SUBSTITUTION' */ ;
DELIMITER ;;
/*!50003 CREATE*/ /*!50017 DEFINER=`root`@`localhost`*/ /*!50003 TRIGGER `before_insert_sales` BEFORE INSERT ON `sales` FOR EACH ROW BEGIN
  IF new.external_id IS NULL THEN
    SET new.external_id = uuid();
  END IF;
END */;;
DELIMITER ;
/*!50003 SET sql_mode              = @saved_sql_mode */ ;
/*!50003 SET character_set_client  = @saved_cs_client */ ;
/*!50003 SET character_set_results = @saved_cs_results */ ;
/*!50003 SET collation_connection  = @saved_col_connection */ ;
/*!50003 SET @saved_cs_client      = @@character_set_client */ ;
/*!50003 SET @saved_cs_results     = @@character_set_results */ ;
/*!50003 SET @saved_col_connection = @@collation_connection */ ;
/*!50003 SET character_set_client  = utf8mb4 */ ;
/*!50003 SET character_set_results = utf8mb4 */ ;
/*!50003 SET collation_connection  = utf8mb4_0900_ai_ci */ ;
/*!50003 SET @saved_sql_mode       = @@sql_mode */ ;
/*!50003 SET sql_mode              = 'ONLY_FULL_GROUP_BY,STRICT_TRANS_TABLES,NO_ZERO_IN_DATE,NO_ZERO_DATE,ERROR_FOR_DIVISION_BY_ZERO,NO_ENGINE_SUBSTITUTION' */ ;
DELIMITER ;;
/*!50003 CREATE*/ /*!50017 DEFINER=`root`@`localhost`*/ /*!50003 TRIGGER `after_insert_sales` AFTER INSERT ON `sales` FOR EACH ROW BEGIN

  IF new.sale_type = 'sale' THEN
    IF new.payed_bonus > 0 THEN
       INSERT INTO `bonuses` (`client_id`, `sales_id`, `doc_id`, `quantity`, `created_at`) VALUES (new.client_id, new.id, NULL, (-1)*new.payed_bonus, new.sale_date);
    END IF;
    IF new.added_bonus > 0 THEN
       INSERT INTO `bonuses` (`client_id`, `sales_id`, `doc_id`, `quantity`, `created_at`) VALUES (new.client_id, new.id, NULL, new.added_bonus, new.sale_date);
    END IF;
  ELSE
    IF new.payed_bonus > 0 THEN
       INSERT INTO `bonuses` (`client_id`, `sales_id`, `doc_id`, `quantity`, `created_at`) VALUES (new.client_id, new.id, NULL, new.payed_bonus, new.sale_date);
    END IF;
    IF new.added_bonus > 0 THEN
       INSERT INTO `bonuses` (`client_id`, `sales_id`, `doc_id`, `quantity`, `created_at`) VALUES (new.client_id, new.id, NULL, (-1)*new.added_bonus, new.sale_date);
    END IF;
  END IF;

 
SET @total_sale_sum = 
  (SELECT
  SUM(sales.total_sum) 
  FROM sales 
  WHERE sales.client_id = new.client_id AND sales.sale_type = 'sales'
  GROUP BY client_id);
  IF @total_sale_sum IS NULL
     OR @total_sale_sum < 1000 THEN

  UPDATE current_discount 
  SET 
    discount = 0
  WHERE
    client_id = new.client_id;

  ELSE 
    IF @total_sale_sum < 20000 THEN 
    UPDATE current_discount 
    SET 
    discount = @total_sale_sum DIV 1000
    WHERE
    client_id = new.client_id;
     
    ELSE 
    UPDATE current_discount 
    SET 
    discount = 20
    WHERE
    client_id = new.client_id;
    
    END IF;
  END IF;
END */;;
DELIMITER ;
/*!50003 SET sql_mode              = @saved_sql_mode */ ;
/*!50003 SET character_set_client  = @saved_cs_client */ ;
/*!50003 SET character_set_results = @saved_cs_results */ ;
/*!50003 SET collation_connection  = @saved_col_connection */ ;

--
-- Table structure for table `sales_products`
--

DROP TABLE IF EXISTS `sales_products`;
/*!40101 SET @saved_cs_client     = @@character_set_client */;
/*!50503 SET character_set_client = utf8mb4 */;
CREATE TABLE `sales_products` (
  `id` bigint unsigned NOT NULL AUTO_INCREMENT,
  `sales_id` bigint unsigned NOT NULL,
  `product_id` bigint unsigned NOT NULL,
  `line_number` int unsigned NOT NULL,
  `quantity` decimal(15,3) NOT NULL DEFAULT '0.000',
  `price` decimal(15,2) unsigned NOT NULL DEFAULT '0.00',
  `total_sum` decimal(15,2) NOT NULL DEFAULT '0.00' COMMENT 'Сумма без скидки',
  `discount_sum` decimal(15,2) NOT NULL DEFAULT '0.00' COMMENT 'Сумма скидки',
  `sum` decimal(15,2) NOT NULL DEFAULT '0.00' COMMENT 'Сумма со скидкой',
  `payed_bonus` int unsigned NOT NULL DEFAULT '0' COMMENT 'Оплачено бонусами',
  `added_bonus` int unsigned NOT NULL DEFAULT '0' COMMENT 'Начислено бонусов',
  PRIMARY KEY (`id`),
  UNIQUE KEY `id` (`id`),
  KEY `sales_id` (`sales_id`),
  KEY `product_id` (`product_id`),
  CONSTRAINT `sales_products_ibfk_1` FOREIGN KEY (`sales_id`) REFERENCES `sales` (`id`),
  CONSTRAINT `sales_products_ibfk_2` FOREIGN KEY (`product_id`) REFERENCES `products` (`id`)
) ENGINE=InnoDB AUTO_INCREMENT=901 DEFAULT CHARSET=utf8mb4 COLLATE=utf8mb4_0900_ai_ci COMMENT='Продажи и возвраты данные по товарам';
/*!40101 SET character_set_client = @saved_cs_client */;

--
-- Dumping data for table `sales_products`
--

LOCK TABLES `sales_products` WRITE;
/*!40000 ALTER TABLE `sales_products` DISABLE KEYS */;
INSERT INTO `sales_products` VALUES (1,1,1,41,3.000,0.00,0.35,0.00,373556.10,227,211),(2,2,2,1,255.000,0.00,2637.86,3672.89,641866.84,991,68),(3,3,3,14,49.000,0.00,0.40,6.90,77159.20,205,190),(4,4,4,24,42.000,0.00,334541.46,39857917.28,59592835.77,159,103),(5,5,5,78,254.000,0.00,0.00,157059998.73,566.00,960,196),(6,6,6,39,46.000,0.00,414921.03,1.00,0.00,608,47),(7,7,7,37,434.000,0.00,3.57,4075.25,35538230.37,901,223),(8,8,8,36,541.000,0.00,49580624.51,1.78,1.83,718,2),(9,9,9,97,208.000,0.00,299173673.00,5707497.87,0.80,179,19),(10,10,10,13,180.000,0.00,1395.56,35922701.71,70748.00,150,152),(11,11,11,63,278.000,0.00,86247979.10,3147.00,0.00,864,170),(12,12,12,26,113.000,0.00,26.87,315.68,60777548.00,119,20),(13,13,13,65,56.000,0.00,20.00,290.70,4724921.52,123,281),(14,14,14,107,461.000,0.00,0.00,6777482.42,28655.20,468,177),(15,15,15,57,104.000,0.00,0.00,5.57,45.73,821,80),(16,16,16,91,290.000,0.00,22247549.00,68782427.50,0.00,254,50),(17,17,17,91,227.000,0.00,10620.14,12107528.31,31151.00,761,118),(18,18,18,39,504.000,0.00,1437.25,41065558.09,30826.79,446,83),(19,19,19,6,306.000,0.00,40063584.94,1329.13,7322.05,31,34),(20,20,20,84,58.000,0.00,667134063.37,49.00,39457828.00,379,73),(21,21,21,83,182.000,0.00,0.00,99430041.22,17.16,893,94),(22,22,22,35,322.000,0.00,377.63,6.92,192594931.35,646,209),(23,23,23,29,331.000,0.00,6002725.55,1325026.32,138.43,742,5),(24,24,24,10,526.000,0.00,11.07,428932827.50,0.00,284,248),(25,25,25,26,544.000,0.00,233771282.37,335135250.24,3.74,223,42),(26,26,26,90,460.000,0.00,44677.57,952121961.58,5366013.48,394,291),(27,27,27,96,353.000,0.00,0.00,8922560.73,6721.59,449,10),(28,28,28,3,366.000,0.00,216339585.26,338456921.67,548184.89,346,19),(29,29,29,5,370.000,0.00,269.10,18682.36,75553939.40,904,92),(30,30,30,90,280.000,0.00,864.81,2664962.76,5.76,263,127),(31,31,31,31,523.000,0.00,0.00,54673582.66,14960928.14,747,210),(32,32,32,109,495.000,0.00,33061.16,691897999.44,63794.65,403,116),(33,33,33,3,35.000,0.00,0.00,9.38,3.78,895,163),(34,34,34,103,460.000,0.00,60209666.12,4.79,383.90,866,259),(35,35,35,32,170.000,0.00,271563310.03,855.48,108.03,662,101),(36,36,36,62,267.000,0.00,177693.65,1263658.12,486.90,728,70),(37,37,37,79,176.000,0.00,6.80,11231021.18,219553.00,709,45),(38,38,38,29,290.000,0.00,41995826.16,8640.42,2953032.84,95,283),(39,39,39,93,115.000,0.00,9.32,2490218.98,2399140.30,160,243),(40,40,40,96,487.000,0.00,455.70,0.83,203379.63,405,277),(41,41,41,118,82.000,0.00,11645.98,78468478.77,3.50,622,6),(42,42,42,70,475.000,0.00,12619867.07,23502.52,19.78,358,72),(43,43,43,10,328.000,0.00,2722990.34,59566.82,274452433.00,877,24),(44,44,44,98,111.000,0.00,1904875.31,67612.67,0.50,122,23),(45,45,45,24,205.000,0.00,5.96,0.00,45458.30,959,72),(46,46,46,101,522.000,0.00,238581663.54,1.40,0.00,82,72),(47,47,47,63,351.000,0.00,70883510.92,9828113.00,178664.90,196,152),(48,48,48,55,357.000,0.00,3158.04,314325.38,0.00,459,280),(49,49,49,112,206.000,0.00,18931853.84,15.68,80552.22,621,122),(50,50,50,31,505.000,0.00,239536.57,811739.17,6.03,189,171),(51,51,51,7,162.000,0.00,41570.62,2.00,6285.00,119,124),(52,52,52,3,193.000,0.00,1025654.04,82309415.49,567.85,963,61),(53,53,53,21,15.000,0.00,3738.35,1.16,554.50,80,256),(54,54,54,49,487.000,0.00,3078170.56,0.00,0.00,794,36),(55,55,55,118,543.000,0.00,146.97,227792459.06,1395.25,791,227),(56,56,56,14,548.000,0.00,4.65,309714206.25,2075.15,942,186),(57,57,57,37,434.000,0.00,17.66,2193706.43,17118.82,800,264),(58,58,58,95,335.000,0.00,1083.01,0.00,187616.29,688,270),(59,59,59,47,292.000,0.00,29.13,184030.59,0.00,167,36),(60,60,60,52,171.000,0.00,212077.41,1137461.70,633.62,611,86),(61,61,61,99,474.000,0.00,3406.00,0.00,76.23,927,57),(62,62,62,118,138.000,0.00,49.01,4977.12,2.05,124,144),(63,63,63,11,212.000,0.00,56.66,0.00,969.62,792,22),(64,64,64,33,295.000,0.00,0.57,36.53,0.00,948,231),(65,65,65,55,342.000,0.00,13258328.99,5.00,496.90,421,219),(66,66,66,32,368.000,0.00,565.67,182.25,89.57,647,80),(67,67,67,24,508.000,0.00,8537.26,0.00,2635688.40,98,271),(68,68,68,92,18.000,0.00,158447.77,10.50,120926.00,368,95),(69,69,69,119,294.000,0.00,23154.06,864580.89,172906.69,124,205),(70,70,70,25,540.000,0.00,410008.00,44238582.07,12955545.01,496,124),(71,71,71,41,95.000,0.00,309133966.40,0.28,6619.24,842,53),(72,72,72,112,204.000,0.00,3.40,42.84,235.79,700,169),(73,73,73,92,394.000,0.00,44.27,132224.91,184389811.30,315,215),(74,74,74,86,444.000,0.00,0.00,5545.37,155469418.00,854,2),(75,75,75,41,222.000,0.00,7818.93,81003.10,861751.20,988,103),(76,76,76,88,62.000,0.00,0.00,0.39,23.13,335,222),(77,77,77,97,426.000,0.00,35.00,7.86,1798.24,280,234),(78,78,78,41,331.000,0.00,0.00,0.18,164504.47,381,225),(79,79,79,24,49.000,0.00,7487432.65,12.71,0.00,392,114),(80,80,80,19,244.000,0.00,83.00,60447.02,11147.67,759,186),(81,81,81,116,435.000,0.00,278.38,14.20,41193181.69,227,35),(82,82,82,89,143.000,0.00,0.00,144953.38,66564236.64,716,103),(83,83,83,102,434.000,0.00,43.55,936.02,37482675.46,508,140),(84,84,84,44,179.000,0.00,45354.29,0.00,1185195.81,248,283),(85,85,85,8,21.000,0.00,0.85,0.00,35881792.13,819,44),(86,86,86,61,405.000,0.00,36.57,5.89,0.00,486,96),(87,87,87,77,398.000,0.00,0.00,2692.65,0.00,947,77),(88,88,88,27,283.000,0.00,3442849.31,0.00,4.53,859,227),(89,89,89,34,539.000,0.00,69818875.26,0.00,1108.60,18,255),(90,90,90,3,70.000,0.00,2.70,186437471.71,7.37,880,71),(91,91,91,22,59.000,0.00,248537.62,53.44,1523238.29,300,110),(92,92,92,2,383.000,0.00,0.00,27748.18,442455893.52,284,168),(93,93,93,74,96.000,0.00,944966.15,15628.46,95193.00,649,138),(94,94,94,109,23.000,0.00,5.76,64435.00,32821.58,873,27),(95,95,95,33,296.000,0.00,505.34,281.71,247873738.11,118,113),(96,96,96,26,529.000,0.00,0.00,0.00,0.00,487,276),(97,97,97,120,427.000,0.00,0.00,1.85,34609594.33,418,299),(98,98,98,107,237.000,0.00,32745.68,0.10,141512554.00,764,214),(99,99,99,91,210.000,0.00,2610614.42,3374027.06,30.81,98,202),(100,100,100,116,90.000,0.00,1.14,32996.20,784621.80,588,190),(101,101,101,77,413.000,0.00,1.79,494.29,1.30,867,40),(102,102,102,29,374.000,0.00,12538573.10,41983442.69,2.80,455,46),(103,103,103,81,79.000,0.00,8632.27,1507584.74,35433497.00,486,183),(104,104,104,41,204.000,0.00,3105395.00,4.08,0.24,844,135),(105,105,105,76,14.000,0.00,0.00,2558.54,45449.00,883,93),(106,106,106,96,351.000,0.00,3216.00,0.00,7.28,596,184),(107,107,107,18,207.000,0.00,0.00,19.01,0.00,648,35),(108,108,108,32,402.000,0.00,106.77,4.47,545478.81,683,270),(109,109,109,86,50.000,0.00,0.00,14186.20,8333.53,663,296),(110,110,110,85,397.000,0.00,284182.00,179.34,5.92,800,83),(111,111,111,29,55.000,0.00,205.36,641.02,88.99,848,266),(112,112,112,94,104.000,0.00,465646078.78,598.93,0.00,54,183),(113,113,113,117,255.000,0.00,194126.00,29.68,48.60,603,18),(114,114,114,59,190.000,0.00,2466.00,1.58,47.50,991,41),(115,115,115,118,512.000,0.00,525371.72,20517.99,22671.50,563,59),(116,116,116,93,195.000,0.00,0.23,16.73,1933.80,969,105),(117,117,117,47,15.000,0.00,43910911.00,4.20,6.30,747,189),(118,118,118,76,314.000,0.00,40155.00,242417.73,3227953.39,383,127),(119,119,119,64,109.000,0.00,333274.57,443327375.49,192.28,697,181),(120,120,120,113,243.000,0.00,1101.25,17.49,322632.44,884,186),(121,121,121,67,479.000,0.00,45277762.17,1732.00,4145875.27,610,176),(122,122,122,103,26.000,0.00,314180651.51,0.00,2510677.79,751,35),(123,123,123,70,461.000,0.00,9203.20,0.00,12324.34,340,101),(124,124,124,38,137.000,0.00,192863.14,361765.29,2.96,906,287),(125,125,125,110,322.000,0.00,19.61,0.00,0.91,917,152),(126,126,126,73,375.000,0.00,0.93,7406.07,137678.31,91,120),(127,127,127,65,426.000,0.00,0.00,2.61,37710877.10,57,129),(128,128,128,53,270.000,0.00,63849226.70,37401851.00,45642491.62,438,242),(129,129,129,37,128.000,0.00,234.65,0.00,34119903.90,340,236),(130,130,130,32,298.000,0.00,1.70,0.00,7614521.03,93,51),(131,131,131,9,272.000,0.00,3.77,0.00,1035.47,643,251),(132,132,132,37,8.000,0.00,1620.68,5.09,28125.70,281,249),(133,133,133,109,193.000,0.00,569.70,14326.67,398.69,762,17),(134,134,134,32,177.000,0.00,305.03,3348231.17,286073.42,210,39),(135,135,135,118,92.000,0.00,40.96,0.00,82.06,839,5),(136,136,136,99,155.000,0.00,11054.64,172136.25,275.96,304,78),(137,137,137,61,44.000,0.00,40297536.49,364047.24,706.73,359,136),(138,138,138,82,263.000,0.00,2751282.76,134860.66,65423.10,919,73),(139,139,139,31,538.000,0.00,217.42,3220866.13,4430.68,835,294),(140,140,140,109,367.000,0.00,188709.52,0.29,194.46,546,55),(141,141,141,100,348.000,0.00,265825.00,0.69,0.00,648,267),(142,142,142,99,138.000,0.00,37288999.36,164.46,364238.00,261,56),(143,143,143,3,426.000,0.00,1073.50,6.44,17552.95,165,234),(144,144,144,19,39.000,0.00,4267.21,7.40,43298.39,475,289),(145,145,145,11,232.000,0.00,20.97,2608739.15,16553.86,234,100),(146,146,146,83,391.000,0.00,1978.50,6843101.10,22007598.65,457,35),(147,147,147,90,305.000,0.00,586.44,0.21,713398860.00,593,293),(148,148,148,80,298.000,0.00,213511930.00,169090751.72,245520965.37,469,113),(149,149,149,32,537.000,0.00,187.40,0.00,0.00,921,58),(150,150,150,15,233.000,0.00,1615.47,655.89,107214.38,345,120),(151,151,151,81,4.000,0.00,227.00,19185674.37,4.63,640,207),(152,152,152,43,222.000,0.00,100306809.01,122885.30,209776874.46,211,293),(153,153,153,41,400.000,0.00,4.90,46177300.00,345052.04,628,43),(154,154,154,30,440.000,0.00,57122953.85,3552.40,0.00,761,137),(155,155,155,30,356.000,0.00,78928.21,45604242.69,0.14,367,206),(156,156,156,60,22.000,0.00,369.63,17.05,2995.19,669,34),(157,157,157,79,111.000,0.00,838694.10,49.78,1.77,146,248),(158,158,158,112,402.000,0.00,0.00,0.03,33604871.87,158,185),(159,159,159,22,526.000,0.00,753853.00,0.00,361.98,489,9),(160,160,160,103,209.000,0.00,1033807.99,75046.00,9383.37,211,187),(161,161,161,51,421.000,0.00,23247.00,868.20,15743.44,372,117),(162,162,162,46,380.000,0.00,30827069.38,13356510.85,1.98,990,139),(163,163,163,82,339.000,0.00,359809514.89,9758.82,34.83,799,124),(164,164,164,110,256.000,0.00,193.09,3769.80,18447.39,910,1),(165,165,165,2,440.000,0.00,1673432.38,1.19,27570116.08,48,224),(166,166,166,76,119.000,0.00,48847128.28,314.59,2705.50,783,66),(167,167,167,43,68.000,0.00,87104.45,0.00,76.00,784,7),(168,168,168,2,326.000,0.00,42.00,453.81,0.00,592,64),(169,169,169,12,179.000,0.00,17.18,313.10,4767364.97,599,159),(170,170,170,35,324.000,0.00,25465537.55,43.94,34.16,787,5),(171,171,171,72,414.000,0.00,206294.04,45151.57,8030531.40,588,89),(172,172,172,83,138.000,0.00,35.73,0.00,46757642.90,787,191),(173,173,173,61,129.000,0.00,2135410.40,0.50,563289.60,928,27),(174,174,174,28,490.000,0.00,1.97,36002.46,503876.49,429,114),(175,175,175,81,178.000,0.00,553865.61,521889.90,12.07,88,274),(176,176,176,46,117.000,0.00,215862.52,26115309.09,310315071.80,294,11),(177,177,177,58,77.000,0.00,86811647.26,189133765.49,13972272.73,48,129),(178,178,178,22,15.000,0.00,2128051.80,3363.26,426601.10,51,185),(179,179,179,33,160.000,0.00,4.04,0.00,2.79,582,108),(180,180,180,51,174.000,0.00,8.20,0.00,16982365.80,727,223),(181,181,181,92,177.000,0.00,2199.73,0.00,74779913.66,584,157),(182,182,182,2,452.000,0.00,305.54,288918.29,0.00,621,107),(183,183,183,57,522.000,0.00,640.91,4334.56,2131100.65,44,258),(184,184,184,88,323.000,0.00,0.00,22.00,1889.33,866,4),(185,185,185,112,34.000,0.00,185161.19,1374.05,942935.17,20,75),(186,186,186,18,41.000,0.00,2348518.96,158846.21,39739139.37,684,295),(187,187,187,116,196.000,0.00,8641.85,1.84,443.08,1,262),(188,188,188,94,181.000,0.00,115417980.74,3103292.36,189.30,976,81),(189,189,189,89,205.000,0.00,7746.00,3.04,0.00,897,164),(190,190,190,99,463.000,0.00,19915.84,742.96,4281.70,157,174),(191,191,191,2,160.000,0.00,237135.11,155351567.51,2230.54,730,20),(192,192,192,28,462.000,0.00,6329313.70,6.22,51518.00,419,257),(193,193,193,86,152.000,0.00,2955.17,622.02,6308.62,106,163),(194,194,194,18,85.000,0.00,18.76,61565656.91,8096724.70,17,293),(195,195,195,81,147.000,0.00,0.00,14631.37,40.02,54,241),(196,196,196,71,342.000,0.00,2942949.02,330584.19,420.56,560,29),(197,197,197,12,11.000,0.00,16766.61,51.56,7.00,218,297),(198,198,198,119,409.000,0.00,464.83,45696737.55,171.74,625,122),(199,199,199,99,269.000,0.00,6.77,4250.00,218.20,965,276),(200,200,200,71,115.000,0.00,151482.99,3527764.20,4.77,554,184),(201,201,201,39,270.000,0.00,0.00,0.00,82.53,913,283),(202,202,202,7,169.000,0.00,19.78,0.00,219022.86,968,103),(203,203,203,119,120.000,0.00,362491013.44,6361320.82,9451.24,528,119),(204,204,204,32,288.000,0.00,41860.82,411.08,0.00,69,192),(205,205,205,42,129.000,0.00,42036910.23,301127860.69,5780943.16,480,286),(206,206,206,42,391.000,0.00,127568.28,447939.71,3182804.91,927,70),(207,207,207,5,129.000,0.00,10284.87,4236636.69,843677.83,608,278),(208,208,208,69,194.000,0.00,1350474.54,0.00,811035.22,681,126),(209,209,209,26,399.000,0.00,63.11,292096.00,16417527.46,905,198),(210,210,210,94,475.000,0.00,33.19,57663.13,123982.00,744,28),(211,211,211,29,469.000,0.00,3259275.99,0.00,535081.86,484,131),(212,212,212,38,110.000,0.00,84.62,0.85,707.00,278,205),(213,213,213,39,436.000,0.00,277560.72,23094963.10,31313.00,682,103),(214,214,214,87,535.000,0.00,10557717.00,3.87,28722234.55,309,124),(215,215,215,90,477.000,0.00,10044.39,3124.54,22750506.40,852,95),(216,216,216,23,342.000,0.00,37.36,167626633.54,0.00,617,235),(217,217,217,72,501.000,0.00,19.82,3580.34,191228.61,773,27),(218,218,218,27,167.000,0.00,75.16,386.50,1.50,945,53),(219,219,219,118,321.000,0.00,0.99,68.00,31122906.87,934,248),(220,220,220,114,228.000,0.00,230602.80,673.00,31416.65,966,94),(221,221,221,46,210.000,0.00,6.11,7702.79,0.78,683,261),(222,222,222,23,478.000,0.00,9.00,42266210.31,1.24,775,142),(223,223,223,17,298.000,0.00,594711.40,61444826.00,7.00,402,130),(224,224,224,44,245.000,0.00,218.57,517783.01,502467.36,576,274),(225,225,225,50,211.000,0.00,4034466.19,0.00,21.00,492,141),(226,226,226,101,2.000,0.00,4139.00,0.00,1.59,567,16),(227,227,227,80,188.000,0.00,57873.59,326547446.23,68296093.49,930,275),(228,228,228,92,215.000,0.00,528.34,386632.83,2863823.94,374,64),(229,229,229,13,39.000,0.00,31983.13,13.10,8568.70,265,69),(230,230,230,79,266.000,0.00,18.92,140.16,4577.70,814,103),(231,231,231,66,153.000,0.00,0.00,10451634.30,200397.00,503,2),(232,232,232,19,286.000,0.00,3.00,14150061.80,55760.15,487,56),(233,233,233,90,228.000,0.00,14857.24,211095533.66,1117.31,617,174),(234,234,234,32,483.000,0.00,0.00,0.81,119699.80,735,159),(235,235,235,65,216.000,0.00,157152.54,897249.70,6793.79,1,66),(236,236,236,73,241.000,0.00,63044004.39,432262.00,1802.72,242,206),(237,237,237,78,111.000,0.00,1737.30,0.00,90940932.70,835,4),(238,238,238,29,486.000,0.00,565.99,0.00,96042.94,855,3),(239,239,239,86,134.000,0.00,32783.48,10412419.90,13.86,618,183),(240,240,240,105,494.000,0.00,4056.85,3726425.61,622.73,693,77),(241,241,241,31,9.000,0.00,488.95,903.91,489575.70,107,171),(242,242,242,65,63.000,0.00,872010.25,0.00,1381662.00,703,270),(243,243,243,113,403.000,0.00,1860819.72,0.00,696.48,135,260),(244,244,244,109,366.000,0.00,69997.44,2881339.24,10.42,262,85),(245,245,245,62,17.000,0.00,169782.07,2683.56,803.13,329,60),(246,246,246,53,32.000,0.00,0.00,3.39,41004874.06,529,253),(247,247,247,4,19.000,0.00,27.00,13925.22,280037.13,959,177),(248,248,248,94,81.000,0.00,91406778.85,0.00,25337616.87,714,246),(249,249,249,3,26.000,0.00,196.00,6093.97,26.54,911,299),(250,250,250,76,365.000,0.00,378680920.25,108885.08,779.54,717,195),(251,251,251,40,433.000,0.00,0.00,537015470.35,13152.15,958,134),(252,252,252,9,2.000,0.00,391649392.51,6128606.47,109878.83,786,257),(253,253,253,88,166.000,0.00,256318.95,66.60,402516.07,382,293),(254,254,254,51,324.000,0.00,62142.00,6865489.00,3226.45,668,10),(255,255,255,66,241.000,0.00,7440.90,0.00,1860259.82,94,267),(256,256,256,10,122.000,0.00,56.03,74.10,5074.00,233,165),(257,257,257,116,478.000,0.00,3.12,2.53,3130520.10,439,138),(258,258,258,70,407.000,0.00,495283.00,528.98,6624.73,122,171),(259,259,259,113,19.000,0.00,140561101.53,5.30,30.90,217,63),(260,260,260,49,29.000,0.00,0.26,3.65,279030.86,532,36),(261,261,261,78,379.000,0.00,345163708.49,0.00,2795732.64,614,277),(262,262,262,16,477.000,0.00,322659.00,77976.79,421659.19,20,278),(263,263,263,104,475.000,0.00,198445.17,0.00,554956.50,213,201),(264,264,264,53,145.000,0.00,5.87,0.00,10609.35,390,276),(265,265,265,78,507.000,0.00,8809.00,334464850.31,7310388.37,458,33),(266,266,266,43,133.000,0.00,102519.19,90782440.00,6.80,618,158),(267,267,267,93,161.000,0.00,38370921.58,3371.91,0.00,861,297),(268,268,268,76,2.000,0.00,421.57,2.00,0.00,981,297),(269,269,269,20,380.000,0.00,43668.67,5.60,9.00,41,56),(270,270,270,16,14.000,0.00,52.65,29.61,13016215.07,141,2),(271,271,271,16,262.000,0.00,0.00,407.90,15745486.91,565,84),(272,272,272,111,41.000,0.00,31296095.00,330.87,920725.09,160,271),(273,273,273,11,65.000,0.00,4124.45,1532530.40,29.32,786,153),(274,274,274,52,101.000,0.00,500290.34,462605.74,6.31,79,179),(275,275,275,100,510.000,0.00,750287.50,30.02,293484.96,712,237),(276,276,276,92,402.000,0.00,4.91,20201316.06,613.45,459,94),(277,277,277,31,523.000,0.00,0.00,390793.50,1398029.49,235,174),(278,278,278,10,203.000,0.00,65444977.00,27603.31,14.19,512,160),(279,279,279,43,262.000,0.00,3.77,8368541.93,5690.40,18,246),(280,280,280,64,36.000,0.00,394.04,90516959.40,82465.57,88,38),(281,281,281,108,369.000,0.00,548.18,868.93,19513090.51,447,298),(282,282,282,6,465.000,0.00,1163.60,5030.00,21662692.32,498,234),(283,283,283,91,264.000,0.00,1011350.38,5.00,4244.81,193,246),(284,284,284,110,172.000,0.00,36.55,2306.11,0.67,465,125),(285,285,285,66,123.000,0.00,6.00,0.00,34.35,977,156),(286,286,286,95,542.000,0.00,0.00,204393254.53,52902.03,967,205),(287,287,287,30,48.000,0.00,1.11,39017904.52,25791.00,276,119),(288,288,288,60,432.000,0.00,5610549.98,31.79,63.69,587,182),(289,289,289,54,365.000,0.00,13.95,2495.66,109.33,932,65),(290,290,290,57,317.000,0.00,20609.00,23534196.63,46320082.59,137,58),(291,291,291,99,435.000,0.00,0.00,108.53,56867924.15,650,180),(292,292,292,12,391.000,0.00,1.93,115248037.18,17126.27,137,74),(293,293,293,72,2.000,0.00,2352.30,56.52,0.13,611,96),(294,294,294,52,157.000,0.00,0.00,0.00,235.95,225,199),(295,295,295,60,153.000,0.00,2.86,178303125.58,333.52,937,93),(296,296,296,82,503.000,0.00,1.74,287688.52,18979602.96,790,93),(297,297,297,46,216.000,0.00,15.00,661.71,2012920.58,141,300),(298,298,298,90,423.000,0.00,602951420.00,511551869.95,405964.25,658,118),(299,299,299,17,412.000,0.00,1.54,3844.60,44570.68,259,41),(300,300,300,7,146.000,0.00,40959031.31,1525.90,44802.00,904,71),(301,301,1,117,479.000,0.00,28668444.95,11448.18,17604903.18,368,84),(302,302,2,61,154.000,0.00,0.00,124.00,0.00,968,17),(303,303,3,63,311.000,0.00,8940464.45,67.86,3072.33,615,88),(304,304,4,118,362.000,0.00,214933.99,777038343.76,0.00,646,168),(305,305,5,120,433.000,0.00,278562974.73,633.90,0.00,252,213),(306,306,6,30,447.000,0.00,15320170.27,73.54,2.91,960,204),(307,307,7,118,415.000,0.00,0.00,1476.20,859714.80,467,76),(308,308,8,45,347.000,0.00,232703799.00,54387201.80,4500.06,927,270),(309,309,9,52,67.000,0.00,0.00,325738609.95,40790586.28,423,268),(310,310,10,116,189.000,0.00,485051.72,19523.24,4035392.23,886,212),(311,311,11,101,20.000,0.00,2090.09,1427493.84,66.26,634,5),(312,312,12,91,491.000,0.00,113341893.70,2.70,6046.94,859,8),(313,313,13,69,197.000,0.00,8474378.79,2.96,2418840.56,716,73),(314,314,14,51,388.000,0.00,356652174.52,2641.14,29283.00,28,154),(315,315,15,23,150.000,0.00,2.10,2412.22,3769380.94,878,232),(316,316,16,5,136.000,0.00,19519710.42,43508455.00,620.16,368,127),(317,317,17,50,144.000,0.00,0.17,102291.77,1976.44,609,15),(318,318,18,52,26.000,0.00,10953.00,8239.25,0.00,448,243),(319,319,19,110,65.000,0.00,0.00,1853692.36,1877.80,821,74),(320,320,20,98,227.000,0.00,0.00,5.69,3206.31,662,222),(321,321,21,18,328.000,0.00,360.64,11669.00,4.40,127,206),(322,322,22,103,453.000,0.00,510146.00,5946368.42,0.00,930,149),(323,323,23,13,202.000,0.00,0.40,20461411.29,25247288.29,672,85),(324,324,24,40,46.000,0.00,30037.91,0.00,34729.00,503,279),(325,325,25,74,487.000,0.00,15.97,1668178.36,44229.99,296,290),(326,326,26,116,446.000,0.00,47966.38,45944.70,2846.73,151,244),(327,327,27,90,425.000,0.00,50563456.68,0.94,526.54,911,295),(328,328,28,5,133.000,0.00,36.01,125592.73,155075245.80,22,145),(329,329,29,54,237.000,0.00,15372648.18,0.00,153138.99,676,95),(330,330,30,77,263.000,0.00,0.00,2783671.66,39783549.60,959,279),(331,331,31,41,476.000,0.00,18278.00,0.00,441221446.74,835,132),(332,332,32,73,324.000,0.00,315577.00,629531.00,598118.00,915,153),(333,333,33,33,319.000,0.00,184311.27,281.60,3.00,813,160),(334,334,34,94,10.000,0.00,25279269.82,49163.47,0.00,708,154),(335,335,35,40,145.000,0.00,278502.99,1031.23,21033.62,334,243),(336,336,36,65,482.000,0.00,670.51,83894013.24,19500.45,460,123),(337,337,37,59,18.000,0.00,77063.37,0.80,2.42,124,125),(338,338,38,75,69.000,0.00,52537.83,51.00,0.00,777,108),(339,339,39,108,1.000,0.00,1353.10,37034.27,516068153.60,454,104),(340,340,40,18,54.000,0.00,3.72,8860.19,67.28,16,260),(341,341,41,56,249.000,0.00,0.00,854022.55,1208580.21,74,267),(342,342,42,73,314.000,0.00,2.40,48267568.35,124656522.80,15,265),(343,343,43,72,225.000,0.00,111863780.48,918.47,75.72,856,40),(344,344,44,9,498.000,0.00,138198250.95,317350.49,2533567.32,841,22),(345,345,45,43,118.000,0.00,4468562.10,388.32,187741.82,749,232),(346,346,46,114,350.000,0.00,99606.75,1331.00,169.91,644,217),(347,347,47,71,271.000,0.00,190.91,513.43,5212032.00,982,109),(348,348,48,14,334.000,0.00,2050464.36,22180.00,12161892.12,476,208),(349,349,49,107,233.000,0.00,71.09,73317.50,68146.00,24,135),(350,350,50,32,507.000,0.00,187.37,2893.14,1.34,341,255),(351,351,51,84,369.000,0.00,6.11,38.13,113.25,282,83),(352,352,52,54,318.000,0.00,20.00,434643.81,5.58,778,210),(353,353,53,22,62.000,0.00,571281.35,86734227.67,264.44,139,249),(354,354,54,58,401.000,0.00,46.41,1.96,203595.47,136,202),(355,355,55,11,109.000,0.00,53803.16,0.00,2186742.90,368,281),(356,356,56,21,448.000,0.00,113941.21,3.00,1859380.77,429,36),(357,357,57,95,520.000,0.00,453325168.23,3.58,0.62,294,164),(358,358,58,96,482.000,0.00,23960723.99,12413.27,18428198.00,995,34),(359,359,59,79,276.000,0.00,2677338.39,27792269.24,9679629.92,816,211),(360,360,60,120,193.000,0.00,5079.60,40.00,2042273.00,450,227),(361,361,61,22,86.000,0.00,2.56,84027524.80,33.00,93,208),(362,362,62,4,278.000,0.00,236889017.97,8.80,545.13,588,222),(363,363,63,79,252.000,0.00,7760127.51,58.47,8.24,590,169),(364,364,64,82,538.000,0.00,764617.38,0.00,34.02,549,225),(365,365,65,62,313.000,0.00,15.31,42.38,1595699.38,153,98),(366,366,66,26,412.000,0.00,61648413.20,13360.40,0.00,862,292),(367,367,67,89,539.000,0.00,12922159.14,239953686.89,2.15,946,256),(368,368,68,96,428.000,0.00,424825.38,41.00,16.72,270,255),(369,369,69,119,335.000,0.00,567087.61,751203.03,0.51,298,79),(370,370,70,104,495.000,0.00,356.92,5.83,88906.11,798,79),(371,371,71,18,270.000,0.00,2993773.25,0.00,525782574.42,739,92),(372,372,72,35,139.000,0.00,0.86,1915812.60,0.00,571,254),(373,373,73,37,454.000,0.00,0.00,1689.52,77.93,830,44),(374,374,74,9,236.000,0.00,2189.90,93.92,1110.04,566,16),(375,375,75,99,95.000,0.00,427.62,46.25,1.86,770,150),(376,376,76,103,270.000,0.00,59.23,4456.03,3355.00,585,108),(377,377,77,51,3.000,0.00,26258.18,872.70,205097651.60,261,87),(378,378,78,34,37.000,0.00,5748.26,0.00,0.50,925,28),(379,379,79,113,344.000,0.00,0.00,21855381.79,4288902.78,792,266),(380,380,80,52,188.000,0.00,2103543.43,161.53,2638.42,772,203),(381,381,81,74,65.000,0.00,1740.13,313.84,1771.94,412,252),(382,382,82,97,316.000,0.00,0.74,214.73,6097.29,597,37),(383,383,83,81,426.000,0.00,377.40,2336495.55,575332.50,795,123),(384,384,84,120,72.000,0.00,0.60,45330.72,16.04,637,21),(385,385,85,1,329.000,0.00,149920303.76,167.17,543286744.12,634,95),(386,386,86,37,199.000,0.00,65683.65,340803.52,6.43,900,113),(387,387,87,97,78.000,0.00,337.66,250881424.00,0.00,882,145),(388,388,88,36,424.000,0.00,712766.94,188.05,3.00,666,93),(389,389,89,29,67.000,0.00,209737.75,0.00,0.00,294,28),(390,390,90,22,235.000,0.00,273.64,0.39,70014.19,283,242),(391,391,91,1,169.000,0.00,77851001.82,894.87,178913.93,443,132),(392,392,92,60,55.000,0.00,1687.24,28.12,7.64,581,55),(393,393,93,3,431.000,0.00,40685.00,16.70,56.00,438,225),(394,394,94,14,8.000,0.00,49.43,743.68,6546242.18,1,214),(395,395,95,1,177.000,0.00,0.90,172537284.40,5370.23,633,26),(396,396,96,36,77.000,0.00,0.00,66813175.50,41683.26,369,14),(397,397,97,86,92.000,0.00,8136327.95,0.00,5.58,128,249),(398,398,98,102,179.000,0.00,11811.43,335508.14,1594131.00,327,32),(399,399,99,51,96.000,0.00,578.50,71654282.46,14964453.81,855,238),(400,400,100,70,129.000,0.00,0.00,85228.70,20.25,865,220),(401,401,101,118,99.000,0.00,1172250.06,9.72,352.70,453,191),(402,402,102,82,28.000,0.00,7622.24,73034627.02,505.26,280,152),(403,403,103,107,465.000,0.00,4039.95,3.90,12937927.97,385,32),(404,404,104,23,368.000,0.00,0.00,200.47,0.00,419,94),(405,405,105,96,469.000,0.00,7.09,1.51,6.10,969,198),(406,406,106,15,164.000,0.00,35925160.73,4754.00,38.35,989,210),(407,407,107,89,370.000,0.00,59.76,543454760.65,828.25,624,224),(408,408,108,61,456.000,0.00,0.00,43.75,0.00,15,20),(409,409,109,45,43.000,0.00,3.60,300.61,0.00,401,98),(410,410,110,9,276.000,0.00,0.00,0.67,1456477.28,983,115),(411,411,111,85,259.000,0.00,43978659.91,43892.50,89823.49,698,67),(412,412,112,100,504.000,0.00,759.04,0.51,300.74,832,85),(413,413,113,37,129.000,0.00,356235938.14,1993855.65,1438713.80,753,286),(414,414,114,77,248.000,0.00,60913.76,5.34,8080.00,701,147),(415,415,115,97,97.000,0.00,5.53,68919.06,0.00,842,197),(416,416,116,105,233.000,0.00,355.20,109.97,1951896.09,249,123),(417,417,117,55,353.000,0.00,10478055.29,863529310.50,0.00,655,258),(418,418,118,107,384.000,0.00,239.03,5.13,199138923.46,153,291),(419,419,119,17,163.000,0.00,42.92,35070.55,3.28,267,82),(420,420,120,39,316.000,0.00,85388.12,443715.87,835.40,479,216),(421,421,121,5,239.000,0.00,365352.61,317914.31,0.00,198,131),(422,422,122,18,409.000,0.00,52742.00,4.10,362848267.05,488,195),(423,423,123,53,504.000,0.00,488.04,4615.46,1719102.91,456,98),(424,424,124,3,1.000,0.00,1688807.72,25209.09,3135627.82,763,26),(425,425,125,80,132.000,0.00,24.37,83583.96,654.59,976,29),(426,426,126,5,158.000,0.00,13004665.95,46419614.00,5241.92,547,192),(427,427,127,4,238.000,0.00,4016419.00,62672.89,209694.25,626,48),(428,428,128,104,372.000,0.00,292.75,398982916.72,392227926.10,546,39),(429,429,129,38,142.000,0.00,359.00,64622563.70,0.00,857,72),(430,430,130,96,93.000,0.00,34613536.90,6473.20,5.75,931,49),(431,431,131,35,23.000,0.00,18235.25,4313086.19,0.00,253,281),(432,432,132,31,282.000,0.00,405308.75,37945.40,2955.21,972,231),(433,433,133,41,184.000,0.00,47901.36,491975383.88,346612.37,624,186),(434,434,134,77,90.000,0.00,122.68,455.34,206355354.96,281,101),(435,435,135,73,497.000,0.00,32.71,498.04,12.65,390,239),(436,436,136,100,518.000,0.00,4924.00,0.00,2441523.66,524,217),(437,437,137,2,267.000,0.00,3535000.04,0.54,0.41,714,162),(438,438,138,90,191.000,0.00,437393.25,701.00,299.27,837,192),(439,439,139,32,42.000,0.00,4627.00,272.51,908.60,89,4),(440,440,140,53,294.000,0.00,1106.13,6082294.13,69.63,403,132),(441,441,141,29,315.000,0.00,1310172.59,338.69,7220.56,74,68),(442,442,142,84,306.000,0.00,3795997.49,6685337.10,190.26,341,55),(443,443,143,58,306.000,0.00,2668.65,3145.75,58.23,383,75),(444,444,144,65,323.000,0.00,93.40,0.00,229.87,874,30),(445,445,145,29,116.000,0.00,1241.43,5783902.79,0.00,249,196),(446,446,146,100,136.000,0.00,0.00,3.97,0.91,860,125),(447,447,147,60,409.000,0.00,401018667.00,60.29,87778.00,670,2),(448,448,148,116,233.000,0.00,40123418.01,2140.16,0.00,741,160),(449,449,149,68,459.000,0.00,4.62,0.89,42564744.78,615,151),(450,450,150,39,293.000,0.00,36525.77,947.65,12.20,473,35),(451,451,151,101,318.000,0.00,408533372.83,95813262.70,5.16,688,215),(452,452,152,58,185.000,0.00,9124304.95,730461.27,0.00,274,160),(453,453,153,8,326.000,0.00,17409867.47,28.19,34.86,777,73),(454,454,154,18,29.000,0.00,455860240.00,0.01,3.28,635,116),(455,455,155,44,468.000,0.00,16554479.18,3.50,2429.15,663,124),(456,456,156,80,296.000,0.00,7842078.90,313086.97,292185.70,70,15),(457,457,157,11,389.000,0.00,0.77,2227.86,516.47,377,282),(458,458,158,30,287.000,0.00,0.00,0.00,696711.62,660,199),(459,459,159,59,89.000,0.00,0.00,436.49,151895629.63,157,160),(460,460,160,40,540.000,0.00,5588661.30,63147.87,0.00,792,20),(461,461,161,91,298.000,0.00,1612.21,25399.04,115724.07,902,23),(462,462,162,42,152.000,0.00,353273.56,599.63,121146644.19,998,233),(463,463,163,110,342.000,0.00,42.19,6934.81,0.00,762,48),(464,464,164,6,415.000,0.00,322.83,1145405.98,160.39,759,268),(465,465,165,69,35.000,0.00,22777.00,0.00,12.93,119,262),(466,466,166,59,52.000,0.00,40733134.60,0.00,48765068.38,227,204),(467,467,167,36,49.000,0.00,7578491.21,0.00,341326.73,869,261),(468,468,168,6,370.000,0.00,0.00,3579990.00,64533.83,42,74),(469,469,169,17,51.000,0.00,15406.00,1.59,1597.04,409,225),(470,470,170,55,73.000,0.00,835935.00,6809.46,1302303.00,384,27),(471,471,171,105,484.000,0.00,31.34,11094.90,2174739.00,430,48),(472,472,172,113,180.000,0.00,13.03,6.95,409396.02,577,299),(473,473,173,53,169.000,0.00,950027.57,7.35,3127743.10,585,273),(474,474,174,58,140.000,0.00,789371.06,0.00,9.21,695,276),(475,475,175,37,246.000,0.00,98704846.00,3514546.46,239506803.00,779,274),(476,476,176,83,382.000,0.00,17.40,179012.33,65599697.57,87,241),(477,477,177,21,505.000,0.00,190111654.22,889987.26,484.73,801,246),(478,478,178,110,58.000,0.00,92490.16,1246027.18,5213.93,168,255),(479,479,179,26,41.000,0.00,0.00,26.22,955082.20,708,268),(480,480,180,26,380.000,0.00,246081402.91,30058168.93,5054948.83,256,134),(481,481,181,65,1.000,0.00,1288.78,0.00,3278926.00,484,283),(482,482,182,82,336.000,0.00,4.10,0.78,4089.00,330,40),(483,483,183,4,233.000,0.00,179618.17,345651.79,389708.70,653,50),(484,484,184,49,202.000,0.00,53.00,43047841.60,1.00,413,182),(485,485,185,92,493.000,0.00,13265.06,6148878.55,43476776.71,736,142),(486,486,186,79,182.000,0.00,26.25,62.98,0.00,415,62),(487,487,187,80,353.000,0.00,25808.60,55198235.27,54523.39,421,47),(488,488,188,53,389.000,0.00,23770.80,33421.00,0.00,883,187),(489,489,189,119,99.000,0.00,12.20,123.81,13.70,238,48),(490,490,190,91,238.000,0.00,258261528.25,44141.54,429.00,420,81),(491,491,191,52,192.000,0.00,1621.00,16566.55,0.41,171,149),(492,492,192,21,340.000,0.00,22528842.00,5.96,83737.00,417,221),(493,493,193,80,510.000,0.00,0.47,3.39,162.71,915,257),(494,494,194,66,269.000,0.00,963.20,5.60,175905.82,588,266),(495,495,195,43,258.000,0.00,8236220.89,5427890.72,42.51,743,293),(496,496,196,69,49.000,0.00,930300.58,842.59,10027.21,183,242),(497,497,197,44,436.000,0.00,1147697.00,620.70,359.89,6,103),(498,498,198,26,245.000,0.00,0.46,433650.37,607220.00,309,252),(499,499,199,77,407.000,0.00,3.89,7434.00,76.45,605,299),(500,500,200,35,136.000,0.00,128666831.18,34419.25,2270.99,687,75),(501,501,201,1,338.000,0.00,342149.19,10518.00,226873.26,862,12),(502,502,202,80,403.000,0.00,448180073.58,0.00,7.61,684,275),(503,503,203,98,108.000,0.00,40.46,9.00,193489.03,277,292),(504,504,204,31,86.000,0.00,67621.08,168706.07,1.96,319,38),(505,505,205,70,357.000,0.00,18748.40,232.35,32803966.02,176,247),(506,506,206,44,123.000,0.00,0.00,3226.40,64.20,650,133),(507,507,207,60,441.000,0.00,195346064.44,79590.72,4917.87,766,128),(508,508,208,31,462.000,0.00,56.81,909.66,13.50,114,120),(509,509,209,88,244.000,0.00,3.99,20700088.42,49085670.57,665,256),(510,510,210,119,179.000,0.00,24943763.29,3953.40,765.81,188,82),(511,511,211,91,60.000,0.00,266464.01,0.00,620439.00,379,113),(512,512,212,104,418.000,0.00,52185.73,20884.95,4.16,871,57),(513,513,213,115,280.000,0.00,48786.40,559118756.00,11.70,784,217),(514,514,214,108,486.000,0.00,108.63,15802.00,0.00,534,225),(515,515,215,46,294.000,0.00,1836893.40,32.84,378822.68,108,73),(516,516,216,99,7.000,0.00,23949.00,7754.36,3.76,878,16),(517,517,217,73,428.000,0.00,169493023.00,0.00,5261.11,606,220),(518,518,218,115,54.000,0.00,255.26,0.00,555.27,636,174),(519,519,219,51,424.000,0.00,39.13,0.00,10057791.88,332,193),(520,520,220,45,52.000,0.00,662106.95,81.96,23.06,801,169),(521,521,221,27,281.000,0.00,5337913.58,58089.59,453.51,128,266),(522,522,222,96,265.000,0.00,14463908.14,0.00,8.35,857,233),(523,523,223,28,75.000,0.00,54388704.82,6.93,0.00,500,18),(524,524,224,43,200.000,0.00,0.00,500576.48,354.94,414,141),(525,525,225,45,417.000,0.00,29068304.95,5937545.25,24453644.00,250,87),(526,526,226,95,161.000,0.00,7579.92,16.33,746292.16,13,61),(527,527,227,73,533.000,0.00,1132649.31,1.45,234993.67,632,3),(528,528,228,77,10.000,0.00,1306.00,60899.83,0.00,220,55),(529,529,229,102,307.000,0.00,4354.39,308.51,6071.41,349,141),(530,530,230,84,477.000,0.00,31.11,808375.32,9.00,381,124),(531,531,231,97,331.000,0.00,1916.00,5.13,1371782.60,284,187),(532,532,232,3,214.000,0.00,252.61,83413355.26,5.82,270,91),(533,533,233,61,62.000,0.00,400548543.00,41869.00,6435.43,168,246),(534,534,234,98,292.000,0.00,1962460.68,56876.30,34013.21,343,50),(535,535,235,40,60.000,0.00,2792.00,0.00,1821182.28,947,10),(536,536,236,82,214.000,0.00,540.00,59.20,88.55,900,297),(537,537,237,13,241.000,0.00,144478505.99,1.29,25.54,714,249),(538,538,238,70,397.000,0.00,0.00,3342.80,59.47,967,296),(539,539,239,12,115.000,0.00,585.41,191.15,0.00,665,168),(540,540,240,89,26.000,0.00,71.00,44.20,4.20,964,120),(541,541,241,35,215.000,0.00,129631917.63,109377.88,0.00,206,296),(542,542,242,64,346.000,0.00,20108077.62,806.49,0.00,518,130),(543,543,243,75,386.000,0.00,2.93,6.20,174961.98,28,270),(544,544,244,37,318.000,0.00,44267926.00,34613902.70,468120.26,287,235),(545,545,245,44,202.000,0.00,324.06,118.47,324070.02,360,169),(546,546,246,68,470.000,0.00,55077160.18,110528571.73,2.33,544,64),(547,547,247,91,504.000,0.00,275.46,3662.70,2.38,113,168),(548,548,248,83,150.000,0.00,1.04,3097.16,742577.80,618,106),(549,549,249,14,28.000,0.00,29172.49,1552493.74,87060.04,449,58),(550,550,250,28,479.000,0.00,39865871.81,15.00,66634.60,544,11),(551,551,251,103,29.000,0.00,323.52,79635.62,0.00,571,9),(552,552,252,14,347.000,0.00,309.11,16348283.92,14277.00,787,24),(553,553,253,27,197.000,0.00,24.21,291960849.00,28.37,12,277),(554,554,254,39,74.000,0.00,12600115.78,32.79,25590.27,861,292),(555,555,255,54,149.000,0.00,52601395.90,397209.45,36623667.98,661,16),(556,556,256,104,133.000,0.00,63267.11,82.09,0.81,685,218),(557,557,257,55,371.000,0.00,51328.00,0.08,41645207.00,173,235),(558,558,258,39,525.000,0.00,443326244.53,189.75,31.89,463,226),(559,559,259,33,260.000,0.00,48366.85,1012.85,1.57,418,78),(560,560,260,102,136.000,0.00,686.05,70390169.57,166375.78,674,239),(561,561,261,8,302.000,0.00,4054.00,60289.50,104111915.02,949,225),(562,562,262,118,351.000,0.00,5.24,0.00,613936.06,606,276),(563,563,263,68,403.000,0.00,0.63,33.00,383.00,865,31),(564,564,264,10,136.000,0.00,2405.88,360.50,2.30,126,169),(565,565,265,25,364.000,0.00,0.00,6.86,5.35,217,87),(566,566,266,100,138.000,0.00,71.89,14.87,59308.66,789,57),(567,567,267,116,428.000,0.00,4541964.84,486716.52,146031818.59,101,38),(568,568,268,57,408.000,0.00,3.00,2893.85,61647632.35,28,280),(569,569,269,78,68.000,0.00,250037121.65,6886.58,0.00,556,209),(570,570,270,76,483.000,0.00,14.27,38.14,291.09,524,51),(571,571,271,45,423.000,0.00,11754.11,0.00,3814.11,580,81),(572,572,272,78,405.000,0.00,0.00,36320432.83,81549.07,305,56),(573,573,273,88,116.000,0.00,7498.77,1152.65,448900616.10,97,210),(574,574,274,113,494.000,0.00,406007.94,120196.72,281449044.45,271,117),(575,575,275,89,435.000,0.00,292494.64,2693806.10,0.00,434,50),(576,576,276,11,439.000,0.00,8456.34,5.81,2281417.00,712,181),(577,577,277,74,451.000,0.00,145776993.44,342470380.18,18615.37,62,70),(578,578,278,3,35.000,0.00,19973388.76,105.69,48438.45,481,84),(579,579,279,100,332.000,0.00,1375.80,5406331.74,7450.56,879,145),(580,580,280,4,145.000,0.00,0.00,134.42,79063.00,934,196),(581,581,281,44,451.000,0.00,678523820.00,42.56,2903010.00,997,38),(582,582,282,102,87.000,0.00,206.40,49677899.00,2.71,656,221),(583,583,283,120,214.000,0.00,37207.17,24.58,52.00,331,233),(584,584,284,80,518.000,0.00,216130.22,108.20,0.00,618,155),(585,585,285,14,33.000,0.00,508110.28,1188983.95,169401410.36,801,100),(586,586,286,88,436.000,0.00,0.75,155635433.26,43612511.22,740,296),(587,587,287,35,100.000,0.00,345.18,852766.00,58723.56,324,182),(588,588,288,4,235.000,0.00,5105.98,501352.99,56.22,944,76),(589,589,289,39,376.000,0.00,0.00,1405.55,501.28,69,187),(590,590,290,25,145.000,0.00,0.00,679006635.54,0.00,985,111),(591,591,291,108,344.000,0.00,329048.70,2307777.33,17.47,89,96),(592,592,292,38,107.000,0.00,26008944.00,1033991.87,0.20,845,166),(593,593,293,26,222.000,0.00,4171.72,386.90,583966049.40,484,55),(594,594,294,115,106.000,0.00,18.12,0.00,344.31,821,170),(595,595,295,87,334.000,0.00,5570134.30,131241.85,0.00,184,86),(596,596,296,97,372.000,0.00,1.56,8759352.53,1.00,382,175),(597,597,297,64,484.000,0.00,2851.10,130436685.81,4752.53,941,188),(598,598,298,34,322.000,0.00,5502451.60,268353.09,15654644.28,802,277),(599,599,299,72,69.000,0.00,29564212.03,1374.53,0.00,130,220),(600,600,300,69,64.000,0.00,0.10,71.16,164516201.76,38,267),(601,601,1,115,102.000,0.00,73.46,4.50,8000.23,701,277),(602,602,2,96,6.000,0.00,5747.20,32.16,25700.11,937,186),(603,603,3,45,238.000,0.00,158680273.36,35270822.18,527553.98,285,24),(604,604,4,10,86.000,0.00,0.64,488562.00,0.00,623,183),(605,605,5,57,223.000,0.00,13.60,1436.76,0.00,645,64),(606,606,6,47,43.000,0.00,164728.93,236377.25,8332.94,645,90),(607,607,7,2,28.000,0.00,7815834.03,9668.28,14766184.00,243,111),(608,608,8,70,370.000,0.00,30.86,109.41,7038.48,529,278),(609,609,9,7,236.000,0.00,27021802.00,859848.54,549.28,911,255),(610,610,10,90,381.000,0.00,542841.00,4.40,148104.63,349,163),(611,611,11,3,537.000,0.00,155140.00,0.00,5017.03,388,247),(612,612,12,76,189.000,0.00,0.00,2.65,0.00,620,11),(613,613,13,98,403.000,0.00,52082.57,7.35,198863.08,429,272),(614,614,14,106,88.000,0.00,405710587.23,0.00,1370274.81,752,240),(615,615,15,84,57.000,0.00,22041045.00,16.64,0.00,765,176),(616,616,16,29,265.000,0.00,410.01,12.59,1.31,376,37),(617,617,17,28,167.000,0.00,35.75,693.00,37514.40,262,3),(618,618,18,78,52.000,0.00,6218.03,251.80,406.60,431,138),(619,619,19,39,177.000,0.00,0.00,16831238.23,54372667.63,78,224),(620,620,20,111,243.000,0.00,113620.64,0.36,3221128.92,445,276),(621,621,21,62,265.000,0.00,1.55,1.93,39.12,249,184),(622,622,22,73,97.000,0.00,32.70,0.00,0.00,786,106),(623,623,23,49,25.000,0.00,2.20,1018314.11,631.69,406,283),(624,624,24,120,7.000,0.00,1.07,156.40,12.75,846,55),(625,625,25,8,26.000,0.00,64.88,5902.72,421240.91,644,137),(626,626,26,29,502.000,0.00,264.00,240208.42,36480.00,833,59),(627,627,27,100,337.000,0.00,0.50,41347480.53,0.00,207,295),(628,628,28,10,103.000,0.00,553891.95,9.72,48.74,711,194),(629,629,29,53,481.000,0.00,667133655.77,192617043.72,10389580.93,730,295),(630,630,30,78,77.000,0.00,7.47,3062.00,2477.74,724,108),(631,631,31,105,86.000,0.00,1883.32,766328511.90,183304569.70,877,97),(632,632,32,69,47.000,0.00,471175561.00,67656574.54,2942.93,586,295),(633,633,33,40,167.000,0.00,23077923.06,4293652.20,807925.70,642,236),(634,634,34,113,414.000,0.00,39.00,72462639.39,1250.54,380,3),(635,635,35,108,360.000,0.00,3622.53,133974.34,239.88,473,35),(636,636,36,103,252.000,0.00,234.88,31344229.23,0.00,35,137),(637,637,37,62,147.000,0.00,0.07,440.41,1.53,727,224),(638,638,38,69,322.000,0.00,0.00,128410.80,4223.60,173,100),(639,639,39,33,310.000,0.00,41473.30,21678.01,218174197.00,652,249),(640,640,40,79,188.000,0.00,2089.86,2785862.10,84047068.35,219,262),(641,641,41,112,285.000,0.00,0.00,462512853.00,7.13,506,226),(642,642,42,38,355.000,0.00,2772349.95,457431.88,8.14,561,204),(643,643,43,87,308.000,0.00,27740508.23,20.00,4260649.44,205,21),(644,644,44,113,286.000,0.00,427789.70,32.93,976622.03,573,70),(645,645,45,24,502.000,0.00,36082106.19,4252.69,0.00,891,215),(646,646,46,37,177.000,0.00,614558.20,116.68,5796100.00,135,115),(647,647,47,117,254.000,0.00,21.00,105.63,29329.00,967,54),(648,648,48,85,495.000,0.00,4738.73,17.73,3615761.81,339,277),(649,649,49,120,67.000,0.00,336.41,2.42,957393.88,63,147),(650,650,50,10,218.000,0.00,13.71,60073468.70,2.78,767,15),(651,651,51,30,214.000,0.00,4966914.19,135668.37,387.63,710,68),(652,652,52,42,166.000,0.00,31027677.79,4600.70,116819.15,954,209),(653,653,53,66,1.000,0.00,869023.60,786636537.63,8619591.03,400,127),(654,654,54,29,230.000,0.00,0.00,0.00,111880206.09,990,147),(655,655,55,22,273.000,0.00,0.45,0.00,2971.66,520,73),(656,656,56,15,179.000,0.00,83.93,2789.00,0.00,271,265),(657,657,57,110,477.000,0.00,258153292.46,45629623.82,0.00,882,194),(658,658,58,107,51.000,0.00,4.85,174.83,8760543.33,262,268),(659,659,59,75,389.000,0.00,43.00,52.43,0.22,429,222),(660,660,60,85,331.000,0.00,837518.71,3197157.99,103712.73,301,53),(661,661,61,116,414.000,0.00,832.80,4145.69,253.01,490,106),(662,662,62,74,152.000,0.00,0.00,6238597.64,5736.65,179,12),(663,663,63,70,10.000,0.00,4208.39,50412.12,14.92,619,129),(664,664,64,62,538.000,0.00,32410600.50,15.63,24.00,320,36),(665,665,65,79,346.000,0.00,9.83,293693500.06,144.44,58,235),(666,666,66,118,365.000,0.00,144.92,85271768.80,0.00,808,274),(667,667,67,61,351.000,0.00,632647707.06,5128.13,52647544.85,763,141),(668,668,68,85,265.000,0.00,0.96,193435.36,68232620.59,64,276),(669,669,69,49,278.000,0.00,179062.60,553.05,688578787.98,611,52),(670,670,70,15,108.000,0.00,0.00,3.67,90805.35,413,144),(671,671,71,43,373.000,0.00,71560.53,0.00,5428550.50,520,37),(672,672,72,94,126.000,0.00,376503.98,3608.11,3218.39,496,245),(673,673,73,57,496.000,0.00,0.71,40.00,0.00,778,151),(674,674,74,93,198.000,0.00,7.37,0.00,475513.25,969,244),(675,675,75,104,126.000,0.00,94522.89,2.63,693651.77,75,254),(676,676,76,24,440.000,0.00,8.86,160.05,1467.49,557,257),(677,677,77,82,421.000,0.00,0.41,9174.57,0.84,213,297),(678,678,78,26,256.000,0.00,48.82,1.00,8508132.35,770,171),(679,679,79,67,433.000,0.00,96192.83,18614.75,2.00,206,213),(680,680,80,75,494.000,0.00,6.00,2456368.29,8.53,817,49),(681,681,81,111,348.000,0.00,216.30,32750050.74,0.00,631,214),(682,682,82,55,224.000,0.00,12848.62,0.00,404126889.00,305,47),(683,683,83,9,429.000,0.00,111629.00,5.73,2145.67,802,255),(684,684,84,106,504.000,0.00,89555048.35,550834.30,23615.49,607,231),(685,685,85,28,81.000,0.00,54.53,7075.00,42341713.64,603,76),(686,686,86,89,243.000,0.00,418.39,2838.00,18.00,47,133),(687,687,87,81,105.000,0.00,9489896.49,3.56,1464.73,822,49),(688,688,88,93,25.000,0.00,2874593.69,1111996.22,111600.70,824,263),(689,689,89,25,15.000,0.00,1581.00,51202371.32,22287213.79,43,58),(690,690,90,107,285.000,0.00,517421675.07,28.41,6515.00,410,82),(691,691,91,113,16.000,0.00,1.49,187.65,1464922.28,142,126),(692,692,92,103,489.000,0.00,390150.74,688075916.00,21575090.00,350,25),(693,693,93,50,422.000,0.00,13.02,581497178.10,0.90,239,290),(694,694,94,17,360.000,0.00,7.44,432307.00,428806951.00,47,36),(695,695,95,65,332.000,0.00,3694.07,529.64,60734527.85,243,194),(696,696,96,41,99.000,0.00,35502744.46,720851.97,310513.71,706,100),(697,697,97,12,44.000,0.00,994015.76,3935366.24,6.34,199,85),(698,698,98,116,347.000,0.00,23489.61,4262.12,85247.00,954,111),(699,699,99,27,442.000,0.00,311247.07,166305.62,681268.71,178,210),(700,700,100,89,221.000,0.00,1.06,0.00,97761447.76,677,267),(701,701,101,43,365.000,0.00,22.22,29818.59,277566.00,68,165),(702,702,102,33,240.000,0.00,86295955.00,185.84,3039.53,501,254),(703,703,103,112,80.000,0.00,252105553.05,2561.54,1.60,745,140),(704,704,104,42,169.000,0.00,7.34,25179859.79,3.93,872,159),(705,705,105,62,480.000,0.00,475826.00,4.40,0.00,616,208),(706,706,106,55,74.000,0.00,1.96,0.14,750.26,562,70),(707,707,107,90,265.000,0.00,5739.10,136684.65,343479.00,364,74),(708,708,108,11,538.000,0.00,339537172.40,182434.96,3.94,351,67),(709,709,109,46,542.000,0.00,378101617.41,3976.37,0.16,47,247),(710,710,110,3,353.000,0.00,3116.00,7.16,57.91,572,87),(711,711,111,58,346.000,0.00,0.00,66435.25,23.00,466,8),(712,712,112,51,110.000,0.00,27.22,22017705.48,8012809.26,208,1),(713,713,113,45,345.000,0.00,3.30,0.00,0.00,233,248),(714,714,114,93,154.000,0.00,602.26,2151558.35,1396.00,710,269),(715,715,115,118,525.000,0.00,79678542.39,561893643.64,6907885.41,36,211),(716,716,116,73,279.000,0.00,0.00,175587705.97,392565804.77,356,197),(717,717,117,6,190.000,0.00,2278685.51,2.96,115182224.11,822,140),(718,718,118,56,195.000,0.00,84.55,4776.85,280824.91,231,268),(719,719,119,1,480.000,0.00,0.43,5341.90,57333991.98,453,268),(720,720,120,72,267.000,0.00,8817422.10,14.75,461459878.58,616,91),(721,721,121,68,195.000,0.00,183.74,31.22,29329.40,329,47),(722,722,122,76,440.000,0.00,0.00,5233419.00,3002.97,940,222),(723,723,123,14,158.000,0.00,57030.09,45.30,148284.51,724,254),(724,724,124,66,224.000,0.00,51255082.03,1425.70,19.83,883,114),(725,725,125,48,288.000,0.00,259.92,1154.41,0.00,707,61),(726,726,126,34,353.000,0.00,9.45,6225249.00,1.00,400,221),(727,727,127,11,473.000,0.00,5.00,55.13,46172831.88,474,44),(728,728,128,83,350.000,0.00,16222321.47,2787.00,37.00,516,3),(729,729,129,35,27.000,0.00,80167.83,0.31,75.80,720,35),(730,730,130,8,223.000,0.00,0.00,0.00,0.00,548,240),(731,731,131,101,220.000,0.00,0.00,1904.00,4530.79,618,54),(732,732,132,1,116.000,0.00,3788.41,537419.40,59268963.61,509,21),(733,733,133,40,145.000,0.00,117828618.71,42.56,264903.33,169,188),(734,734,134,110,510.000,0.00,4428283.49,38.00,0.00,26,287),(735,735,135,19,113.000,0.00,88.07,817.37,633.00,444,16),(736,736,136,103,23.000,0.00,797.12,2677971.38,230.73,567,11),(737,737,137,45,183.000,0.00,0.00,2924.22,0.00,710,274),(738,738,138,95,288.000,0.00,0.00,5349576.95,18643895.05,624,195),(739,739,139,19,378.000,0.00,413777724.17,23995.20,6700.64,951,53),(740,740,140,48,101.000,0.00,35217941.96,384203.91,9099707.00,594,222),(741,741,141,3,244.000,0.00,0.00,81164.89,583165.00,996,132),(742,742,142,88,199.000,0.00,653.00,18239.50,176763.72,384,114),(743,743,143,119,125.000,0.00,492651.60,455.02,0.00,23,198),(744,744,144,6,410.000,0.00,140.50,44451.04,0.00,548,119),(745,745,145,68,497.000,0.00,16237587.00,10547.00,892379.71,545,289),(746,746,146,18,16.000,0.00,360994.03,55.57,4552.86,0,75),(747,747,147,88,64.000,0.00,49.70,1164644.14,355079.06,865,28),(748,748,148,1,437.000,0.00,744.46,154829.60,140684219.01,268,95),(749,749,149,118,277.000,0.00,35714.44,814.60,19307811.25,240,277),(750,750,150,7,380.000,0.00,382.16,163495.57,67158.00,219,75),(751,751,151,100,4.000,0.00,0.00,0.13,62310.94,968,127),(752,752,152,112,93.000,0.00,45091820.66,3870.40,2.80,965,77),(753,753,153,7,31.000,0.00,13.98,89.74,241.50,542,125),(754,754,154,83,378.000,0.00,13609804.00,262539.76,13073322.97,996,98),(755,755,155,95,528.000,0.00,7084973.75,5.18,4.72,438,0),(756,756,156,13,396.000,0.00,26578297.25,2098151.90,31937890.30,748,134),(757,757,157,88,98.000,0.00,202.42,23775173.04,2.61,822,81),(758,758,158,67,290.000,0.00,241504708.06,358321.42,8317648.64,427,157),(759,759,159,43,140.000,0.00,0.00,134440.80,5053.82,585,72),(760,760,160,49,312.000,0.00,454.60,0.00,397.00,632,294),(761,761,161,29,443.000,0.00,64917756.80,0.64,55334863.32,254,254),(762,762,162,120,532.000,0.00,378945.09,56274765.92,18983.10,884,285),(763,763,163,113,549.000,0.00,902.65,0.00,67264.47,28,220),(764,764,164,13,445.000,0.00,56.42,1.14,1062598.41,334,127),(765,765,165,102,31.000,0.00,0.00,1682.30,0.96,288,11),(766,766,166,73,8.000,0.00,132.87,8695648.30,7222875.79,254,12),(767,767,167,67,549.000,0.00,24783753.99,7.16,1886466.66,112,88),(768,768,168,33,324.000,0.00,489714.10,3891737.99,9840.89,329,243),(769,769,169,72,430.000,0.00,26.00,0.82,210.31,671,240),(770,770,170,4,531.000,0.00,0.00,0.24,1.16,416,263),(771,771,171,39,352.000,0.00,7166.80,2.51,0.08,627,175),(772,772,172,118,395.000,0.00,0.00,5259750.85,417483489.38,523,105),(773,773,173,62,503.000,0.00,14059372.36,66520.96,0.00,303,142),(774,774,174,97,305.000,0.00,72275818.80,400.49,346876.67,689,50),(775,775,175,5,262.000,0.00,525289.32,8.05,233086910.36,361,298),(776,776,176,10,65.000,0.00,23.58,2.18,50293.15,972,26),(777,777,177,79,538.000,0.00,2.00,24.30,0.66,608,233),(778,778,178,45,16.000,0.00,11003.53,7785.00,16.77,971,174),(779,779,179,14,326.000,0.00,242630.05,34074333.95,0.00,859,157),(780,780,180,3,136.000,0.00,139.34,10105.64,0.59,750,13),(781,781,181,72,387.000,0.00,42744170.33,4469.51,95390.00,782,59),(782,782,182,22,439.000,0.00,2640422.18,0.00,60630.81,626,60),(783,783,183,119,474.000,0.00,886.00,45.37,11264.65,171,55),(784,784,184,99,161.000,0.00,1259761.79,742921.45,237611.65,379,78),(785,785,185,115,279.000,0.00,25624.00,3869.10,0.00,156,285),(786,786,186,88,324.000,0.00,1935619.71,377548.56,655298.30,161,43),(787,787,187,104,239.000,0.00,0.00,26347.00,2705.20,832,107),(788,788,188,85,241.000,0.00,0.00,781.80,1613.57,706,219),(789,789,189,119,428.000,0.00,313472.76,0.00,0.00,933,71),(790,790,190,5,543.000,0.00,23113.00,1975.45,1578576.41,75,137),(791,791,191,4,30.000,0.00,33965362.52,101.36,495489906.38,155,92),(792,792,192,70,486.000,0.00,779635.33,0.00,61972.44,295,282),(793,793,193,41,295.000,0.00,36.62,7.81,71459061.13,301,249),(794,794,194,81,411.000,0.00,2.42,5992.06,502381.91,898,285),(795,795,195,21,22.000,0.00,37458512.11,458.66,58284.32,434,294),(796,796,196,82,457.000,0.00,2.50,658467.41,11804077.27,413,39),(797,797,197,23,508.000,0.00,20733175.43,411093.25,744797.78,699,138),(798,798,198,1,465.000,0.00,2.58,2866.97,497.76,732,135),(799,799,199,22,73.000,0.00,2.26,52.82,9840676.80,803,261),(800,800,200,43,109.000,0.00,4855.65,254.73,13.08,385,271),(801,1,201,105,453.000,0.00,8944.95,9729208.59,61.38,83,267),(802,2,202,63,102.000,0.00,0.00,3415.53,1279558.32,324,239),(803,3,203,74,6.000,0.00,458.08,4.39,1495264.82,148,245),(804,4,204,31,465.000,0.00,13701595.94,2.17,7124305.90,255,255),(805,5,205,61,190.000,0.00,54380.15,260097648.51,168.37,781,111),(806,6,206,30,69.000,0.00,3564320.29,4.73,3.00,100,276),(807,7,207,78,304.000,0.00,370.60,5424506.38,2030.16,511,251),(808,8,208,42,60.000,0.00,5454.98,6346.90,6149.00,865,62),(809,9,209,50,471.000,0.00,565204610.75,19214956.00,12.39,66,17),(810,10,210,120,35.000,0.00,1.50,672.00,2996.66,185,133),(811,11,211,85,168.000,0.00,0.00,25015.52,745.71,458,76),(812,12,212,117,501.000,0.00,305148.01,98878030.93,1709340.99,989,142),(813,13,213,18,174.000,0.00,628352605.44,4683219.58,1498.73,347,274),(814,14,214,95,251.000,0.00,4839.47,184177.00,295514.73,82,12),(815,15,215,112,289.000,0.00,0.19,615111249.00,492.22,879,274),(816,16,216,7,515.000,0.00,3.00,886649.54,17.84,20,90),(817,17,217,44,339.000,0.00,1.33,3981.30,8482772.68,750,12),(818,18,218,13,473.000,0.00,112146.60,30.70,1408.25,863,100),(819,19,219,26,174.000,0.00,43310371.53,8821.84,852954.07,722,0),(820,20,220,103,139.000,0.00,219724.11,15477.50,6986300.03,477,145),(821,21,221,21,33.000,0.00,51833.57,67101672.20,361846.09,667,154),(822,22,222,11,187.000,0.00,49.84,315.10,618605.09,571,76),(823,23,223,40,154.000,0.00,0.00,301915.00,1.99,846,70),(824,24,224,42,303.000,0.00,2385427.35,0.00,2162.34,765,186),(825,25,225,10,376.000,0.00,3440301.30,3.21,61.94,253,242),(826,26,226,76,32.000,0.00,84.44,27.47,299473145.19,621,222),(827,27,227,84,527.000,0.00,23569.00,5.20,13.29,110,12),(828,28,228,45,388.000,0.00,641621.23,0.00,183188620.04,218,190),(829,29,229,25,443.000,0.00,71.99,335126192.00,164.03,646,130),(830,30,230,70,279.000,0.00,8880343.43,181268.33,4204.19,340,223),(831,31,231,71,180.000,0.00,7393.00,3.00,1.75,372,215),(832,32,232,66,178.000,0.00,50.80,484852761.13,5187.59,911,185),(833,33,233,33,31.000,0.00,2771.83,829.98,47024542.00,514,21),(834,34,234,93,299.000,0.00,4.21,37127.40,0.00,932,26),(835,35,235,10,20.000,0.00,0.30,0.16,1.59,948,65),(836,36,236,79,312.000,0.00,302.00,0.10,168830090.04,719,19),(837,37,237,3,440.000,0.00,0.00,0.36,18763334.00,354,57),(838,38,238,108,375.000,0.00,3690956.19,203.40,781291.60,507,154),(839,39,239,68,156.000,0.00,0.00,359.11,18470.54,347,280),(840,40,240,120,432.000,0.00,353158757.18,208510.11,7070471.10,638,59),(841,41,241,114,435.000,0.00,133285.74,202856.70,2481.19,161,259),(842,42,242,91,114.000,0.00,1.00,146793791.07,26378.64,409,177),(843,43,243,102,371.000,0.00,0.00,2015025.63,85306670.29,124,294),(844,44,244,58,521.000,0.00,69069.07,0.00,622883.80,615,210),(845,45,245,107,452.000,0.00,3691.84,514545.06,2382595.27,934,106),(846,46,246,44,76.000,0.00,582.06,3084526.99,15.23,480,16),(847,47,247,111,497.000,0.00,40163.70,70.00,68.96,848,31),(848,48,248,40,286.000,0.00,40984.98,313.00,999.58,221,93),(849,49,249,9,39.000,0.00,1987582.07,111710.05,4552438.00,206,152),(850,50,250,118,446.000,0.00,1528420.82,555.42,1769745.67,274,88),(851,51,251,108,38.000,0.00,7073.72,514229.75,58665965.60,998,96),(852,52,252,75,406.000,0.00,875008.07,15.83,2.35,80,19),(853,53,253,84,376.000,0.00,4.00,47132.59,62439933.82,828,111),(854,54,254,103,284.000,0.00,10990.00,2862682.59,24777.00,730,126),(855,55,255,55,301.000,0.00,2096.00,21662626.01,41503800.80,8,149),(856,56,256,43,374.000,0.00,168.44,69568744.00,392.30,717,230),(857,57,257,118,320.000,0.00,23847003.31,0.00,2223.75,680,46),(858,58,258,90,259.000,0.00,2.05,9.29,3984527.15,238,206),(859,59,259,44,405.000,0.00,879250.80,523176367.00,0.00,368,118),(860,60,260,119,509.000,0.00,0.00,89246282.85,1893.28,788,143),(861,61,261,101,44.000,0.00,6.70,3587.29,139592.00,161,244),(862,62,262,118,487.000,0.00,227172120.60,9169.30,8.44,366,139),(863,63,263,109,138.000,0.00,58.48,2.70,314.83,550,50),(864,64,264,43,16.000,0.00,22.48,199816660.30,31.20,521,110),(865,65,265,77,317.000,0.00,339.96,0.68,8.55,67,1),(866,66,266,72,254.000,0.00,1104.42,41627.55,0.30,67,204),(867,67,267,20,500.000,0.00,15954.30,472876432.72,24628.10,613,221),(868,68,268,19,169.000,0.00,826.74,32436.69,2045.46,880,227),(869,69,269,52,425.000,0.00,257968.95,23.20,126.00,41,62),(870,70,270,90,344.000,0.00,298368879.12,0.00,14.83,147,240),(871,71,271,107,261.000,0.00,6421710.00,586687.99,13135991.82,592,215),(872,72,272,22,128.000,0.00,0.00,33.04,2.29,225,182),(873,73,273,24,21.000,0.00,21.80,37.05,0.49,49,92),(874,74,274,95,411.000,0.00,462589.77,8865.11,54529051.50,76,181),(875,75,275,82,449.000,0.00,1135891.81,112917163.81,274.84,358,135),(876,76,276,29,27.000,0.00,179.45,5164.45,32.57,239,82),(877,77,277,71,395.000,0.00,31.15,3237596.17,47885.54,100,156),(878,78,278,60,377.000,0.00,1.99,16.22,0.00,39,114),(879,79,279,117,545.000,0.00,635.67,153.00,17657090.75,84,240),(880,80,280,53,232.000,0.00,0.02,0.00,0.00,365,158),(881,81,281,106,460.000,0.00,65.73,6345.41,87.05,972,185),(882,82,282,94,377.000,0.00,9019634.00,232.17,25.54,694,292),(883,83,283,57,17.000,0.00,144.65,2.94,7475064.02,205,229),(884,84,284,72,386.000,0.00,18389.79,893006858.40,17539475.00,802,203),(885,85,285,12,317.000,0.00,2386.47,29955244.72,37.33,236,283),(886,86,286,115,11.000,0.00,3395453.62,213.99,12.21,163,238),(887,87,287,93,474.000,0.00,42309.53,656016.78,1917883.67,144,157),(888,88,288,15,326.000,0.00,9861282.00,5872430.44,22925238.63,14,139),(889,89,289,102,267.000,0.00,5300.00,2.46,65212.81,651,192),(890,90,290,85,378.000,0.00,3265.96,1193964.16,64132838.60,649,251),(891,91,291,16,75.000,0.00,209050606.77,2183.75,0.00,690,176),(892,92,292,108,190.000,0.00,0.34,5557.95,7687.00,347,169),(893,93,293,62,511.000,0.00,105183239.56,33.00,3902.56,934,105),(894,94,294,28,447.000,0.00,30470704.10,260717407.98,48642.75,142,231),(895,95,295,56,169.000,0.00,54612.09,22522.05,42471.29,575,295),(896,96,296,89,471.000,0.00,8924.81,102348.46,479.01,83,286),(897,97,297,63,394.000,0.00,35445751.46,0.00,148977.10,212,36),(898,98,298,2,64.000,0.00,1193393.57,26.09,112607.75,58,250),(899,99,299,111,421.000,0.00,888.50,1.48,37103.90,239,221),(900,100,300,76,496.000,0.00,22629.82,0.00,3241.42,10,299);
/*!40000 ALTER TABLE `sales_products` ENABLE KEYS */;
UNLOCK TABLES;

--
-- Table structure for table `shops`
--

DROP TABLE IF EXISTS `shops`;
/*!40101 SET @saved_cs_client     = @@character_set_client */;
/*!50503 SET character_set_client = utf8mb4 */;
CREATE TABLE `shops` (
  `id` int unsigned NOT NULL AUTO_INCREMENT,
  `external_id` varchar(255) NOT NULL,
  `name` varchar(255) CHARACTER SET utf8mb4 COLLATE utf8mb4_unicode_ci DEFAULT NULL COMMENT 'Название',
  `city_id` int unsigned NOT NULL,
  `internet_shop` tinyint(1) NOT NULL DEFAULT '0',
  `shop_birthday` date NOT NULL COMMENT 'Дата открытия магазина',
  `delivery_point` tinyint(1) NOT NULL DEFAULT '1',
  `created_at` datetime DEFAULT CURRENT_TIMESTAMP,
  `updated_at` datetime DEFAULT CURRENT_TIMESTAMP ON UPDATE CURRENT_TIMESTAMP,
  PRIMARY KEY (`id`),
  KEY `city_id` (`city_id`),
  CONSTRAINT `shops_ibfk_1` FOREIGN KEY (`city_id`) REFERENCES `cities` (`id`)
) ENGINE=InnoDB AUTO_INCREMENT=216 DEFAULT CHARSET=utf8mb4 COLLATE=utf8mb4_0900_ai_ci COMMENT='Склады магазины';
/*!40101 SET character_set_client = @saved_cs_client */;

--
-- Dumping data for table `shops`
--

LOCK TABLES `shops` WRITE;
/*!40000 ALTER TABLE `shops` DISABLE KEYS */;
INSERT INTO `shops` VALUES (1,'e81464fe-bb94-11eb-98fb-283926e47295','Murphy-Hoppe',1,0,'1978-11-07',1,'1983-04-09 12:58:11','1985-01-20 06:05:35'),(2,'e81567d7-bb94-11eb-98fb-283926e47295','Klocko, Gulgowski and Gottlieb',2,0,'2007-08-31',1,'2000-10-13 19:55:31','1991-08-21 19:23:32'),(3,'e8163a57-bb94-11eb-98fb-283926e47295','Lubowitz, Runolfsson and Stracke',3,0,'2012-08-02',1,'1979-03-17 08:11:07','2018-06-06 19:26:28'),(4,'e816fa0a-bb94-11eb-98fb-283926e47295','Lubowitz-Bosco',4,0,'1987-09-23',1,'2000-11-22 12:07:07','1985-05-11 06:28:23'),(5,'e817b6ea-bb94-11eb-98fb-283926e47295','Christiansen, Jaskolski and Bartell',5,0,'2019-11-15',1,'1990-09-19 16:57:08','1975-03-20 14:53:17'),(6,'e818722a-bb94-11eb-98fb-283926e47295','Parker, Murray and Sporer',6,0,'1978-11-13',1,'1971-06-04 13:47:07','1972-12-31 09:34:43'),(7,'e8192844-bb94-11eb-98fb-283926e47295','Wunsch-Johnston',7,0,'1995-05-08',1,'2002-08-02 05:23:03','1986-02-04 11:56:44'),(8,'e819dd42-bb94-11eb-98fb-283926e47295','Olson Ltd',8,0,'2000-11-25',1,'1984-02-23 00:18:40','1993-04-26 17:00:01'),(9,'e81a9422-bb94-11eb-98fb-283926e47295','Crist and Sons',9,0,'2002-03-19',1,'1993-08-08 10:49:13','2007-04-28 15:42:26'),(10,'e81b4b75-bb94-11eb-98fb-283926e47295','Wilkinson-Kiehn',10,0,'2013-05-09',1,'2021-01-10 01:13:47','2013-07-26 11:38:45'),(11,'e81c0d94-bb94-11eb-98fb-283926e47295','Jacobi-Casper',11,0,'1990-05-18',1,'2010-12-29 17:25:53','2009-03-05 02:57:45'),(12,'e81cd4f1-bb94-11eb-98fb-283926e47295','Toy Ltd',12,0,'1971-01-27',1,'1974-10-16 20:26:33','1978-05-12 02:53:17'),(13,'e81dbd56-bb94-11eb-98fb-283926e47295','White, Aufderhar and Christiansen',13,0,'1986-10-18',1,'1984-08-06 07:13:40','1976-08-24 09:09:25'),(14,'e81ed36c-bb94-11eb-98fb-283926e47295','Bechtelar, Fritsch and Gleichner',14,0,'1976-02-03',1,'1995-05-18 12:27:26','1971-11-13 18:20:20'),(15,'e81f8a56-bb94-11eb-98fb-283926e47295','Gottlieb Ltd',15,0,'2012-06-07',1,'1985-10-04 14:06:53','1989-07-09 05:11:54'),(16,'e820400e-bb94-11eb-98fb-283926e47295','Borer-Jerde',16,0,'1994-10-17',1,'2017-11-19 06:16:23','2001-03-26 09:33:25'),(17,'e82114d5-bb94-11eb-98fb-283926e47295','Jones PLC',17,0,'1995-03-20',1,'1971-04-11 10:48:10','2020-04-20 00:57:29'),(18,'e8221140-bb94-11eb-98fb-283926e47295','Yundt, Lakin and Predovic',18,0,'1976-04-25',1,'1977-08-20 02:46:53','1989-04-14 18:59:54'),(19,'e822fcf6-bb94-11eb-98fb-283926e47295','Davis, Ondricka and Crona',19,0,'2000-12-16',1,'2010-03-06 09:40:16','1988-08-02 02:41:52'),(20,'e823e13c-bb94-11eb-98fb-283926e47295','Weber, Hermann and Hermann',20,0,'1999-05-06',1,'2005-12-01 00:04:42','2008-07-16 04:00:18'),(21,'e824e3ce-bb94-11eb-98fb-283926e47295','Cremin, Kilback and Legros',21,0,'2008-11-25',1,'1975-05-05 14:02:05','1976-07-27 05:24:32'),(22,'e825c185-bb94-11eb-98fb-283926e47295','Blanda-Leannon',22,0,'1970-10-26',1,'2018-09-27 05:50:26','1990-01-26 19:42:18'),(23,'e8269eca-bb94-11eb-98fb-283926e47295','Dooley LLC',23,0,'1987-07-24',1,'2002-05-08 13:03:47','1978-12-11 10:54:34'),(24,'e8279e48-bb94-11eb-98fb-283926e47295','Herman, Mann and Kulas',24,0,'2019-01-08',1,'2014-12-11 00:19:17','1975-06-13 10:02:46'),(25,'e8288c82-bb94-11eb-98fb-283926e47295','Weissnat-Mosciski',25,0,'2010-08-24',1,'1996-06-25 19:42:19','1979-09-15 12:20:04'),(26,'e8295b97-bb94-11eb-98fb-283926e47295','Bosco Ltd',26,0,'1999-12-30',1,'1972-05-02 13:23:21','2007-03-31 16:21:04'),(27,'e82a1fc7-bb94-11eb-98fb-283926e47295','Kessler, Dooley and Collins',27,0,'1978-05-10',1,'1997-01-12 05:23:31','1998-04-22 23:53:51'),(28,'e82af0d3-bb94-11eb-98fb-283926e47295','Herzog-Crist',28,0,'2015-01-20',1,'1984-02-17 08:19:06','1987-09-27 20:33:56'),(29,'e82bd8ce-bb94-11eb-98fb-283926e47295','Ortiz Group',29,0,'1979-05-16',1,'2018-08-29 00:13:56','2020-10-19 04:24:59'),(30,'e82cdadf-bb94-11eb-98fb-283926e47295','Kris, Waelchi and Wolf',30,0,'2001-04-16',1,'1990-08-17 12:06:20','1978-10-16 19:02:02'),(31,'e82da15e-bb94-11eb-98fb-283926e47295','Klein, Skiles and Erdman',31,0,'1983-03-02',1,'2021-05-07 17:34:24','1971-05-12 07:18:00'),(32,'e82e855d-bb94-11eb-98fb-283926e47295','Wilkinson-Rodriguez',32,0,'2005-09-12',1,'2008-11-12 21:29:36','1982-09-15 04:55:34'),(33,'e82f5fb4-bb94-11eb-98fb-283926e47295','Anderson-Hodkiewicz',33,0,'1976-02-16',1,'1970-03-01 05:09:00','2015-10-13 19:28:14'),(34,'e830469c-bb94-11eb-98fb-283926e47295','Halvorson, Schumm and Watsica',34,0,'2005-03-01',1,'2006-06-12 23:56:26','2017-03-02 12:39:00'),(35,'e8319464-bb94-11eb-98fb-283926e47295','Reynolds Inc',35,0,'1978-10-03',1,'1979-10-20 18:23:16','1990-02-16 17:49:18'),(36,'e8326123-bb94-11eb-98fb-283926e47295','Willms-Robel',36,0,'1982-12-24',1,'1984-12-23 10:45:35','2000-06-06 22:24:27'),(37,'e833c7e7-bb94-11eb-98fb-283926e47295','Dicki, Kessler and Jakubowski',37,0,'2016-05-24',1,'1972-01-15 07:04:56','2002-05-14 00:47:40'),(38,'e834a4bd-bb94-11eb-98fb-283926e47295','Harvey, Mitchell and Hagenes',38,0,'1982-01-12',1,'1979-08-25 23:32:12','2013-09-29 14:13:27'),(39,'e8358f71-bb94-11eb-98fb-283926e47295','Murazik, Blick and Moore',39,0,'1996-06-10',1,'2017-07-10 05:18:02','1983-03-30 01:11:14'),(40,'e8367f1d-bb94-11eb-98fb-283926e47295','Stamm Ltd',40,0,'2012-10-13',1,'2008-03-30 02:14:09','1979-02-08 17:36:12'),(41,'e83767d4-bb94-11eb-98fb-283926e47295','Walker LLC',41,0,'1987-04-17',1,'2003-07-05 21:54:27','2013-07-09 01:31:26'),(42,'e8386bc0-bb94-11eb-98fb-283926e47295','Heller, Ernser and Hayes',42,0,'1995-12-27',1,'1984-02-16 13:49:19','2020-01-11 10:53:04'),(43,'e8392d31-bb94-11eb-98fb-283926e47295','Dickinson-Satterfield',43,0,'2013-10-20',1,'2010-11-07 10:16:31','1997-10-28 16:37:10'),(44,'e839d15f-bb94-11eb-98fb-283926e47295','Lockman-Robel',44,0,'1997-12-03',1,'2014-06-13 21:17:36','1997-05-12 11:52:11'),(45,'e83a86e3-bb94-11eb-98fb-283926e47295','Altenwerth, Metz and Wyman',45,0,'1979-07-29',1,'2010-03-02 21:41:59','1971-01-24 23:05:00'),(46,'e83b4753-bb94-11eb-98fb-283926e47295','Morar-Hayes',46,0,'1974-05-08',1,'2014-05-01 06:15:58','1972-12-07 03:03:39'),(47,'e83c1028-bb94-11eb-98fb-283926e47295','Connelly-Luettgen',47,0,'2001-09-04',1,'1978-07-08 00:25:06','1975-02-05 09:23:39'),(48,'e83cc99b-bb94-11eb-98fb-283926e47295','Braun, Jerde and Murphy',48,0,'2010-02-08',1,'2015-01-29 07:47:26','1985-06-04 02:42:03'),(49,'e83dcc1a-bb94-11eb-98fb-283926e47295','Feeney-Moen',49,0,'1995-07-15',1,'1994-06-18 21:41:29','2007-11-26 23:51:42'),(50,'e83e839f-bb94-11eb-98fb-283926e47295','Kuhic, Hyatt and Kemmer',50,0,'1974-02-18',1,'1972-04-07 18:02:52','2008-10-22 17:21:29'),(51,'e83f3eb0-bb94-11eb-98fb-283926e47295','Schultz Inc',51,0,'1997-11-01',1,'2019-06-01 18:52:10','1989-05-10 07:10:37'),(52,'e83fe45b-bb94-11eb-98fb-283926e47295','Graham Ltd',52,0,'2004-01-29',1,'1988-06-11 22:20:06','1979-07-04 13:50:58'),(53,'e8409a1d-bb94-11eb-98fb-283926e47295','Lemke, Gutmann and Botsford',53,0,'1996-06-05',1,'1987-02-12 15:23:17','1994-03-19 06:23:02'),(54,'e8418ab7-bb94-11eb-98fb-283926e47295','Lebsack-Daniel',54,0,'2000-01-05',1,'2005-07-11 00:32:11','2003-07-25 12:39:43'),(55,'e84277bf-bb94-11eb-98fb-283926e47295','Kulas-Gutkowski',55,0,'2001-01-14',1,'2006-07-01 05:39:48','1981-05-30 06:49:14'),(56,'e84374a6-bb94-11eb-98fb-283926e47295','Yundt Group',56,0,'1977-02-23',1,'2017-07-25 16:29:48','2005-09-06 08:37:06'),(57,'e8444a64-bb94-11eb-98fb-283926e47295','Watsica-Terry',57,0,'1984-09-18',1,'1970-07-07 18:16:26','1990-03-30 20:23:27'),(58,'e8452b4f-bb94-11eb-98fb-283926e47295','Murphy PLC',58,0,'2020-03-10',1,'2008-11-24 11:36:28','1996-09-22 11:27:04'),(59,'e8460e05-bb94-11eb-98fb-283926e47295','Schultz-Hackett',59,0,'2014-12-03',1,'2003-05-09 04:51:08','1992-03-30 16:44:24'),(60,'e8472355-bb94-11eb-98fb-283926e47295','Rohan, Dare and Beer',60,0,'2000-09-05',1,'1993-01-22 07:18:03','2003-06-28 11:01:47'),(61,'e847e1b8-bb94-11eb-98fb-283926e47295','Reilly Inc',61,0,'2014-09-25',1,'2017-10-12 05:18:57','1972-11-23 22:40:26'),(62,'e84938ac-bb94-11eb-98fb-283926e47295','Marks-Runte',62,0,'1975-01-30',1,'1981-01-31 04:36:28','1979-09-12 23:47:39'),(63,'e84a40b0-bb94-11eb-98fb-283926e47295','Raynor, Strosin and Sauer',63,0,'2008-06-25',1,'2003-08-12 12:35:34','1974-11-16 20:28:00'),(64,'e84b0df2-bb94-11eb-98fb-283926e47295','Cassin, Farrell and Towne',64,0,'1979-08-30',1,'1998-11-29 22:12:13','1993-04-05 19:52:37'),(65,'e84bedec-bb94-11eb-98fb-283926e47295','Wunsch-Harvey',65,0,'2001-07-12',1,'1974-04-04 12:21:34','1972-09-19 21:20:22'),(66,'e84cace8-bb94-11eb-98fb-283926e47295','Zemlak-Krajcik',66,0,'1970-06-23',1,'1970-07-12 18:46:27','1978-01-26 14:25:55'),(67,'e84d68c0-bb94-11eb-98fb-283926e47295','Mills, Davis and Hessel',67,0,'2020-03-29',1,'1972-05-24 09:58:13','1978-04-04 13:59:28'),(68,'e84e3a0b-bb94-11eb-98fb-283926e47295','Hegmann-Hessel',68,0,'2002-03-15',1,'1998-11-27 19:44:25','1992-04-25 20:01:19'),(69,'e84f549b-bb94-11eb-98fb-283926e47295','Lakin-Wuckert',69,0,'2012-03-30',1,'1981-07-06 03:34:51','2017-02-17 11:51:57'),(70,'e850223d-bb94-11eb-98fb-283926e47295','Goldner Group',70,0,'2015-12-02',1,'2000-08-08 08:33:38','1994-07-13 21:28:16'),(71,'e850f6ee-bb94-11eb-98fb-283926e47295','Schimmel-Schulist',71,0,'2007-08-12',1,'2012-09-19 17:41:32','1990-02-24 17:36:03'),(72,'e851f3c4-bb94-11eb-98fb-283926e47295','Hayes, Little and Gerlach',72,0,'1976-11-20',1,'2002-09-04 17:33:51','2011-03-28 22:50:42'),(73,'e852b05a-bb94-11eb-98fb-283926e47295','Bashirian-Willms',73,0,'1972-07-30',1,'2005-03-06 21:21:19','1984-07-22 07:48:25'),(74,'e853c170-bb94-11eb-98fb-283926e47295','Morissette Ltd',74,0,'2004-07-12',1,'1995-10-20 05:59:39','1970-12-28 06:56:20'),(75,'e8548f14-bb94-11eb-98fb-283926e47295','Lebsack, Weissnat and Hagenes',75,0,'1975-02-23',1,'2014-01-02 03:54:55','1983-05-16 09:05:07'),(76,'e8555fb7-bb94-11eb-98fb-283926e47295','Bernier Ltd',76,0,'1983-11-01',1,'2017-08-20 13:13:22','1977-06-24 06:19:45'),(77,'e8569777-bb94-11eb-98fb-283926e47295','Bahringer-Powlowski',77,0,'2002-03-04',1,'2008-06-07 16:10:53','2004-07-17 19:31:29'),(78,'e857be80-bb94-11eb-98fb-283926e47295','Gusikowski Group',78,0,'2010-12-31',1,'1999-11-25 16:02:03','2010-08-04 03:24:41'),(79,'e858b98f-bb94-11eb-98fb-283926e47295','Kuphal, Heidenreich and Conroy',79,0,'1994-12-24',1,'1985-03-16 02:31:30','1993-06-27 05:05:47'),(80,'e8597d21-bb94-11eb-98fb-283926e47295','Quitzon LLC',80,0,'1994-10-03',1,'1993-01-17 20:41:16','2012-12-07 14:11:40'),(81,'e85a235d-bb94-11eb-98fb-283926e47295','Rice, Veum and Cole',81,0,'1976-07-03',1,'1992-06-14 21:41:08','2013-05-18 08:18:55'),(82,'e85aeb13-bb94-11eb-98fb-283926e47295','Haag, Schamberger and Dibbert',82,0,'1992-11-02',1,'1973-02-14 04:52:34','1973-02-13 18:33:10'),(83,'e85bb4c2-bb94-11eb-98fb-283926e47295','Torphy-Goyette',83,0,'1971-10-11',1,'1977-08-07 22:34:02','2005-04-07 09:53:58'),(84,'e85c9280-bb94-11eb-98fb-283926e47295','Gulgowski-Hegmann',84,0,'2017-08-18',1,'2017-09-03 21:38:27','1995-10-30 13:39:31'),(85,'e85d5650-bb94-11eb-98fb-283926e47295','Christiansen-Johns',85,0,'1977-10-28',1,'2004-10-21 04:18:16','2006-10-02 11:00:36'),(86,'e85e173e-bb94-11eb-98fb-283926e47295','Beahan, Eichmann and Ortiz',86,0,'1992-04-16',1,'1984-11-24 05:34:51','2002-11-29 19:51:41'),(87,'e85ee072-bb94-11eb-98fb-283926e47295','Nikolaus-Berge',87,0,'2020-02-23',1,'2017-02-19 18:00:16','1970-05-03 06:34:25'),(88,'e860022b-bb94-11eb-98fb-283926e47295','Marquardt-Sipes',88,0,'2011-09-20',1,'1985-05-19 09:01:48','1989-07-24 01:21:33'),(89,'e860c98f-bb94-11eb-98fb-283926e47295','Heidenreich, Dach and Adams',89,0,'2006-01-17',1,'2015-10-31 09:23:15','2000-05-10 17:05:51'),(90,'e86183ff-bb94-11eb-98fb-283926e47295','Swaniawski-Swaniawski',90,0,'1995-02-21',1,'1996-06-01 08:30:52','2007-11-03 04:42:55'),(91,'e8624414-bb94-11eb-98fb-283926e47295','Stokes and Sons',91,0,'1970-11-27',1,'2019-10-30 21:50:02','1974-03-12 20:26:35'),(92,'e862f6ea-bb94-11eb-98fb-283926e47295','Hagenes Ltd',92,0,'1997-08-03',1,'2015-12-09 12:01:31','2015-03-19 11:18:59'),(93,'e863c024-bb94-11eb-98fb-283926e47295','Hudson, Lehner and Rath',93,0,'1980-07-08',1,'2004-05-20 15:29:54','1970-06-19 04:59:24'),(94,'e8646b8a-bb94-11eb-98fb-283926e47295','Funk-Gulgowski',94,0,'2008-03-31',1,'1985-10-09 05:55:05','1996-06-01 21:07:11'),(95,'e8652316-bb94-11eb-98fb-283926e47295','Gutkowski Inc',95,0,'2016-12-07',1,'1992-03-10 17:31:40','1998-12-08 10:21:09'),(96,'e865c53e-bb94-11eb-98fb-283926e47295','Waelchi-Balistreri',96,0,'1977-09-12',1,'2006-09-21 17:21:14','2021-02-13 22:46:01'),(97,'e86697b2-bb94-11eb-98fb-283926e47295','Hills-Skiles',97,0,'1973-11-07',1,'2000-05-10 08:55:20','2002-07-25 00:32:01'),(98,'e867d348-bb94-11eb-98fb-283926e47295','Cummings, Kutch and Jones',98,0,'1975-04-29',1,'2012-10-18 21:14:13','1988-07-16 09:20:57'),(99,'e868965f-bb94-11eb-98fb-283926e47295','Sipes, Sipes and Fisher',99,0,'2003-10-05',1,'1987-04-11 03:44:52','1982-01-18 22:40:39'),(100,'e8697396-bb94-11eb-98fb-283926e47295','Block, Zemlak and Wehner',100,0,'1988-10-08',1,'2011-11-11 12:43:12','1992-01-28 10:23:24'),(101,'e86a967a-bb94-11eb-98fb-283926e47295','Aufderhar Group',101,0,'2009-12-05',1,'1992-11-01 01:46:38','2019-08-16 15:40:26'),(102,'e86b4457-bb94-11eb-98fb-283926e47295','Moore, Hilll and Walsh',102,0,'2005-11-04',1,'2004-06-23 15:31:22','2010-05-27 04:23:58'),(103,'e86c27dd-bb94-11eb-98fb-283926e47295','Sawayn Ltd',103,0,'1978-10-15',1,'1973-05-21 13:01:53','1985-06-21 03:47:43'),(104,'e86d041f-bb94-11eb-98fb-283926e47295','Howell-Bins',104,0,'2021-02-25',1,'2019-10-19 16:51:21','1973-02-01 06:57:27'),(105,'e86dcb91-bb94-11eb-98fb-283926e47295','Ondricka Inc',105,0,'1979-01-22',1,'2021-03-24 02:44:00','2020-08-25 23:31:27'),(106,'e86e8267-bb94-11eb-98fb-283926e47295','Nitzsche Ltd',106,0,'1982-10-05',1,'1982-07-19 05:17:02','1983-05-03 01:10:20'),(107,'e86fb0cd-bb94-11eb-98fb-283926e47295','Pfannerstill and Sons',107,0,'1971-10-18',1,'1971-08-01 23:08:16','2012-02-24 14:35:17'),(108,'e870869f-bb94-11eb-98fb-283926e47295','Smitham-Feil',108,0,'1999-04-03',1,'1975-08-16 11:09:57','1975-05-27 21:02:21'),(109,'e8712f41-bb94-11eb-98fb-283926e47295','Harvey-McDermott',109,0,'1974-11-05',1,'2020-01-20 12:36:34','2016-11-17 21:08:09'),(110,'e871d192-bb94-11eb-98fb-283926e47295','Gleason, Wolff and Howe',110,0,'1992-06-30',1,'1978-11-30 18:29:57','1983-08-30 07:18:01'),(111,'e8729935-bb94-11eb-98fb-283926e47295','Stiedemann, Gottlieb and Botsford',111,0,'1980-02-05',1,'2000-12-10 06:09:22','1988-10-13 16:47:07'),(112,'e8737079-bb94-11eb-98fb-283926e47295','Farrell, Franecki and Bartoletti',112,0,'2002-06-27',1,'2015-04-08 00:34:52','1986-10-13 04:31:00'),(113,'e8745ccc-bb94-11eb-98fb-283926e47295','Gerlach Ltd',113,0,'2002-07-12',1,'1979-02-14 06:57:56','2001-04-11 05:14:58'),(114,'e8753aab-bb94-11eb-98fb-283926e47295','Mertz Inc',114,0,'2010-07-20',1,'1980-03-31 14:46:23','1998-08-02 18:27:48'),(115,'e8761011-bb94-11eb-98fb-283926e47295','Steuber Inc',115,0,'2004-12-03',1,'1971-12-21 06:38:32','1973-07-23 14:41:16'),(116,'e876fbb0-bb94-11eb-98fb-283926e47295','Hermiston Ltd',116,0,'2003-07-12',1,'1987-03-12 07:30:01','1978-10-13 11:24:34'),(117,'e877bc2a-bb94-11eb-98fb-283926e47295','Koss PLC',117,0,'1981-08-31',1,'1972-02-02 01:13:39','1972-05-15 07:52:04'),(118,'e87891a1-bb94-11eb-98fb-283926e47295','Pollich PLC',118,0,'2014-09-23',1,'1995-06-09 08:50:47','1987-03-29 08:48:34'),(119,'e8798913-bb94-11eb-98fb-283926e47295','Klein, Franecki and Bartell',119,0,'2005-07-03',1,'2006-07-13 02:15:38','1981-10-27 17:01:42'),(120,'e87a5d3a-bb94-11eb-98fb-283926e47295','Waters-Jacobson',120,0,'1990-03-14',1,'2005-09-10 15:55:54','1986-08-04 13:53:31'),(121,'e87b3d86-bb94-11eb-98fb-283926e47295','Harber-Kuhlman',121,0,'2015-06-03',1,'2005-01-22 10:39:08','1993-07-03 07:35:11'),(122,'e87c242d-bb94-11eb-98fb-283926e47295','Weimann and Sons',122,0,'1992-07-15',1,'1982-01-20 23:12:37','2010-04-10 18:34:24'),(123,'e87cf7a0-bb94-11eb-98fb-283926e47295','Jast-Batz',123,0,'1992-07-22',1,'1971-11-25 13:14:05','2017-04-03 23:00:56'),(124,'e87dbf8f-bb94-11eb-98fb-283926e47295','Stark and Sons',124,0,'1975-06-13',1,'1979-04-13 20:43:51','2014-10-13 07:22:04'),(125,'e87e8cdd-bb94-11eb-98fb-283926e47295','Zemlak Ltd',125,0,'1978-06-13',1,'1982-06-01 18:14:59','1971-06-06 07:49:37'),(126,'e87f5cdc-bb94-11eb-98fb-283926e47295','Dickens Inc',126,0,'2016-01-04',1,'2007-08-09 02:52:42','1970-11-09 18:01:58'),(127,'e88080ea-bb94-11eb-98fb-283926e47295','Hilll, Bradtke and Crona',127,0,'1996-04-17',1,'2014-08-10 03:03:03','1975-07-28 07:49:51'),(128,'e881e08b-bb94-11eb-98fb-283926e47295','Weissnat PLC',128,0,'1975-10-14',1,'2014-01-09 13:58:01','2002-05-19 22:13:08'),(129,'e882e76a-bb94-11eb-98fb-283926e47295','Steuber, Rempel and Raynor',129,0,'1992-11-12',1,'1987-08-26 09:34:41','2016-09-23 09:57:35'),(130,'e8840fd8-bb94-11eb-98fb-283926e47295','Conroy LLC',130,0,'2009-06-16',1,'1994-02-19 21:21:27','1976-05-21 02:37:06'),(131,'e885a1ea-bb94-11eb-98fb-283926e47295','Kirlin, Murray and Lang',1,0,'2016-03-26',1,'1998-06-07 08:53:06','1997-01-21 07:07:02'),(132,'e886d283-bb94-11eb-98fb-283926e47295','Block Inc',2,0,'2014-11-03',1,'1984-03-24 07:17:41','1980-09-26 02:55:35'),(133,'e887eb34-bb94-11eb-98fb-283926e47295','Nicolas, Frami and Nienow',3,0,'1983-10-21',1,'2013-07-19 00:36:16','1986-05-31 00:26:56'),(134,'e888fea6-bb94-11eb-98fb-283926e47295','Johnson, Stracke and Bosco',4,0,'2019-02-14',1,'2006-06-24 02:19:22','2006-05-19 00:20:08'),(135,'e88a2079-bb94-11eb-98fb-283926e47295','Pagac LLC',5,0,'1972-11-06',1,'1990-12-09 02:06:10','2016-03-26 13:51:26'),(136,'e88b43b6-bb94-11eb-98fb-283926e47295','Maggio PLC',6,0,'1975-03-24',1,'1980-03-01 17:37:19','1994-12-18 05:08:38'),(137,'e88c3de5-bb94-11eb-98fb-283926e47295','Bednar, Volkman and Johnston',7,0,'1980-05-01',1,'2020-04-09 13:36:10','2000-07-06 00:21:31'),(138,'e88e0ef6-bb94-11eb-98fb-283926e47295','Brakus-McDermott',8,0,'2014-05-23',1,'2017-08-03 22:37:21','2012-06-09 15:18:18'),(139,'e88f612d-bb94-11eb-98fb-283926e47295','Schulist PLC',9,0,'1980-06-27',1,'1980-10-26 19:03:42','2018-04-15 14:43:38'),(140,'e890b58d-bb94-11eb-98fb-283926e47295','Ferry Ltd',10,0,'2007-06-11',1,'1981-02-14 22:32:25','1984-10-27 13:55:45'),(141,'e891c3a9-bb94-11eb-98fb-283926e47295','Harris-Tromp',11,0,'1987-06-03',1,'1990-07-01 10:18:47','2007-06-03 13:30:59'),(142,'e892fb68-bb94-11eb-98fb-283926e47295','Schneider-Sawayn',12,0,'1996-02-22',1,'1992-02-14 11:44:59','1971-02-11 12:27:54'),(143,'e8942edf-bb94-11eb-98fb-283926e47295','McGlynn, Boehm and Blanda',13,0,'1996-03-23',1,'2019-05-16 15:32:01','2009-04-06 17:30:16'),(144,'e8959016-bb94-11eb-98fb-283926e47295','Schimmel Inc',14,0,'2007-04-22',1,'2010-05-18 05:10:21','2016-02-20 01:34:39'),(145,'e8968369-bb94-11eb-98fb-283926e47295','Green, Crona and Moore',15,0,'1976-03-10',1,'1972-07-24 10:54:43','2017-11-26 05:56:00'),(146,'e8976ec6-bb94-11eb-98fb-283926e47295','Monahan, Abshire and Legros',16,0,'1984-02-20',1,'2007-01-11 01:28:25','1974-11-05 18:26:12'),(147,'e8984f02-bb94-11eb-98fb-283926e47295','Harvey LLC',17,0,'1973-09-15',1,'2021-03-18 10:02:24','2011-07-24 08:26:57'),(148,'e898f9b8-bb94-11eb-98fb-283926e47295','Murphy Ltd',18,0,'2012-04-20',1,'1980-10-14 06:27:17','2018-05-03 23:00:02'),(149,'e899b3f2-bb94-11eb-98fb-283926e47295','Wiza-Lueilwitz',19,0,'1973-02-08',1,'2009-11-20 12:34:46','1980-07-14 11:23:47'),(150,'e89b16f2-bb94-11eb-98fb-283926e47295','Nienow Inc',20,0,'1990-07-23',1,'2000-07-06 21:13:37','1993-12-05 05:08:18'),(151,'e89bd3e9-bb94-11eb-98fb-283926e47295','Mosciski-Dibbert',21,0,'1987-10-15',1,'1976-08-18 02:07:28','1986-03-03 03:57:14'),(152,'e89c73fb-bb94-11eb-98fb-283926e47295','Zemlak PLC',22,0,'2010-06-10',1,'1981-03-23 22:19:13','1989-09-02 09:17:29'),(153,'e89d2abf-bb94-11eb-98fb-283926e47295','Wisoky Group',23,0,'2009-01-28',1,'1993-10-25 04:38:34','2019-04-05 14:14:10'),(154,'e89dcfc8-bb94-11eb-98fb-283926e47295','Mohr and Sons',24,0,'1986-07-29',1,'1994-07-27 17:36:42','1984-01-15 18:32:44'),(155,'e89e8331-bb94-11eb-98fb-283926e47295','Lynch LLC',25,0,'2016-08-06',1,'2008-03-21 17:18:30','1983-10-05 15:40:12'),(156,'e89f2c59-bb94-11eb-98fb-283926e47295','Brown, Kassulke and Jerde',26,0,'1989-03-12',1,'2000-01-29 14:21:22','2008-09-30 09:22:07'),(157,'e8a0f0be-bb94-11eb-98fb-283926e47295','Hilpert, Hessel and Sauer',27,0,'2003-08-31',1,'1996-02-13 05:23:51','1992-08-15 11:33:42'),(158,'e8a19201-bb94-11eb-98fb-283926e47295','Satterfield LLC',28,0,'1977-12-12',1,'1970-05-03 21:50:26','1976-05-11 06:04:41'),(159,'e8a25946-bb94-11eb-98fb-283926e47295','Collier, Cruickshank and Runolfsson',29,0,'2016-09-12',1,'2020-10-17 17:37:47','1974-08-03 00:42:43'),(160,'e8a31fb3-bb94-11eb-98fb-283926e47295','Moen, Ward and Ankunding',30,0,'2011-07-11',1,'1995-02-02 23:49:38','1979-11-12 21:43:48'),(161,'e8a3dd48-bb94-11eb-98fb-283926e47295','Smith-Gerlach',31,0,'2003-05-21',1,'2007-08-05 00:37:02','2001-12-08 22:29:15'),(162,'e8a483c8-bb94-11eb-98fb-283926e47295','Anderson-Ferry',32,0,'1998-04-03',1,'1982-10-02 21:55:30','2006-03-25 00:54:43'),(163,'e8a56be0-bb94-11eb-98fb-283926e47295','Emard-Stracke',33,0,'1986-05-10',1,'1991-02-25 08:26:13','2018-03-22 16:37:47'),(164,'e8a6378a-bb94-11eb-98fb-283926e47295','Wisozk LLC',34,0,'2002-08-01',1,'1989-05-08 18:47:14','1979-11-16 18:52:14'),(165,'e8a747c7-bb94-11eb-98fb-283926e47295','Tremblay-Howe',35,0,'1986-06-27',1,'2016-06-05 18:35:44','1974-04-13 15:46:47'),(166,'e8a81ae1-bb94-11eb-98fb-283926e47295','Hauck PLC',36,0,'1980-12-05',1,'2012-02-07 12:34:57','2018-11-12 21:07:04'),(167,'e8a8ff6f-bb94-11eb-98fb-283926e47295','Turner-Steuber',37,0,'1997-12-10',1,'1978-07-05 08:30:07','2014-03-19 18:47:24'),(168,'e8a9d923-bb94-11eb-98fb-283926e47295','Morissette-Morar',38,0,'2012-10-16',1,'1979-05-06 16:34:04','1989-08-15 12:41:41'),(169,'e8aacdff-bb94-11eb-98fb-283926e47295','Kuhic, Schuster and Doyle',39,0,'1987-02-20',1,'2005-04-29 19:40:40','2002-09-01 10:38:47'),(170,'e8abbe0c-bb94-11eb-98fb-283926e47295','Johns-Bednar',40,0,'1984-07-31',1,'2003-08-11 13:50:14','1981-07-28 15:27:19'),(171,'e8aca028-bb94-11eb-98fb-283926e47295','Ziemann-Wuckert',41,0,'1986-01-22',1,'2007-10-19 12:10:23','2004-06-13 02:54:00'),(172,'e8adaa12-bb94-11eb-98fb-283926e47295','Lockman-Ullrich',42,0,'1988-05-22',1,'1975-02-16 05:00:09','1978-09-06 12:50:33'),(173,'e8ae7ae4-bb94-11eb-98fb-283926e47295','Stark Inc',43,0,'1986-11-22',1,'2006-12-21 08:09:05','2013-12-17 21:15:20'),(174,'e8af62e1-bb94-11eb-98fb-283926e47295','Renner, Turcotte and Murphy',44,0,'2001-11-19',1,'1999-08-16 03:48:30','1987-12-02 06:56:57'),(175,'e8b035b4-bb94-11eb-98fb-283926e47295','Connelly Inc',45,0,'1988-03-02',1,'1993-04-04 10:50:05','1985-11-15 20:43:32'),(176,'e8b0f7dc-bb94-11eb-98fb-283926e47295','Schneider-Hintz',46,0,'1994-03-12',1,'1972-04-25 14:51:28','1970-01-10 18:47:42'),(177,'e8b1c7a8-bb94-11eb-98fb-283926e47295','Feeney and Sons',47,0,'2011-01-08',1,'2007-01-11 15:28:31','1980-05-17 18:26:20'),(178,'e8b29ad8-bb94-11eb-98fb-283926e47295','Howell, Cartwright and Wiza',48,0,'1980-09-03',1,'1991-10-17 00:47:02','1971-03-22 20:43:00'),(179,'e8b40858-bb94-11eb-98fb-283926e47295','Schmitt and Sons',49,0,'1980-10-11',1,'2011-08-07 14:47:02','2013-11-05 22:07:45'),(180,'e8b4fc22-bb94-11eb-98fb-283926e47295','Osinski, Stiedemann and Nikolaus',50,0,'1970-02-20',1,'1979-04-07 10:53:41','1996-11-16 12:18:20'),(181,'e8b5cd4a-bb94-11eb-98fb-283926e47295','Skiles and Sons',51,0,'2001-05-16',1,'1990-02-17 05:36:56','2000-07-27 13:57:16'),(182,'e8b69c1e-bb94-11eb-98fb-283926e47295','Hagenes-Quitzon',52,0,'1971-03-04',1,'1989-06-13 03:22:44','1975-03-22 21:26:59'),(183,'e8b766f1-bb94-11eb-98fb-283926e47295','Kihn-Corwin',53,0,'1985-01-19',1,'1970-04-04 12:38:12','1974-11-15 14:28:49'),(184,'e8b81432-bb94-11eb-98fb-283926e47295','Jenkins, Kirlin and Wintheiser',54,0,'2011-05-26',1,'1989-08-04 03:24:54','1988-08-10 19:07:26'),(185,'e8b8ee4c-bb94-11eb-98fb-283926e47295','VonRueden and Sons',55,0,'1990-04-09',1,'1996-06-14 07:00:24','1986-01-11 10:22:37'),(186,'e8b9d926-bb94-11eb-98fb-283926e47295','Labadie Ltd',56,0,'2007-04-11',1,'1982-09-05 00:16:47','1977-12-25 04:02:36'),(187,'e8bab10d-bb94-11eb-98fb-283926e47295','Lehner-Ledner',57,0,'1984-04-11',1,'1998-08-10 08:19:58','2015-02-10 00:45:26'),(188,'e8bb9889-bb94-11eb-98fb-283926e47295','Langworth-Bauch',58,0,'2012-11-18',1,'1999-03-17 11:21:50','1989-04-10 17:49:51'),(189,'e8bc6837-bb94-11eb-98fb-283926e47295','Rempel, Keebler and Carroll',59,0,'2007-06-14',1,'2003-04-09 10:29:21','2013-10-28 21:30:52'),(190,'e8bd4564-bb94-11eb-98fb-283926e47295','Hagenes Ltd',60,0,'1995-09-30',1,'2016-08-23 22:16:05','2009-06-21 22:50:05'),(191,'e8be2feb-bb94-11eb-98fb-283926e47295','Cruickshank-Adams',61,0,'1980-11-14',1,'2006-07-06 00:19:25','2012-05-19 22:58:30'),(192,'e8bf2268-bb94-11eb-98fb-283926e47295','Bradtke, Morar and Hansen',62,0,'1976-05-16',1,'1980-09-27 04:27:15','1998-11-15 04:05:37'),(193,'e8bff632-bb94-11eb-98fb-283926e47295','Weissnat-Haley',63,0,'1982-07-03',1,'1970-07-11 22:27:02','1997-05-24 05:03:37'),(194,'e8c0ca9b-bb94-11eb-98fb-283926e47295','Greenholt, Thiel and Waters',64,0,'2014-03-06',1,'1980-03-28 12:52:58','1975-07-13 12:35:33'),(195,'e8c1c798-bb94-11eb-98fb-283926e47295','Cole, Gleichner and Christiansen',65,0,'2005-01-30',1,'1970-10-25 08:55:18','2016-01-11 22:06:37'),(196,'e8c2851c-bb94-11eb-98fb-283926e47295','Wuckert-Schaden',66,0,'1973-12-20',1,'1973-10-22 03:06:19','1976-02-04 00:53:49'),(197,'e8c34801-bb94-11eb-98fb-283926e47295','Fay-Stamm',67,0,'1979-01-19',1,'2002-03-19 19:27:16','1984-12-12 21:16:56'),(198,'e8c42582-bb94-11eb-98fb-283926e47295','Christiansen Ltd',68,0,'1997-07-21',1,'2010-11-25 22:06:38','2014-10-15 19:42:05'),(199,'e8c51101-bb94-11eb-98fb-283926e47295','Farrell-Miller',69,0,'1974-01-15',1,'2008-08-11 08:38:36','1995-04-27 19:19:39'),(200,'e8c618d9-bb94-11eb-98fb-283926e47295','Kohler Group',70,0,'1971-07-26',1,'1980-12-16 09:59:32','2011-11-11 07:56:15'),(201,'e8c6e8a2-bb94-11eb-98fb-283926e47295','Parisian PLC',71,0,'1972-04-08',1,'1970-05-07 21:51:39','1979-09-03 17:43:20'),(202,'e8c7b4de-bb94-11eb-98fb-283926e47295','Koelpin-Gislason',72,0,'2008-04-06',1,'1980-07-05 11:54:45','2009-05-06 01:51:56'),(203,'e8c8839e-bb94-11eb-98fb-283926e47295','Dietrich Inc',73,0,'2013-11-22',1,'1981-08-20 15:31:40','2017-10-05 14:20:40'),(204,'e8c9c32f-bb94-11eb-98fb-283926e47295','Reichel, Willms and Ryan',74,0,'1979-03-01',1,'2008-10-01 11:26:58','2003-10-06 11:27:50'),(205,'e8ca6480-bb94-11eb-98fb-283926e47295','Krajcik-Olson',75,0,'2005-12-31',1,'1994-11-15 09:41:35','2016-01-08 20:32:40'),(206,'e8cb1529-bb94-11eb-98fb-283926e47295','Pfeffer LLC',76,0,'1989-10-09',1,'2012-07-20 05:41:51','1971-09-27 06:32:08'),(207,'e8cc31db-bb94-11eb-98fb-283926e47295','Casper, Hessel and Yost',77,0,'1997-03-02',1,'2002-08-17 11:30:22','1977-10-08 16:43:57'),(208,'e8cce32c-bb94-11eb-98fb-283926e47295','Hackett Ltd',78,0,'1970-03-09',1,'1986-06-14 02:05:19','1977-05-23 20:56:37'),(209,'e8cdbbb1-bb94-11eb-98fb-283926e47295','Beier, Armstrong and Keebler',79,0,'2006-01-18',1,'1991-05-15 10:27:06','2017-02-25 20:01:53'),(210,'e8ceb780-bb94-11eb-98fb-283926e47295','Okuneva and Sons',80,0,'1991-12-07',1,'2004-04-17 04:40:11','2010-06-04 18:08:09'),(211,'e8cf796e-bb94-11eb-98fb-283926e47295','Huel, Smitham and Walsh',81,0,'1970-12-26',1,'2009-03-03 01:29:47','1972-06-24 01:10:31'),(212,'e8d03975-bb94-11eb-98fb-283926e47295','Von PLC',82,0,'2008-01-21',1,'1981-12-14 00:51:22','1980-05-12 00:10:13'),(213,'e8d0f104-bb94-11eb-98fb-283926e47295','Purdy, Franecki and Schaden',83,0,'2004-12-20',1,'2012-03-13 19:12:30','1974-02-01 20:41:07'),(214,'e8d1a635-bb94-11eb-98fb-283926e47295','Harber-Welch',84,0,'2012-07-30',1,'1979-04-28 19:38:13','1974-08-10 06:18:09'),(215,'ea0495c2-bb94-11eb-98fb-283926e47295','Yost-Funk',85,0,'2016-09-16',1,'1979-08-07 06:09:14','1999-04-21 05:08:40');
/*!40000 ALTER TABLE `shops` ENABLE KEYS */;
UNLOCK TABLES;
/*!50003 SET @saved_cs_client      = @@character_set_client */ ;
/*!50003 SET @saved_cs_results     = @@character_set_results */ ;
/*!50003 SET @saved_col_connection = @@collation_connection */ ;
/*!50003 SET character_set_client  = utf8mb4 */ ;
/*!50003 SET character_set_results = utf8mb4 */ ;
/*!50003 SET collation_connection  = utf8mb4_0900_ai_ci */ ;
/*!50003 SET @saved_sql_mode       = @@sql_mode */ ;
/*!50003 SET sql_mode              = 'ONLY_FULL_GROUP_BY,STRICT_TRANS_TABLES,NO_ZERO_IN_DATE,NO_ZERO_DATE,ERROR_FOR_DIVISION_BY_ZERO,NO_ENGINE_SUBSTITUTION' */ ;
DELIMITER ;;
/*!50003 CREATE*/ /*!50017 DEFINER=`root`@`localhost`*/ /*!50003 TRIGGER `before_insert_s` BEFORE INSERT ON `shops` FOR EACH ROW BEGIN
  IF new.external_id IS NULL THEN
    SET new.external_id = uuid();
  END IF;
END */;;
DELIMITER ;
/*!50003 SET sql_mode              = @saved_sql_mode */ ;
/*!50003 SET character_set_client  = @saved_cs_client */ ;
/*!50003 SET character_set_results = @saved_cs_results */ ;
/*!50003 SET collation_connection  = @saved_col_connection */ ;

--
-- Temporary view structure for view `sold_products`
--

DROP TABLE IF EXISTS `sold_products`;
/*!50001 DROP VIEW IF EXISTS `sold_products`*/;
SET @saved_cs_client     = @@character_set_client;
/*!50503 SET character_set_client = utf8mb4 */;
/*!50001 CREATE VIEW `sold_products` AS SELECT 
 1 AS `product_id`,
 1 AS `product_name`,
 1 AS `sum`*/;
SET character_set_client = @saved_cs_client;

--
-- Final view structure for view `clients_information`
--

/*!50001 DROP VIEW IF EXISTS `clients_information`*/;
/*!50001 SET @saved_cs_client          = @@character_set_client */;
/*!50001 SET @saved_cs_results         = @@character_set_results */;
/*!50001 SET @saved_col_connection     = @@collation_connection */;
/*!50001 SET character_set_client      = utf8mb4 */;
/*!50001 SET character_set_results     = utf8mb4 */;
/*!50001 SET collation_connection      = utf8mb4_0900_ai_ci */;
/*!50001 CREATE ALGORITHM=UNDEFINED */
/*!50013 DEFINER=`root`@`localhost` SQL SECURITY DEFINER */
/*!50001 VIEW `clients_information` AS select `cl`.`id` AS `client`,concat(`cl`.`name`,' ',substr(`cl`.`second_name`,1,1),'. ',`cl`.`surname`) AS `full_name`,`cl`.`external_id` AS `id`,((year(curdate()) - year(`cl`.`birthday`)) - (right(curdate(),5) < right(`cl`.`birthday`,5))) AS `age`,`bb`.`balance` AS `b_balance`,`cd`.`discount` AS `discount` from ((`clients` `cl` left join (select `bonus_balance`.`client_id` AS `client_id`,max(`bonus_balance`.`quantity`) AS `balance` from `bonus_balance` group by `bonus_balance`.`client_id`) `bb` on((`cl`.`id` = `bb`.`client_id`))) left join (select `current_discount`.`client_id` AS `client_id`,max(`current_discount`.`discount`) AS `discount` from `current_discount` group by `current_discount`.`client_id`) `cd` on((`cl`.`id` = `cd`.`client_id`))) */;
/*!50001 SET character_set_client      = @saved_cs_client */;
/*!50001 SET character_set_results     = @saved_cs_results */;
/*!50001 SET collation_connection      = @saved_col_connection */;

--
-- Final view structure for view `sold_products`
--

/*!50001 DROP VIEW IF EXISTS `sold_products`*/;
/*!50001 SET @saved_cs_client          = @@character_set_client */;
/*!50001 SET @saved_cs_results         = @@character_set_results */;
/*!50001 SET @saved_col_connection     = @@collation_connection */;
/*!50001 SET character_set_client      = utf8mb4 */;
/*!50001 SET character_set_results     = utf8mb4 */;
/*!50001 SET collation_connection      = utf8mb4_0900_ai_ci */;
/*!50001 CREATE ALGORITHM=UNDEFINED */
/*!50013 DEFINER=`root`@`localhost` SQL SECURITY DEFINER */
/*!50001 VIEW `sold_products` AS select `sales_products`.`product_id` AS `product_id`,`products`.`name` AS `product_name`,sum(`sales_products`.`sum`) AS `sum` from (`sales_products` left join `products` on((`sales_products`.`product_id` = `products`.`id`))) group by `sales_products`.`product_id`,`product_name` order by `product_name` */;
/*!50001 SET character_set_client      = @saved_cs_client */;
/*!50001 SET character_set_results     = @saved_cs_results */;
/*!50001 SET collation_connection      = @saved_col_connection */;
/*!40103 SET TIME_ZONE=@OLD_TIME_ZONE */;

/*!40101 SET SQL_MODE=@OLD_SQL_MODE */;
/*!40014 SET FOREIGN_KEY_CHECKS=@OLD_FOREIGN_KEY_CHECKS */;
/*!40014 SET UNIQUE_CHECKS=@OLD_UNIQUE_CHECKS */;
/*!40101 SET CHARACTER_SET_CLIENT=@OLD_CHARACTER_SET_CLIENT */;
/*!40101 SET CHARACTER_SET_RESULTS=@OLD_CHARACTER_SET_RESULTS */;
/*!40101 SET COLLATION_CONNECTION=@OLD_COLLATION_CONNECTION */;
/*!40111 SET SQL_NOTES=@OLD_SQL_NOTES */;

-- Dump completed on 2021-05-23 15:50:28
